date,warehouse_code,customer_id,order_id,route_id,product_id,quantity
2026-06-22 14:43:49.598296,CEDI-01,689886443,2026062278055,R-20260622-93,SVC-001,50
2026-06-22 14:43:49.598296,CEDI-01,689886443,2026062278055,R-20260622-93,TRBT-004,35
2026-06-22 14:43:49.598296,CEDI-01,689886443,2026062278055,R-20260622-93,CONS-002,45
2026-06-22 14:43:49.598296,CEDI-01,689886443,2026062278055,R-20260622-93,TRBT-010,35
2026-06-22 14:43:49.598296,CEDI-01,689886443,2026062278055,R-20260622-93,ACC-002,45
2026-06-22 14:43:49.598296,CEDI-01,689886443,2026062278055,R-20260622-93,TRBT-009,5
2026-06-22 14:43:49.598296,CEDI-01,689886443,2026062278055,R-20260622-93,CONS-001,20
2026-06-22 14:43:49.598296,CEDI-01,689886443,2026062278055,R-20260622-93,TRBT-001,50
2026-06-22 14:43:49.598296,CEDI-01,215285748,2026062232638,R-20260622-93,TRBT-006,20
2026-06-22 14:43:49.598296,CEDI-01,215285748,2026062232638,R-20260622-93,TRBT-003,35
2026-06-22 14:43:49.598296,CEDI-01,215285748,2026062232638,R-20260622-93,ACC-001,30
2026-06-22 14:43:49.598296,CEDI-01,912383923,2026062299020,R-20260622-93,TRBT-005,40
2026-06-22 14:43:49.598296,CEDI-01,912383923,2026062299020,R-20260622-93,TRBT-009,35
2026-06-22 14:43:49.598296,CEDI-01,912383923,2026062299020,R-20260622-93,CONS-003,5
2026-06-22 14:43:49.598296,CEDI-01,912383923,2026062299020,R-20260622-93,TRBT-004,40
2026-06-22 14:43:49.598296,CEDI-01,912383923,2026062299020,R-20260622-93,CONS-001,30
2026-06-22 14:43:49.598296,CEDI-01,912383923,2026062299020,R-20260622-93,ACC-004,10
2026-06-22 14:43:49.598296,CEDI-01,60033670,2026062274633,R-20260622-93,ACC-001,10
2026-06-22 14:43:49.598296,CEDI-01,60033670,2026062274633,R-20260622-93,CONS-002,25
2026-06-22 14:43:49.598296,CEDI-01,60033670,2026062274633,R-20260622-93,ACC-004,5
2026-06-22 14:43:49.598296,CEDI-01,60033670,2026062274633,R-20260622-93,TRBT-004,5
2026-06-22 14:43:49.598296,CEDI-01,60033670,2026062274633,R-20260622-93,TRBT-008,5
2026-06-22 14:43:49.598296,CEDI-01,60033670,2026062274633,R-20260622-93,CONS-001,15
2026-06-22 14:43:49.598296,CEDI-01,60033670,2026062274633,R-20260622-93,ACC-003,50
2026-06-22 14:43:49.598296,CEDI-01,60033670,2026062274633,R-20260622-93,SVC-002,40
2026-06-22 14:43:49.598296,CEDI-01,60033670,2026062274633,R-20260622-93,CONS-003,20
2026-06-22 14:43:49.598296,CEDI-01,60033670,2026062274633,R-20260622-93,TRBT-010,30
2026-06-22 14:43:49.598296,CEDI-01,60033670,2026062274633,R-20260622-93,TRBT-003,50
2026-06-22 14:43:49.598296,CEDI-01,60033670,2026062274633,R-20260622-93,SVC-001,20
2026-06-22 14:43:49.598296,CEDI-01,60033670,2026062274633,R-20260622-93,TRBT-001,50
2026-06-22 14:43:49.598296,CEDI-01,60033670,2026062274633,R-20260622-93,TRBT-005,15
2026-06-22 14:43:49.598296,CEDI-01,60033670,2026062274633,R-20260622-93,TRBT-006,20
2026-06-22 14:43:49.598296,CEDI-01,60033670,2026062274633,R-20260622-93,ACC-002,45
2026-06-22 14:43:49.598296,CEDI-01,60033670,2026062274633,R-20260622-93,TRBT-009,35
2026-06-22 14:43:49.598296,CEDI-01,60033670,2026062274633,R-20260622-93,TRBT-007,35
2026-06-22 14:43:49.598296,CEDI-01,353823158,2026062260271,R-20260622-93,TRBT-003,45
2026-06-22 14:43:49.598296,CEDI-01,353823158,2026062260271,R-20260622-93,SVC-002,30
2026-06-22 14:43:49.598296,CEDI-01,353823158,2026062260271,R-20260622-93,SVC-001,40
2026-06-22 14:43:49.598296,CEDI-01,353823158,2026062260271,R-20260622-93,TRBT-007,20
2026-06-22 14:43:49.598296,CEDI-01,353823158,2026062260271,R-20260622-93,TRBT-009,35
2026-06-22 14:43:49.598296,CEDI-01,353823158,2026062260271,R-20260622-93,TRBT-002,5
2026-06-22 14:43:49.598296,CEDI-01,353823158,2026062260271,R-20260622-93,ACC-002,20
2026-06-22 14:43:49.598296,CEDI-01,353823158,2026062260271,R-20260622-93,CONS-002,15
2026-06-22 14:43:49.598296,CEDI-01,353823158,2026062260271,R-20260622-93,CONS-003,50
2026-06-22 14:43:49.598296,CEDI-01,799345411,2026062230695,R-20260622-93,TRBT-009,15
2026-06-22 14:43:49.598296,CEDI-01,799345411,2026062230695,R-20260622-93,CONS-001,45
2026-06-22 14:43:49.598296,CEDI-01,799345411,2026062230695,R-20260622-93,TRBT-010,35
2026-06-22 14:43:49.598296,CEDI-01,799345411,2026062230695,R-20260622-93,ACC-003,35
2026-06-22 14:43:49.598296,CEDI-01,799345411,2026062230695,R-20260622-93,CONS-002,40
2026-06-22 14:43:49.598296,CEDI-01,799345411,2026062230695,R-20260622-93,TRBT-008,10
2026-06-22 14:43:49.598296,CEDI-01,799345411,2026062230695,R-20260622-93,TRBT-005,45
2026-06-22 14:43:49.598296,CEDI-01,799345411,2026062230695,R-20260622-93,ACC-002,35
2026-06-22 14:43:49.598296,CEDI-01,799345411,2026062230695,R-20260622-93,TRBT-004,30
2026-06-22 14:43:49.598296,CEDI-01,788914916,2026062217543,R-20260622-93,ACC-003,45
2026-06-22 14:43:49.598296,CEDI-01,788914916,2026062217543,R-20260622-93,TRBT-008,10
2026-06-22 14:43:49.598296,CEDI-01,788914916,2026062217543,R-20260622-93,ACC-001,10
2026-06-22 14:43:49.598296,CEDI-01,788914916,2026062217543,R-20260622-93,TRBT-004,35
2026-06-22 14:43:49.598296,CEDI-01,788914916,2026062217543,R-20260622-93,CONS-002,15
2026-06-22 14:43:49.598296,CEDI-01,788914916,2026062217543,R-20260622-93,TRBT-002,50
2026-06-22 14:43:49.598296,CEDI-01,788914916,2026062217543,R-20260622-93,ACC-004,15
2026-06-22 14:43:49.598296,CEDI-01,788914916,2026062217543,R-20260622-93,ACC-002,20
2026-06-22 14:43:49.598296,CEDI-01,788914916,2026062217543,R-20260622-93,TRBT-001,50
2026-06-22 14:43:49.598296,CEDI-01,788914916,2026062217543,R-20260622-93,CONS-003,50
2026-06-22 14:43:49.598296,CEDI-01,788914916,2026062217543,R-20260622-93,TRBT-009,45
2026-06-22 14:43:49.598296,CEDI-01,788914916,2026062217543,R-20260622-93,CONS-001,35
2026-06-22 14:43:49.598296,CEDI-01,788914916,2026062217543,R-20260622-93,TRBT-010,35
2026-06-22 14:43:49.598296,CEDI-01,788914916,2026062217543,R-20260622-93,TRBT-007,35
2026-06-22 14:43:49.598296,CEDI-01,788914916,2026062217543,R-20260622-93,TRBT-003,40
2026-06-22 14:43:49.598296,CEDI-01,788914916,2026062217543,R-20260622-93,TRBT-006,25
2026-06-22 14:43:49.598296,CEDI-01,788914916,2026062217543,R-20260622-93,SVC-002,50
2026-06-22 14:43:49.598296,CEDI-01,788914916,2026062217543,R-20260622-93,TRBT-005,35
2026-06-22 14:43:49.598296,CEDI-01,788914916,2026062217543,R-20260622-93,SVC-001,10
2026-06-22 14:43:49.598296,CEDI-01,994428497,2026062242793,R-20260622-93,CONS-001,35
2026-06-22 14:43:49.598296,CEDI-01,994428497,2026062242793,R-20260622-93,TRBT-008,5
2026-06-22 14:43:49.598296,CEDI-01,260065888,2026062234199,R-20260622-93,TRBT-001,15
2026-06-22 14:43:49.598296,CEDI-01,260065888,2026062234199,R-20260622-93,CONS-003,15
2026-06-22 14:43:49.598296,CEDI-01,260065888,2026062234199,R-20260622-93,SVC-002,50
2026-06-22 14:43:49.598296,CEDI-01,260065888,2026062234199,R-20260622-93,TRBT-009,15
2026-06-22 14:43:49.598296,CEDI-01,260065888,2026062234199,R-20260622-93,SVC-001,20
2026-06-22 14:43:49.598296,CEDI-01,260065888,2026062234199,R-20260622-93,ACC-001,15
2026-06-22 14:43:49.598296,CEDI-01,260065888,2026062234199,R-20260622-93,TRBT-010,50
2026-06-22 14:43:49.598296,CEDI-01,260065888,2026062234199,R-20260622-93,TRBT-002,25
2026-06-22 14:43:49.598296,CEDI-01,260065888,2026062234199,R-20260622-93,ACC-003,25
2026-06-22 14:43:49.598296,CEDI-01,260065888,2026062234199,R-20260622-93,ACC-004,45
2026-06-22 14:43:49.598296,CEDI-01,260065888,2026062234199,R-20260622-93,ACC-002,45
2026-06-22 14:43:49.598296,CEDI-01,260065888,2026062234199,R-20260622-93,TRBT-007,5
2026-06-22 14:43:49.598296,CEDI-01,260065888,2026062234199,R-20260622-93,TRBT-004,10
2026-06-22 14:43:49.598296,CEDI-01,260065888,2026062234199,R-20260622-93,TRBT-005,40
2026-06-22 14:43:49.598296,CEDI-01,260065888,2026062234199,R-20260622-93,TRBT-008,10
2026-06-22 14:43:49.598296,CEDI-01,260065888,2026062234199,R-20260622-93,CONS-001,15
2026-06-22 14:43:49.598296,CEDI-01,260065888,2026062234199,R-20260622-93,TRBT-006,10
2026-06-22 14:43:49.598296,CEDI-01,260065888,2026062234199,R-20260622-93,CONS-002,15
2026-06-22 14:43:49.598296,CEDI-01,722387564,2026062272540,R-20260622-93,TRBT-009,15
2026-06-22 14:43:49.598296,CEDI-01,722387564,2026062272540,R-20260622-93,CONS-001,35
2026-06-22 14:43:49.598296,CEDI-01,722387564,2026062272540,R-20260622-93,TRBT-001,40
2026-06-22 14:43:49.598296,CEDI-01,722387564,2026062272540,R-20260622-93,TRBT-003,25
2026-06-22 14:43:49.598296,CEDI-01,722387564,2026062272540,R-20260622-93,CONS-002,40
2026-06-22 14:43:49.598296,CEDI-01,722387564,2026062272540,R-20260622-93,TRBT-010,20
2026-06-22 14:43:49.598296,CEDI-01,722387564,2026062272540,R-20260622-93,TRBT-008,20
2026-06-22 14:43:49.598296,CEDI-01,722387564,2026062272540,R-20260622-93,ACC-003,25
2026-06-22 14:43:49.598296,CEDI-01,853806808,2026062274823,R-20260622-93,SVC-002,20
2026-06-22 14:43:49.598296,CEDI-01,853806808,2026062274823,R-20260622-93,TRBT-007,15
2026-06-22 14:43:49.598296,CEDI-01,853806808,2026062274823,R-20260622-93,CONS-002,25
2026-06-22 14:43:49.598296,CEDI-01,853806808,2026062274823,R-20260622-93,TRBT-006,40
2026-06-22 14:43:49.598296,CEDI-01,853806808,2026062274823,R-20260622-93,TRBT-001,35
2026-06-22 14:43:49.598296,CEDI-01,853806808,2026062274823,R-20260622-93,TRBT-010,50
2026-06-22 14:43:49.598296,CEDI-01,853806808,2026062274823,R-20260622-93,ACC-004,30
2026-06-22 14:43:49.598296,CEDI-01,853806808,2026062274823,R-20260622-93,TRBT-003,25
2026-06-22 14:43:49.598296,CEDI-01,853806808,2026062274823,R-20260622-93,CONS-001,50
2026-06-22 14:43:49.598296,CEDI-01,853806808,2026062274823,R-20260622-93,SVC-001,35
2026-06-22 14:43:49.598296,CEDI-01,853806808,2026062274823,R-20260622-93,ACC-003,35
2026-06-22 14:43:49.598296,CEDI-01,533806984,2026062240053,R-20260622-93,CONS-002,15
2026-06-22 14:43:49.598296,CEDI-01,889511992,2026062279036,R-20260622-93,TRBT-008,30
2026-06-22 14:43:49.598296,CEDI-01,889511992,2026062279036,R-20260622-93,SVC-001,45
2026-06-22 14:43:49.598296,CEDI-01,889511992,2026062279036,R-20260622-93,CONS-001,30
2026-06-22 14:43:49.598296,CEDI-01,889511992,2026062279036,R-20260622-93,TRBT-006,10
2026-06-22 14:43:49.598296,CEDI-01,889511992,2026062279036,R-20260622-93,CONS-003,25
2026-06-22 14:43:49.598296,CEDI-01,889511992,2026062279036,R-20260622-93,SVC-002,10
2026-06-22 14:43:49.598296,CEDI-01,889511992,2026062279036,R-20260622-93,TRBT-002,15
2026-06-22 14:43:49.598296,CEDI-01,889511992,2026062279036,R-20260622-93,ACC-003,40
2026-06-22 14:43:49.598296,CEDI-01,889511992,2026062279036,R-20260622-93,CONS-002,15
2026-06-22 14:43:49.598296,CEDI-01,889511992,2026062279036,R-20260622-93,TRBT-003,10
2026-06-22 14:43:49.598296,CEDI-01,889511992,2026062279036,R-20260622-93,ACC-002,20
2026-06-22 14:43:49.598296,CEDI-01,889511992,2026062279036,R-20260622-93,TRBT-001,45
2026-06-22 14:43:49.598296,CEDI-01,889511992,2026062279036,R-20260622-93,TRBT-004,5
2026-06-22 14:43:49.598296,CEDI-01,889511992,2026062279036,R-20260622-93,TRBT-009,10
2026-06-22 14:43:49.598296,CEDI-01,889511992,2026062279036,R-20260622-93,TRBT-005,45
2026-06-22 14:43:49.598296,CEDI-01,889511992,2026062279036,R-20260622-93,ACC-004,20
2026-06-22 14:43:49.598296,CEDI-01,889511992,2026062279036,R-20260622-93,TRBT-007,15
2026-06-22 14:43:49.598296,CEDI-01,838393152,2026062264603,R-20260622-93,TRBT-002,15
2026-06-22 14:43:49.598296,CEDI-01,838393152,2026062264603,R-20260622-93,TRBT-003,10
2026-06-22 14:43:49.598296,CEDI-01,838393152,2026062264603,R-20260622-93,TRBT-004,5
2026-06-22 14:43:49.598296,CEDI-01,838393152,2026062264603,R-20260622-93,TRBT-001,40
2026-06-22 14:43:49.598296,CEDI-01,838393152,2026062264603,R-20260622-93,ACC-001,40
2026-06-22 14:43:49.598296,CEDI-01,838393152,2026062264603,R-20260622-93,TRBT-006,40
2026-06-22 14:43:49.598296,CEDI-01,838393152,2026062264603,R-20260622-93,TRBT-005,35
2026-06-22 14:43:49.598296,CEDI-01,838393152,2026062264603,R-20260622-93,SVC-002,10
2026-06-22 14:43:49.598296,CEDI-01,838393152,2026062264603,R-20260622-93,SVC-001,50
2026-06-22 14:43:49.598296,CEDI-01,838393152,2026062264603,R-20260622-93,TRBT-009,25
2026-06-22 14:43:49.598296,CEDI-01,838393152,2026062264603,R-20260622-93,CONS-003,45
2026-06-22 14:43:49.598296,CEDI-01,838393152,2026062264603,R-20260622-93,ACC-004,20
2026-06-22 14:43:49.598296,CEDI-01,838393152,2026062264603,R-20260622-93,CONS-001,15
2026-06-22 14:43:49.598296,CEDI-01,838393152,2026062264603,R-20260622-93,TRBT-008,20
2026-06-22 14:43:49.598296,CEDI-01,838393152,2026062264603,R-20260622-93,ACC-002,15
2026-06-22 14:43:49.598296,CEDI-01,838393152,2026062264603,R-20260622-93,ACC-003,35
2026-06-22 14:43:49.598296,CEDI-01,838393152,2026062264603,R-20260622-93,CONS-002,50
2026-06-22 14:43:49.598296,CEDI-01,407168081,2026062250968,R-20260622-93,ACC-003,15
2026-06-22 14:43:49.598296,CEDI-01,562248773,2026062258993,R-20260622-93,TRBT-003,10
2026-06-22 14:43:49.598296,CEDI-01,562248773,2026062258993,R-20260622-93,CONS-003,35
2026-06-22 14:43:49.598296,CEDI-01,562248773,2026062258993,R-20260622-93,TRBT-001,40
2026-06-22 14:43:49.598296,CEDI-01,562248773,2026062258993,R-20260622-93,TRBT-005,15
2026-06-22 14:43:49.598296,CEDI-01,562248773,2026062258993,R-20260622-93,TRBT-010,45
2026-06-22 14:43:49.598296,CEDI-01,562248773,2026062258993,R-20260622-93,TRBT-004,5
2026-06-22 14:43:49.598296,CEDI-01,436731989,2026062292926,R-20260622-93,SVC-002,15
2026-06-22 14:43:49.598296,CEDI-01,436731989,2026062292926,R-20260622-93,ACC-003,45
2026-06-22 14:43:49.598296,CEDI-01,436731989,2026062292926,R-20260622-93,TRBT-006,10
2026-06-22 14:43:49.598296,CEDI-01,436731989,2026062292926,R-20260622-93,ACC-004,25
2026-06-22 14:43:49.598296,CEDI-01,436731989,2026062292926,R-20260622-93,TRBT-001,25
2026-06-22 14:43:49.598296,CEDI-01,436731989,2026062292926,R-20260622-93,CONS-001,10
2026-06-22 14:43:49.598296,CEDI-01,436731989,2026062292926,R-20260622-93,CONS-003,50
2026-06-22 14:43:49.598296,CEDI-01,436731989,2026062292926,R-20260622-93,TRBT-010,15
2026-06-22 14:43:49.598296,CEDI-01,759252742,2026062281305,R-20260622-93,ACC-002,40
2026-06-22 14:43:49.598296,CEDI-01,759252742,2026062281305,R-20260622-93,TRBT-007,45
2026-06-22 14:43:49.598296,CEDI-01,759252742,2026062281305,R-20260622-93,TRBT-008,30
2026-06-22 14:43:49.598296,CEDI-01,759252742,2026062281305,R-20260622-93,TRBT-006,20
2026-06-22 14:43:49.598296,CEDI-01,759252742,2026062281305,R-20260622-93,TRBT-010,15
2026-06-22 14:43:49.598296,CEDI-01,759252742,2026062281305,R-20260622-93,ACC-003,25
2026-06-22 14:43:49.598296,CEDI-01,547649228,2026062271632,R-20260622-93,ACC-004,30
2026-06-22 14:43:49.598296,CEDI-01,547649228,2026062271632,R-20260622-93,TRBT-001,50
2026-06-22 14:43:49.598296,CEDI-01,547649228,2026062271632,R-20260622-93,SVC-002,25
2026-06-22 14:43:49.598296,CEDI-01,547649228,2026062271632,R-20260622-93,CONS-001,20
2026-06-22 14:43:49.598296,CEDI-01,547649228,2026062271632,R-20260622-93,CONS-003,5
2026-06-22 14:43:49.598296,CEDI-01,547649228,2026062271632,R-20260622-93,TRBT-006,15
2026-06-22 14:43:49.598296,CEDI-01,547649228,2026062271632,R-20260622-93,TRBT-003,50
2026-06-22 14:43:49.598296,CEDI-01,547649228,2026062271632,R-20260622-93,TRBT-009,25
2026-06-22 14:43:49.598296,CEDI-01,547649228,2026062271632,R-20260622-93,ACC-001,20
2026-06-22 14:43:49.598296,CEDI-01,547649228,2026062271632,R-20260622-93,TRBT-005,30
2026-06-22 14:43:49.598296,CEDI-01,547649228,2026062271632,R-20260622-93,TRBT-007,15
2026-06-22 14:43:49.598296,CEDI-01,547649228,2026062271632,R-20260622-93,SVC-001,50
2026-06-22 14:43:49.598296,CEDI-01,547649228,2026062271632,R-20260622-93,TRBT-004,20
2026-06-22 14:43:49.598296,CEDI-01,547649228,2026062271632,R-20260622-93,TRBT-002,35
2026-06-22 14:43:49.598296,CEDI-01,547649228,2026062271632,R-20260622-93,ACC-003,10
2026-06-22 14:43:49.598296,CEDI-01,547649228,2026062271632,R-20260622-93,TRBT-008,40
2026-06-22 14:43:49.598296,CEDI-01,217318395,2026062245209,R-20260622-93,ACC-001,45
2026-06-22 14:43:49.598296,CEDI-01,217318395,2026062245209,R-20260622-93,ACC-002,25
2026-06-22 14:43:49.598296,CEDI-01,217318395,2026062245209,R-20260622-93,TRBT-008,40
2026-06-22 14:43:49.598296,CEDI-01,217318395,2026062245209,R-20260622-93,TRBT-002,25
2026-06-22 14:43:49.598296,CEDI-01,217318395,2026062245209,R-20260622-93,TRBT-001,10
2026-06-22 14:43:49.598296,CEDI-01,217318395,2026062245209,R-20260622-93,TRBT-007,50
2026-06-22 14:43:49.598296,CEDI-01,226419240,2026062261824,R-20260622-93,SVC-001,50
2026-06-22 14:43:49.598296,CEDI-01,226419240,2026062261824,R-20260622-93,ACC-003,35
2026-06-22 14:43:49.598296,CEDI-01,226419240,2026062261824,R-20260622-93,CONS-003,5
2026-06-22 14:43:49.598296,CEDI-01,226419240,2026062261824,R-20260622-93,TRBT-007,25
2026-06-22 14:43:49.598296,CEDI-01,226419240,2026062261824,R-20260622-93,TRBT-008,30
2026-06-22 14:43:49.598296,CEDI-01,226419240,2026062261824,R-20260622-93,TRBT-005,40
2026-06-22 14:43:49.598296,CEDI-01,226419240,2026062261824,R-20260622-93,TRBT-001,10
2026-06-22 14:43:49.598296,CEDI-01,226419240,2026062261824,R-20260622-93,TRBT-003,5
2026-06-22 14:43:49.598296,CEDI-01,226419240,2026062261824,R-20260622-93,ACC-002,50
2026-06-22 14:43:49.598296,CEDI-01,226419240,2026062261824,R-20260622-93,CONS-002,10
2026-06-22 14:43:49.598296,CEDI-01,226419240,2026062261824,R-20260622-93,SVC-002,40
2026-06-22 14:43:49.598296,CEDI-01,226419240,2026062261824,R-20260622-93,TRBT-006,10
2026-06-22 14:43:49.598296,CEDI-01,226419240,2026062261824,R-20260622-93,TRBT-009,35
2026-06-22 14:43:49.598296,CEDI-01,226419240,2026062261824,R-20260622-93,TRBT-004,45
2026-06-22 14:43:49.598296,CEDI-01,226419240,2026062261824,R-20260622-93,ACC-004,35
2026-06-22 14:43:49.598296,CEDI-01,544679567,2026062223820,R-20260622-93,SVC-001,5
2026-06-22 14:43:49.598296,CEDI-01,544679567,2026062223820,R-20260622-93,ACC-001,15
2026-06-22 14:43:49.598296,CEDI-01,544679567,2026062223820,R-20260622-93,CONS-001,35
2026-06-22 14:43:49.598296,CEDI-01,544679567,2026062223820,R-20260622-93,TRBT-003,35
2026-06-22 14:43:49.598296,CEDI-01,544679567,2026062223820,R-20260622-93,SVC-002,20
2026-06-22 14:43:49.598296,CEDI-01,544679567,2026062223820,R-20260622-93,TRBT-008,10
2026-06-22 14:43:49.598296,CEDI-01,544679567,2026062223820,R-20260622-93,ACC-004,15
2026-06-22 14:43:49.598296,CEDI-01,544679567,2026062223820,R-20260622-93,CONS-003,15
2026-06-22 14:43:49.598296,CEDI-01,544679567,2026062223820,R-20260622-93,TRBT-001,20
2026-06-22 14:43:49.598296,CEDI-01,544679567,2026062223820,R-20260622-93,TRBT-006,20
2026-06-22 14:43:49.598296,CEDI-01,544679567,2026062223820,R-20260622-93,TRBT-007,20
2026-06-22 14:43:49.598296,CEDI-01,544679567,2026062223820,R-20260622-93,TRBT-005,30
2026-06-22 14:43:49.598296,CEDI-01,544679567,2026062223820,R-20260622-93,CONS-002,10
2026-06-22 14:43:49.598296,CEDI-01,544679567,2026062223820,R-20260622-93,TRBT-009,20
2026-06-22 14:43:49.598296,CEDI-01,544679567,2026062223820,R-20260622-93,ACC-003,45
2026-06-22 14:43:49.598296,CEDI-01,544679567,2026062223820,R-20260622-93,ACC-002,15
2026-06-22 14:43:49.598296,CEDI-01,544679567,2026062223820,R-20260622-93,TRBT-010,30
2026-06-22 14:43:49.598296,CEDI-01,544679567,2026062223820,R-20260622-93,TRBT-002,45
2026-06-22 14:43:49.598296,CEDI-01,544679567,2026062223820,R-20260622-93,TRBT-004,15
2026-06-22 14:43:49.598296,CEDI-01,178128250,2026062227733,R-20260622-93,TRBT-008,35
2026-06-22 14:43:49.598296,CEDI-01,178128250,2026062227733,R-20260622-93,CONS-002,35
2026-06-22 14:43:49.598296,CEDI-01,178128250,2026062227733,R-20260622-93,TRBT-010,50
2026-06-22 14:43:49.598296,CEDI-01,178128250,2026062227733,R-20260622-93,SVC-001,25
2026-06-22 14:43:49.598296,CEDI-01,178128250,2026062227733,R-20260622-93,TRBT-004,50
2026-06-22 14:43:49.598296,CEDI-01,178128250,2026062227733,R-20260622-93,SVC-002,35
2026-06-22 14:43:49.598296,CEDI-01,178128250,2026062227733,R-20260622-93,ACC-004,40
2026-06-22 14:43:49.598296,CEDI-01,178128250,2026062227733,R-20260622-93,ACC-002,30
2026-06-22 14:43:49.598296,CEDI-01,178128250,2026062227733,R-20260622-93,TRBT-009,20
2026-06-22 14:43:49.598296,CEDI-01,178128250,2026062227733,R-20260622-93,CONS-003,40
2026-06-22 14:43:49.598296,CEDI-01,178128250,2026062227733,R-20260622-93,ACC-001,30
2026-06-22 14:43:49.598296,CEDI-01,178128250,2026062227733,R-20260622-93,TRBT-001,30
2026-06-22 14:43:49.598296,CEDI-01,267188624,2026062257345,R-20260622-93,TRBT-006,35
2026-06-22 14:43:49.598296,CEDI-01,267188624,2026062257345,R-20260622-93,SVC-002,15
2026-06-22 14:43:49.598296,CEDI-01,267188624,2026062257345,R-20260622-93,TRBT-004,25
2026-06-22 14:43:49.598296,CEDI-01,267188624,2026062257345,R-20260622-93,CONS-001,20
2026-06-22 14:43:49.598296,CEDI-01,267188624,2026062257345,R-20260622-93,ACC-003,10
2026-06-22 14:43:49.598296,CEDI-01,267188624,2026062257345,R-20260622-93,TRBT-008,40
2026-06-22 14:43:49.598296,CEDI-01,267188624,2026062257345,R-20260622-93,TRBT-009,30
2026-06-22 14:43:49.598296,CEDI-01,267188624,2026062257345,R-20260622-93,CONS-002,50
2026-06-22 14:43:49.598296,CEDI-01,267188624,2026062257345,R-20260622-93,TRBT-001,35
2026-06-22 14:43:49.598296,CEDI-01,267188624,2026062257345,R-20260622-93,ACC-004,30
2026-06-22 14:43:49.598296,CEDI-01,267188624,2026062257345,R-20260622-93,SVC-001,40
2026-06-22 14:43:49.598296,CEDI-01,267188624,2026062257345,R-20260622-93,TRBT-010,15
2026-06-22 14:43:49.598296,CEDI-01,267188624,2026062257345,R-20260622-93,TRBT-003,20
2026-06-22 14:43:49.598296,CEDI-01,267188624,2026062257345,R-20260622-93,ACC-001,15
2026-06-22 14:43:49.598296,CEDI-01,267188624,2026062257345,R-20260622-93,CONS-003,5
2026-06-22 14:43:49.598296,CEDI-01,512745647,2026062210489,R-20260622-93,SVC-002,20
2026-06-22 14:43:49.598296,CEDI-01,512745647,2026062210489,R-20260622-93,CONS-002,40
2026-06-22 14:43:49.598296,CEDI-01,512745647,2026062210489,R-20260622-93,ACC-004,40
2026-06-22 14:43:49.598296,CEDI-01,512745647,2026062210489,R-20260622-93,TRBT-005,40
2026-06-22 14:43:49.598296,CEDI-01,512745647,2026062210489,R-20260622-93,TRBT-001,25
2026-06-22 14:43:49.598296,CEDI-01,512745647,2026062210489,R-20260622-93,TRBT-010,15
2026-06-22 14:43:49.598296,CEDI-01,512745647,2026062210489,R-20260622-93,TRBT-002,45
2026-06-22 14:43:49.598296,CEDI-01,84115641,2026062253044,R-20260622-93,TRBT-007,40
2026-06-22 14:43:49.598296,CEDI-01,84115641,2026062253044,R-20260622-93,TRBT-005,5
2026-06-22 14:43:49.598296,CEDI-01,84115641,2026062253044,R-20260622-93,TRBT-002,30
2026-06-22 14:43:49.598296,CEDI-01,84115641,2026062253044,R-20260622-93,CONS-003,30
2026-06-22 14:43:49.598296,CEDI-01,84115641,2026062253044,R-20260622-93,ACC-002,50
2026-06-22 14:43:49.598296,CEDI-01,84115641,2026062253044,R-20260622-93,ACC-003,30
2026-06-22 14:43:49.598296,CEDI-01,259742120,2026062231193,R-20260622-93,CONS-002,5
2026-06-22 14:43:49.598296,CEDI-01,259742120,2026062231193,R-20260622-93,ACC-001,25
2026-06-22 14:43:49.598296,CEDI-01,259742120,2026062231193,R-20260622-93,TRBT-001,40
2026-06-22 14:43:49.598296,CEDI-01,432758888,2026062225362,R-20260622-93,TRBT-008,50
2026-06-22 14:43:49.598296,CEDI-01,432758888,2026062225362,R-20260622-93,ACC-002,10
2026-06-22 14:43:49.598296,CEDI-01,432758888,2026062225362,R-20260622-93,TRBT-002,50
2026-06-22 14:43:49.598296,CEDI-01,432758888,2026062225362,R-20260622-93,SVC-002,20
2026-06-22 14:43:49.598296,CEDI-01,432758888,2026062225362,R-20260622-93,TRBT-003,15
2026-06-22 14:43:49.598296,CEDI-01,432758888,2026062225362,R-20260622-93,TRBT-004,40
2026-06-22 14:43:49.598296,CEDI-01,432758888,2026062225362,R-20260622-93,ACC-004,15
2026-06-22 14:43:49.598296,CEDI-01,432758888,2026062225362,R-20260622-93,TRBT-006,40
2026-06-22 14:43:49.598296,CEDI-01,281583237,2026062245828,R-20260622-93,TRBT-004,45
2026-06-22 14:43:49.598296,CEDI-01,281583237,2026062245828,R-20260622-93,TRBT-009,35
2026-06-22 14:43:49.598296,CEDI-01,281583237,2026062245828,R-20260622-93,TRBT-003,5
2026-06-22 14:43:49.598296,CEDI-01,281583237,2026062245828,R-20260622-93,TRBT-010,45
2026-06-22 14:43:49.598296,CEDI-01,64084058,2026062298848,R-20260622-93,ACC-001,15
2026-06-22 14:43:49.598296,CEDI-01,64084058,2026062298848,R-20260622-93,ACC-004,30
2026-06-22 14:43:49.598296,CEDI-01,64084058,2026062298848,R-20260622-93,TRBT-010,40
2026-06-22 14:43:49.598296,CEDI-01,64084058,2026062298848,R-20260622-93,ACC-003,5
2026-06-22 14:43:49.598296,CEDI-01,64084058,2026062298848,R-20260622-93,TRBT-002,10
2026-06-22 14:43:49.598296,CEDI-01,64084058,2026062298848,R-20260622-93,ACC-002,20
2026-06-22 14:43:49.598296,CEDI-01,64084058,2026062298848,R-20260622-93,TRBT-004,50
2026-06-22 14:43:49.598296,CEDI-01,64084058,2026062298848,R-20260622-93,TRBT-008,40
2026-06-22 14:43:49.598296,CEDI-01,64084058,2026062298848,R-20260622-93,TRBT-003,25
2026-06-22 14:43:49.598296,CEDI-01,64084058,2026062298848,R-20260622-93,TRBT-006,20
2026-06-22 14:43:49.598296,CEDI-01,64084058,2026062298848,R-20260622-93,SVC-002,50
2026-06-22 14:43:49.598296,CEDI-01,64084058,2026062298848,R-20260622-93,TRBT-007,20
2026-06-22 14:43:49.598296,CEDI-01,64084058,2026062298848,R-20260622-93,CONS-001,45
2026-06-22 14:43:49.598296,CEDI-01,64084058,2026062298848,R-20260622-93,TRBT-005,50
2026-06-22 14:43:49.598296,CEDI-01,64084058,2026062298848,R-20260622-93,CONS-003,45
2026-06-22 14:43:49.598296,CEDI-01,64084058,2026062298848,R-20260622-93,SVC-001,25
2026-06-22 14:43:49.598296,CEDI-01,64084058,2026062298848,R-20260622-93,CONS-002,50
2026-06-22 14:43:49.598296,CEDI-01,64084058,2026062298848,R-20260622-93,TRBT-009,5
2026-06-22 14:43:49.598296,CEDI-01,804622913,2026062225488,R-20260622-93,TRBT-001,45
2026-06-22 14:43:49.598296,CEDI-01,804622913,2026062225488,R-20260622-93,ACC-002,50
2026-06-22 14:43:49.598296,CEDI-01,804622913,2026062225488,R-20260622-93,SVC-002,25
2026-06-22 14:43:49.598296,CEDI-01,804622913,2026062225488,R-20260622-93,ACC-001,40
2026-06-22 14:43:49.598296,CEDI-01,804622913,2026062225488,R-20260622-93,TRBT-003,50
2026-06-22 14:43:49.598296,CEDI-01,804622913,2026062225488,R-20260622-93,CONS-002,40
2026-06-22 14:43:49.598296,CEDI-01,804622913,2026062225488,R-20260622-93,TRBT-004,40
2026-06-22 14:43:49.598296,CEDI-01,804622913,2026062225488,R-20260622-93,ACC-004,50
2026-06-22 14:43:49.598296,CEDI-01,804622913,2026062225488,R-20260622-93,ACC-003,50
2026-06-22 14:43:49.598296,CEDI-01,804622913,2026062225488,R-20260622-93,CONS-003,45
2026-06-22 14:43:49.598296,CEDI-01,260299943,2026062288102,R-20260622-93,TRBT-002,10
2026-06-22 14:43:49.598296,CEDI-01,260299943,2026062288102,R-20260622-93,CONS-003,50
2026-06-22 14:43:49.598296,CEDI-01,260299943,2026062288102,R-20260622-93,SVC-002,10
2026-06-22 14:43:49.598296,CEDI-01,260299943,2026062288102,R-20260622-93,CONS-001,50
2026-06-22 14:43:49.598296,CEDI-01,260299943,2026062288102,R-20260622-93,TRBT-006,35
2026-06-22 14:43:49.598296,CEDI-01,260299943,2026062288102,R-20260622-93,TRBT-005,15
2026-06-22 14:43:49.598296,CEDI-01,260299943,2026062288102,R-20260622-93,TRBT-007,25
2026-06-22 14:43:49.598296,CEDI-01,260299943,2026062288102,R-20260622-93,TRBT-001,40
2026-06-22 14:43:49.598296,CEDI-01,228545638,2026062271793,R-20260622-93,CONS-003,5
2026-06-22 14:43:49.598296,CEDI-01,228545638,2026062271793,R-20260622-93,TRBT-010,25
2026-06-22 14:43:49.598296,CEDI-01,228545638,2026062271793,R-20260622-93,TRBT-006,35
2026-06-22 14:43:49.598296,CEDI-01,228545638,2026062271793,R-20260622-93,ACC-002,5
2026-06-22 14:43:49.598296,CEDI-01,228545638,2026062271793,R-20260622-93,TRBT-005,30
2026-06-22 14:43:49.598296,CEDI-01,228545638,2026062271793,R-20260622-93,TRBT-007,40
2026-06-22 14:43:49.598296,CEDI-01,228545638,2026062271793,R-20260622-93,SVC-001,35
2026-06-22 14:43:49.598296,CEDI-01,926753320,2026062252559,R-20260622-93,TRBT-002,50
2026-06-22 14:43:49.598296,CEDI-01,926753320,2026062252559,R-20260622-93,TRBT-004,50
2026-06-22 14:43:49.598296,CEDI-01,926753320,2026062252559,R-20260622-93,CONS-001,45
2026-06-22 14:43:49.598296,CEDI-01,926753320,2026062252559,R-20260622-93,SVC-002,5
2026-06-22 14:43:49.598296,CEDI-01,926753320,2026062252559,R-20260622-93,ACC-001,35
2026-06-22 14:43:49.598296,CEDI-01,926753320,2026062252559,R-20260622-93,TRBT-010,35
2026-06-22 14:43:49.598296,CEDI-01,926753320,2026062252559,R-20260622-93,TRBT-005,15
2026-06-22 14:43:49.598296,CEDI-01,926753320,2026062252559,R-20260622-93,TRBT-009,30
2026-06-22 14:43:49.598296,CEDI-01,926753320,2026062252559,R-20260622-93,TRBT-001,10
2026-06-22 14:43:49.598296,CEDI-01,926753320,2026062252559,R-20260622-93,ACC-004,10
2026-06-22 14:43:49.598296,CEDI-01,926753320,2026062252559,R-20260622-93,ACC-003,40
2026-06-22 14:43:49.598296,CEDI-01,926753320,2026062252559,R-20260622-93,TRBT-007,35
2026-06-22 14:43:49.598296,CEDI-01,926753320,2026062252559,R-20260622-93,ACC-002,45
2026-06-22 14:43:49.598296,CEDI-01,447275676,2026062214351,R-20260622-93,CONS-003,5
2026-06-22 14:43:49.598296,CEDI-01,447275676,2026062214351,R-20260622-93,TRBT-002,35
2026-06-22 14:43:49.598296,CEDI-01,864823889,2026062296854,R-20260622-93,SVC-001,35
2026-06-22 14:43:49.598296,CEDI-01,864823889,2026062296854,R-20260622-93,TRBT-006,30
2026-06-22 14:43:49.598296,CEDI-01,864823889,2026062296854,R-20260622-93,TRBT-002,45
2026-06-22 14:43:49.598296,CEDI-01,864823889,2026062296854,R-20260622-93,CONS-003,20
2026-06-22 14:43:49.598296,CEDI-01,864823889,2026062296854,R-20260622-93,TRBT-003,25
2026-06-22 14:43:49.598296,CEDI-01,864823889,2026062296854,R-20260622-93,TRBT-004,25
2026-06-22 14:43:49.598296,CEDI-01,864823889,2026062296854,R-20260622-93,TRBT-001,35
2026-06-22 14:43:49.598296,CEDI-01,864823889,2026062296854,R-20260622-93,TRBT-008,5
2026-06-22 14:43:49.598296,CEDI-01,864823889,2026062296854,R-20260622-93,TRBT-005,30
2026-06-22 14:43:49.598296,CEDI-01,566871808,2026062240288,R-20260622-93,TRBT-010,50
2026-06-22 14:43:49.598296,CEDI-01,566871808,2026062240288,R-20260622-93,ACC-004,35
2026-06-22 14:43:49.598296,CEDI-01,566871808,2026062240288,R-20260622-93,SVC-002,5
2026-06-22 14:43:49.598296,CEDI-01,566871808,2026062240288,R-20260622-93,ACC-003,20
2026-06-22 14:43:49.598296,CEDI-01,566871808,2026062240288,R-20260622-93,TRBT-005,5
2026-06-22 14:43:49.598296,CEDI-01,566871808,2026062240288,R-20260622-93,TRBT-001,5
2026-06-22 14:43:49.598296,CEDI-01,566871808,2026062240288,R-20260622-93,SVC-001,20
2026-06-22 14:43:49.598296,CEDI-01,566871808,2026062240288,R-20260622-93,TRBT-002,35
2026-06-22 14:43:49.598296,CEDI-01,566871808,2026062240288,R-20260622-93,ACC-002,40
2026-06-22 14:43:49.598296,CEDI-01,566871808,2026062240288,R-20260622-93,ACC-001,15
2026-06-22 14:43:49.598296,CEDI-01,566871808,2026062240288,R-20260622-93,CONS-003,35
2026-06-22 14:43:49.598296,CEDI-01,566871808,2026062240288,R-20260622-93,TRBT-006,40
2026-06-22 14:43:49.598296,CEDI-01,566871808,2026062240288,R-20260622-93,CONS-001,25
2026-06-22 14:43:49.598296,CEDI-01,566871808,2026062240288,R-20260622-93,TRBT-009,25
2026-06-22 14:43:49.598296,CEDI-01,566871808,2026062240288,R-20260622-93,TRBT-004,35
2026-06-22 14:43:49.598296,CEDI-01,566871808,2026062240288,R-20260622-93,TRBT-007,10
2026-06-22 14:43:49.598296,CEDI-01,566871808,2026062240288,R-20260622-93,TRBT-003,10
2026-06-22 14:43:49.598296,CEDI-01,168674434,2026062294688,R-20260622-93,SVC-002,40
2026-06-22 14:43:49.598296,CEDI-01,168674434,2026062294688,R-20260622-93,TRBT-001,20
2026-06-22 14:43:49.598296,CEDI-01,168674434,2026062294688,R-20260622-93,TRBT-010,10
2026-06-22 14:43:49.598296,CEDI-01,579882424,2026062253616,R-20260622-93,TRBT-007,25
2026-06-22 14:43:49.598296,CEDI-01,579882424,2026062253616,R-20260622-93,TRBT-001,45
2026-06-22 14:43:49.598296,CEDI-01,579882424,2026062253616,R-20260622-93,TRBT-003,10
2026-06-22 14:43:49.598296,CEDI-01,579882424,2026062253616,R-20260622-93,ACC-003,25
2026-06-22 14:43:49.598296,CEDI-01,579882424,2026062253616,R-20260622-93,ACC-004,35
2026-06-22 14:43:49.598296,CEDI-01,579882424,2026062253616,R-20260622-93,TRBT-005,20
2026-06-22 14:43:49.598296,CEDI-01,579882424,2026062253616,R-20260622-93,TRBT-009,20
2026-06-22 14:43:49.598296,CEDI-01,579882424,2026062253616,R-20260622-93,CONS-003,45
2026-06-22 14:43:49.598296,CEDI-01,828800568,2026062275190,R-20260622-93,ACC-003,15
2026-06-22 14:43:49.598296,CEDI-01,828800568,2026062275190,R-20260622-93,TRBT-006,5
2026-06-22 14:43:49.598296,CEDI-01,828800568,2026062275190,R-20260622-93,TRBT-004,5
2026-06-22 14:43:49.598296,CEDI-01,828800568,2026062275190,R-20260622-93,TRBT-009,10
2026-06-22 14:43:49.598296,CEDI-01,828800568,2026062275190,R-20260622-93,CONS-001,35
2026-06-22 14:43:49.598296,CEDI-01,828800568,2026062275190,R-20260622-93,SVC-001,15
2026-06-22 14:43:49.598296,CEDI-01,828800568,2026062275190,R-20260622-93,ACC-001,40
2026-06-22 14:43:49.598296,CEDI-01,828800568,2026062275190,R-20260622-93,ACC-002,35
2026-06-22 14:43:49.598296,CEDI-01,828800568,2026062275190,R-20260622-93,TRBT-005,15
2026-06-22 14:43:49.598296,CEDI-01,828800568,2026062275190,R-20260622-93,TRBT-008,45
2026-06-22 14:43:49.598296,CEDI-01,828800568,2026062275190,R-20260622-93,SVC-002,50
2026-06-22 14:43:49.598296,CEDI-02,157918628,2026062235725,R-20260622-96,ACC-001,45
2026-06-22 14:43:49.598296,CEDI-02,157918628,2026062235725,R-20260622-96,TRBT-003,40
2026-06-22 14:43:49.598296,CEDI-02,157918628,2026062235725,R-20260622-96,TRBT-010,30
2026-06-22 14:43:49.598296,CEDI-02,157918628,2026062235725,R-20260622-96,ACC-002,10
2026-06-22 14:43:49.598296,CEDI-02,157918628,2026062235725,R-20260622-96,ACC-004,5
2026-06-22 14:43:49.598296,CEDI-02,157918628,2026062235725,R-20260622-96,TRBT-009,30
2026-06-22 14:43:49.598296,CEDI-02,157918628,2026062235725,R-20260622-96,TRBT-007,10
2026-06-22 14:43:49.598296,CEDI-02,157918628,2026062235725,R-20260622-96,TRBT-008,50
2026-06-22 14:43:49.598296,CEDI-02,157918628,2026062235725,R-20260622-96,CONS-003,40
2026-06-22 14:43:49.598296,CEDI-02,157918628,2026062235725,R-20260622-96,CONS-001,35
2026-06-22 14:43:49.598296,CEDI-02,157918628,2026062235725,R-20260622-96,SVC-002,5
2026-06-22 14:43:49.598296,CEDI-02,157918628,2026062235725,R-20260622-96,TRBT-005,10
2026-06-22 14:43:49.598296,CEDI-02,157918628,2026062235725,R-20260622-96,ACC-003,20
2026-06-22 14:43:49.598296,CEDI-02,157918628,2026062235725,R-20260622-96,CONS-002,10
2026-06-22 14:43:49.598296,CEDI-02,157918628,2026062235725,R-20260622-96,SVC-001,45
2026-06-22 14:43:49.598296,CEDI-02,157918628,2026062235725,R-20260622-96,TRBT-004,30
2026-06-22 14:43:49.598296,CEDI-02,157918628,2026062235725,R-20260622-96,TRBT-006,15
2026-06-22 14:43:49.598296,CEDI-02,157918628,2026062235725,R-20260622-96,TRBT-002,40
2026-06-22 14:43:49.598296,CEDI-02,157918628,2026062235725,R-20260622-96,TRBT-001,45
2026-06-22 14:43:49.598296,CEDI-02,716474896,2026062228658,R-20260622-96,TRBT-010,10
2026-06-22 14:43:49.598296,CEDI-02,716474896,2026062228658,R-20260622-96,ACC-001,50
2026-06-22 14:43:49.598296,CEDI-02,716474896,2026062228658,R-20260622-96,ACC-003,50
2026-06-22 14:43:49.598296,CEDI-02,716474896,2026062228658,R-20260622-96,TRBT-003,50
2026-06-22 14:43:49.598296,CEDI-02,716474896,2026062228658,R-20260622-96,CONS-003,45
2026-06-22 14:43:49.598296,CEDI-02,716474896,2026062228658,R-20260622-96,TRBT-008,15
2026-06-22 14:43:49.598296,CEDI-02,716474896,2026062228658,R-20260622-96,SVC-002,45
2026-06-22 14:43:49.598296,CEDI-02,716474896,2026062228658,R-20260622-96,CONS-002,30
2026-06-22 14:43:49.598296,CEDI-02,716474896,2026062228658,R-20260622-96,TRBT-009,10
2026-06-22 14:43:49.598296,CEDI-02,716474896,2026062228658,R-20260622-96,TRBT-001,5
2026-06-22 14:43:49.598296,CEDI-02,716474896,2026062228658,R-20260622-96,TRBT-006,5
2026-06-22 14:43:49.598296,CEDI-02,716474896,2026062228658,R-20260622-96,TRBT-005,10
2026-06-22 14:43:49.598296,CEDI-02,716474896,2026062228658,R-20260622-96,SVC-001,25
2026-06-22 14:43:49.598296,CEDI-02,716474896,2026062228658,R-20260622-96,ACC-002,20
2026-06-22 14:43:49.598296,CEDI-02,716474896,2026062228658,R-20260622-96,TRBT-004,30
2026-06-22 14:43:49.598296,CEDI-02,716474896,2026062228658,R-20260622-96,TRBT-002,40
2026-06-22 14:43:49.598296,CEDI-02,776974951,2026062274194,R-20260622-96,TRBT-009,20
2026-06-22 14:43:49.598296,CEDI-02,776974951,2026062274194,R-20260622-96,CONS-003,5
2026-06-22 14:43:49.598296,CEDI-02,776974951,2026062274194,R-20260622-96,TRBT-002,10
2026-06-22 14:43:49.598296,CEDI-02,776974951,2026062274194,R-20260622-96,TRBT-004,5
2026-06-22 14:43:49.598296,CEDI-02,776974951,2026062274194,R-20260622-96,TRBT-005,25
2026-06-22 14:43:49.598296,CEDI-02,776974951,2026062274194,R-20260622-96,TRBT-008,5
2026-06-22 14:43:49.598296,CEDI-02,776974951,2026062274194,R-20260622-96,TRBT-001,20
2026-06-22 14:43:49.598296,CEDI-02,776974951,2026062274194,R-20260622-96,ACC-003,30
2026-06-22 14:43:49.598296,CEDI-02,776974951,2026062274194,R-20260622-96,ACC-001,30
2026-06-22 14:43:49.598296,CEDI-02,776974951,2026062274194,R-20260622-96,SVC-002,10
2026-06-22 14:43:49.598296,CEDI-02,776974951,2026062274194,R-20260622-96,SVC-001,35
2026-06-22 14:43:49.598296,CEDI-02,553493099,2026062272359,R-20260622-96,CONS-001,35
2026-06-22 14:43:49.598296,CEDI-02,553493099,2026062272359,R-20260622-96,ACC-003,50
2026-06-22 14:43:49.598296,CEDI-02,553493099,2026062272359,R-20260622-96,TRBT-006,35
2026-06-22 14:43:49.598296,CEDI-02,553493099,2026062272359,R-20260622-96,TRBT-009,15
2026-06-22 14:43:49.598296,CEDI-02,553493099,2026062272359,R-20260622-96,TRBT-004,35
2026-06-22 14:43:49.598296,CEDI-02,553493099,2026062272359,R-20260622-96,CONS-003,10
2026-06-22 14:43:49.598296,CEDI-02,553493099,2026062272359,R-20260622-96,ACC-004,25
2026-06-22 14:43:49.598296,CEDI-02,553493099,2026062272359,R-20260622-96,SVC-001,5
2026-06-22 14:43:49.598296,CEDI-02,553493099,2026062272359,R-20260622-96,SVC-002,45
2026-06-22 14:43:49.598296,CEDI-02,553493099,2026062272359,R-20260622-96,TRBT-007,50
2026-06-22 14:43:49.598296,CEDI-02,553493099,2026062272359,R-20260622-96,TRBT-002,25
2026-06-22 14:43:49.598296,CEDI-02,742793569,2026062261467,R-20260622-96,CONS-002,40
2026-06-22 14:43:49.598296,CEDI-02,742793569,2026062261467,R-20260622-96,ACC-002,40
2026-06-22 14:43:49.598296,CEDI-02,742793569,2026062261467,R-20260622-96,ACC-003,20
2026-06-22 14:43:49.598296,CEDI-02,742793569,2026062261467,R-20260622-96,TRBT-010,30
2026-06-22 14:43:49.598296,CEDI-02,742793569,2026062261467,R-20260622-96,CONS-003,30
2026-06-22 14:43:49.598296,CEDI-02,742793569,2026062261467,R-20260622-96,SVC-002,40
2026-06-22 14:43:49.598296,CEDI-02,635660716,2026062296547,R-20260622-96,TRBT-006,30
2026-06-22 14:43:49.598296,CEDI-02,635660716,2026062296547,R-20260622-96,CONS-001,5
2026-06-22 14:43:49.598296,CEDI-02,635660716,2026062296547,R-20260622-96,TRBT-003,30
2026-06-22 14:43:49.598296,CEDI-02,635660716,2026062296547,R-20260622-96,CONS-002,10
2026-06-22 14:43:49.598296,CEDI-02,605043282,2026062293481,R-20260622-96,SVC-002,45
2026-06-22 14:43:49.598296,CEDI-02,605043282,2026062293481,R-20260622-96,ACC-002,5
2026-06-22 14:43:49.598296,CEDI-02,605043282,2026062293481,R-20260622-96,CONS-003,40
2026-06-22 14:43:49.598296,CEDI-02,605043282,2026062293481,R-20260622-96,SVC-001,20
2026-06-22 14:43:49.598296,CEDI-02,605043282,2026062293481,R-20260622-96,ACC-001,20
2026-06-22 14:43:49.598296,CEDI-02,605043282,2026062293481,R-20260622-96,TRBT-003,45
2026-06-22 14:43:49.598296,CEDI-02,605043282,2026062293481,R-20260622-96,TRBT-009,5
2026-06-22 14:43:49.598296,CEDI-02,605043282,2026062293481,R-20260622-96,ACC-004,40
2026-06-22 14:43:49.598296,CEDI-02,605043282,2026062293481,R-20260622-96,TRBT-005,25
2026-06-22 14:43:49.598296,CEDI-02,605043282,2026062293481,R-20260622-96,TRBT-008,20
2026-06-22 14:43:49.598296,CEDI-02,605043282,2026062293481,R-20260622-96,CONS-002,5
2026-06-22 14:43:49.598296,CEDI-02,586533066,2026062212077,R-20260622-96,TRBT-009,10
2026-06-22 14:43:49.598296,CEDI-02,586533066,2026062212077,R-20260622-96,ACC-001,50
2026-06-22 14:43:49.598296,CEDI-02,586533066,2026062212077,R-20260622-96,TRBT-005,15
2026-06-22 14:43:49.598296,CEDI-02,586533066,2026062212077,R-20260622-96,TRBT-007,30
2026-06-22 14:43:49.598296,CEDI-02,586533066,2026062212077,R-20260622-96,CONS-001,30
2026-06-22 14:43:49.598296,CEDI-02,586533066,2026062212077,R-20260622-96,ACC-002,35
2026-06-22 14:43:49.598296,CEDI-02,586533066,2026062212077,R-20260622-96,ACC-004,20
2026-06-22 14:43:49.598296,CEDI-02,586533066,2026062212077,R-20260622-96,CONS-002,5
2026-06-22 14:43:49.598296,CEDI-02,586533066,2026062212077,R-20260622-96,TRBT-002,25
2026-06-22 14:43:49.598296,CEDI-02,586533066,2026062212077,R-20260622-96,SVC-002,5
2026-06-22 14:43:49.598296,CEDI-02,586533066,2026062212077,R-20260622-96,ACC-003,40
2026-06-22 14:43:49.598296,CEDI-02,777153351,2026062218589,R-20260622-96,CONS-002,30
2026-06-22 14:43:49.598296,CEDI-02,777153351,2026062218589,R-20260622-96,TRBT-002,40
2026-06-22 14:43:49.598296,CEDI-02,777153351,2026062218589,R-20260622-96,SVC-002,45
2026-06-22 14:43:49.598296,CEDI-02,777153351,2026062218589,R-20260622-96,CONS-001,5
2026-06-22 14:43:49.598296,CEDI-02,575123121,2026062256900,R-20260622-96,TRBT-002,35
2026-06-22 14:43:49.598296,CEDI-02,575123121,2026062256900,R-20260622-96,CONS-001,25
2026-06-22 14:43:49.598296,CEDI-02,575123121,2026062256900,R-20260622-96,ACC-003,35
2026-06-22 14:43:49.598296,CEDI-02,575123121,2026062256900,R-20260622-96,TRBT-010,20
2026-06-22 14:43:49.598296,CEDI-02,575123121,2026062256900,R-20260622-96,CONS-003,35
2026-06-22 14:43:49.598296,CEDI-02,575123121,2026062256900,R-20260622-96,TRBT-005,50
2026-06-22 14:43:49.598296,CEDI-02,575123121,2026062256900,R-20260622-96,SVC-001,10
2026-06-22 14:43:49.598296,CEDI-02,575123121,2026062256900,R-20260622-96,SVC-002,15
2026-06-22 14:43:49.598296,CEDI-02,575123121,2026062256900,R-20260622-96,TRBT-007,35
2026-06-22 14:43:49.598296,CEDI-02,575123121,2026062256900,R-20260622-96,TRBT-006,40
2026-06-22 14:43:49.598296,CEDI-02,575123121,2026062256900,R-20260622-96,TRBT-009,5
2026-06-22 14:43:49.598296,CEDI-02,575123121,2026062256900,R-20260622-96,TRBT-008,5
2026-06-22 14:43:49.598296,CEDI-02,575123121,2026062256900,R-20260622-96,ACC-002,50
2026-06-22 14:43:49.598296,CEDI-02,575123121,2026062256900,R-20260622-96,ACC-004,10
2026-06-22 14:43:49.598296,CEDI-02,899555409,2026062256363,R-20260622-96,TRBT-004,45
2026-06-22 14:43:49.598296,CEDI-02,899555409,2026062256363,R-20260622-96,ACC-004,40
2026-06-22 14:43:49.598296,CEDI-02,899555409,2026062256363,R-20260622-96,CONS-001,5
2026-06-22 14:43:49.598296,CEDI-02,899555409,2026062256363,R-20260622-96,TRBT-001,40
2026-06-22 14:43:49.598296,CEDI-02,899555409,2026062256363,R-20260622-96,SVC-002,45
2026-06-22 14:43:49.598296,CEDI-02,899555409,2026062256363,R-20260622-96,TRBT-006,25
2026-06-22 14:43:49.598296,CEDI-02,899555409,2026062256363,R-20260622-96,TRBT-003,40
2026-06-22 14:43:49.598296,CEDI-02,899555409,2026062256363,R-20260622-96,ACC-003,40
2026-06-22 14:43:49.598296,CEDI-02,405292411,2026062293681,R-20260622-96,TRBT-001,10
2026-06-22 14:43:49.598296,CEDI-02,405292411,2026062293681,R-20260622-96,SVC-002,20
2026-06-22 14:43:49.598296,CEDI-02,405292411,2026062293681,R-20260622-96,TRBT-005,50
2026-06-22 14:43:49.598296,CEDI-02,405292411,2026062293681,R-20260622-96,TRBT-006,40
2026-06-22 14:43:49.598296,CEDI-02,405292411,2026062293681,R-20260622-96,TRBT-002,10
2026-06-22 14:43:49.598296,CEDI-02,405292411,2026062293681,R-20260622-96,TRBT-007,45
2026-06-22 14:43:49.598296,CEDI-02,571708893,2026062248931,R-20260622-96,TRBT-006,40
2026-06-22 14:43:49.598296,CEDI-02,571708893,2026062248931,R-20260622-96,ACC-004,20
2026-06-22 14:43:49.598296,CEDI-02,571708893,2026062248931,R-20260622-96,TRBT-008,50
2026-06-22 14:43:49.598296,CEDI-02,571708893,2026062248931,R-20260622-96,CONS-003,30
2026-06-22 14:43:49.598296,CEDI-02,571708893,2026062248931,R-20260622-96,SVC-001,45
2026-06-22 14:43:49.598296,CEDI-02,571708893,2026062248931,R-20260622-96,ACC-002,15
2026-06-22 14:43:49.598296,CEDI-02,571708893,2026062248931,R-20260622-96,TRBT-010,25
2026-06-22 14:43:49.598296,CEDI-02,571708893,2026062248931,R-20260622-96,SVC-002,5
2026-06-22 14:43:49.598296,CEDI-02,571708893,2026062248931,R-20260622-96,TRBT-005,40
2026-06-22 14:43:49.598296,CEDI-02,571708893,2026062248931,R-20260622-96,TRBT-004,30
2026-06-22 14:43:49.598296,CEDI-02,571708893,2026062248931,R-20260622-96,CONS-001,40
2026-06-22 14:43:49.598296,CEDI-02,571708893,2026062248931,R-20260622-96,TRBT-009,35
2026-06-22 14:43:49.598296,CEDI-02,571708893,2026062248931,R-20260622-96,CONS-002,20
2026-06-22 14:43:49.598296,CEDI-02,571708893,2026062248931,R-20260622-96,TRBT-002,40
2026-06-22 14:43:49.598296,CEDI-02,571708893,2026062248931,R-20260622-96,ACC-001,20
2026-06-22 14:43:49.598296,CEDI-02,571708893,2026062248931,R-20260622-96,TRBT-003,30
2026-06-22 14:43:49.598296,CEDI-02,571708893,2026062248931,R-20260622-96,TRBT-007,20
2026-06-22 14:43:49.598296,CEDI-02,571708893,2026062248931,R-20260622-96,ACC-003,20
2026-06-22 14:43:49.598296,CEDI-02,571708893,2026062248931,R-20260622-96,TRBT-001,35
2026-06-22 14:43:49.598296,CEDI-02,472823206,2026062212742,R-20260622-96,TRBT-003,15
2026-06-22 14:43:49.598296,CEDI-02,472823206,2026062212742,R-20260622-96,SVC-001,30
2026-06-22 14:43:49.598296,CEDI-02,472823206,2026062212742,R-20260622-96,ACC-004,45
2026-06-22 14:43:49.598296,CEDI-02,472823206,2026062212742,R-20260622-96,ACC-001,45
2026-06-22 14:43:49.598296,CEDI-02,472823206,2026062212742,R-20260622-96,TRBT-010,30
2026-06-22 14:43:49.598296,CEDI-02,472823206,2026062212742,R-20260622-96,TRBT-007,35
2026-06-22 14:43:49.598296,CEDI-02,472823206,2026062212742,R-20260622-96,TRBT-008,50
2026-06-22 14:43:49.598296,CEDI-02,472823206,2026062212742,R-20260622-96,ACC-002,30
2026-06-22 14:43:49.598296,CEDI-02,472823206,2026062212742,R-20260622-96,CONS-002,25
2026-06-22 14:43:49.598296,CEDI-02,472823206,2026062212742,R-20260622-96,TRBT-002,50
2026-06-22 14:43:49.598296,CEDI-02,472823206,2026062212742,R-20260622-96,TRBT-006,40
2026-06-22 14:43:49.598296,CEDI-02,472823206,2026062212742,R-20260622-96,CONS-001,25
2026-06-22 14:43:49.598296,CEDI-02,472823206,2026062212742,R-20260622-96,CONS-003,15
2026-06-22 14:43:49.598296,CEDI-02,472823206,2026062212742,R-20260622-96,TRBT-009,45
2026-06-22 14:43:49.598296,CEDI-02,472823206,2026062212742,R-20260622-96,TRBT-005,15
2026-06-22 14:43:49.598296,CEDI-02,298630933,2026062256418,R-20260622-96,ACC-002,10
2026-06-22 14:43:49.598296,CEDI-02,298630933,2026062256418,R-20260622-96,ACC-004,40
2026-06-22 14:43:49.598296,CEDI-02,298630933,2026062256418,R-20260622-96,ACC-003,5
2026-06-22 14:43:49.598296,CEDI-02,298630933,2026062256418,R-20260622-96,TRBT-006,45
2026-06-22 14:43:49.598296,CEDI-02,298630933,2026062256418,R-20260622-96,TRBT-004,15
2026-06-22 14:43:49.598296,CEDI-02,298630933,2026062256418,R-20260622-96,TRBT-002,50
2026-06-22 14:43:49.598296,CEDI-02,298630933,2026062256418,R-20260622-96,CONS-001,5
2026-06-22 14:43:49.598296,CEDI-02,298630933,2026062256418,R-20260622-96,TRBT-008,40
2026-06-22 14:43:49.598296,CEDI-02,298630933,2026062256418,R-20260622-96,CONS-003,45
2026-06-22 14:43:49.598296,CEDI-02,298630933,2026062256418,R-20260622-96,CONS-002,20
2026-06-22 14:43:49.598296,CEDI-02,298630933,2026062256418,R-20260622-96,TRBT-005,30
2026-06-22 14:43:49.598296,CEDI-02,298630933,2026062256418,R-20260622-96,TRBT-003,5
2026-06-22 14:43:49.598296,CEDI-02,298630933,2026062256418,R-20260622-96,TRBT-009,35
2026-06-22 14:43:49.598296,CEDI-02,298630933,2026062256418,R-20260622-96,SVC-002,35
2026-06-22 14:43:49.598296,CEDI-02,298630933,2026062256418,R-20260622-96,ACC-001,30
2026-06-22 14:43:49.598296,CEDI-02,298630933,2026062256418,R-20260622-96,TRBT-001,20
2026-06-22 14:43:49.598296,CEDI-02,298630933,2026062256418,R-20260622-96,TRBT-010,50
2026-06-22 14:43:49.598296,CEDI-02,168682741,2026062263485,R-20260622-96,TRBT-010,45
2026-06-22 14:43:49.598296,CEDI-02,168682741,2026062263485,R-20260622-96,CONS-001,25
2026-06-22 14:43:49.598296,CEDI-02,168682741,2026062263485,R-20260622-96,ACC-002,25
2026-06-22 14:43:49.598296,CEDI-02,111930915,2026062288528,R-20260622-96,CONS-001,45
2026-06-22 14:43:49.598296,CEDI-02,111930915,2026062288528,R-20260622-96,TRBT-005,30
2026-06-22 14:43:49.598296,CEDI-02,111930915,2026062288528,R-20260622-96,TRBT-001,5
2026-06-22 14:43:49.598296,CEDI-02,111930915,2026062288528,R-20260622-96,TRBT-006,20
2026-06-22 14:43:49.598296,CEDI-02,111930915,2026062288528,R-20260622-96,TRBT-007,20
2026-06-22 14:43:49.598296,CEDI-02,111930915,2026062288528,R-20260622-96,CONS-003,30
2026-06-22 14:43:49.598296,CEDI-02,111930915,2026062288528,R-20260622-96,TRBT-009,50
2026-06-22 14:43:49.598296,CEDI-02,111930915,2026062288528,R-20260622-96,CONS-002,50
2026-06-22 14:43:49.598296,CEDI-02,111930915,2026062288528,R-20260622-96,TRBT-003,50
2026-06-22 14:43:49.598296,CEDI-02,111930915,2026062288528,R-20260622-96,TRBT-008,10
2026-06-22 14:43:49.598296,CEDI-02,111930915,2026062288528,R-20260622-96,ACC-002,25
2026-06-22 14:43:49.598296,CEDI-02,111930915,2026062288528,R-20260622-96,TRBT-004,50
2026-06-22 14:43:49.598296,CEDI-02,528711492,2026062225022,R-20260622-96,ACC-003,35
2026-06-22 14:43:49.598296,CEDI-02,528711492,2026062225022,R-20260622-96,TRBT-002,50
2026-06-22 14:43:49.598296,CEDI-02,696812818,2026062239971,R-20260622-96,ACC-002,45
2026-06-22 14:43:49.598296,CEDI-02,696812818,2026062239971,R-20260622-96,TRBT-006,50
2026-06-22 14:43:49.598296,CEDI-02,267314928,2026062244879,R-20260622-96,ACC-003,25
2026-06-22 14:43:49.598296,CEDI-02,267314928,2026062244879,R-20260622-96,ACC-004,10
2026-06-22 14:43:49.598296,CEDI-03,351558361,2026062263607,R-20260622-19,SVC-002,25
2026-06-22 14:43:49.598296,CEDI-03,351558361,2026062263607,R-20260622-19,ACC-001,35
2026-06-22 14:43:49.598296,CEDI-03,351558361,2026062263607,R-20260622-19,TRBT-005,25
2026-06-22 14:43:49.598296,CEDI-03,351558361,2026062263607,R-20260622-19,TRBT-007,5
2026-06-22 14:43:49.598296,CEDI-03,351558361,2026062263607,R-20260622-19,ACC-002,40
2026-06-22 14:43:49.598296,CEDI-03,433382190,2026062247196,R-20260622-19,ACC-001,35
2026-06-22 14:43:49.598296,CEDI-03,433382190,2026062247196,R-20260622-19,TRBT-007,45
2026-06-22 14:43:49.598296,CEDI-03,433382190,2026062247196,R-20260622-19,SVC-001,25
2026-06-22 14:43:49.598296,CEDI-03,433382190,2026062247196,R-20260622-19,ACC-003,45
2026-06-22 14:43:49.598296,CEDI-03,433382190,2026062247196,R-20260622-19,SVC-002,5
2026-06-22 14:43:49.598296,CEDI-03,433382190,2026062247196,R-20260622-19,ACC-004,45
2026-06-22 14:43:49.598296,CEDI-03,433382190,2026062247196,R-20260622-19,ACC-002,40
2026-06-22 14:43:49.598296,CEDI-03,329591266,2026062243123,R-20260622-19,TRBT-001,45
2026-06-22 14:43:49.598296,CEDI-03,518827851,2026062237132,R-20260622-19,TRBT-001,30
2026-06-22 14:43:49.598296,CEDI-03,518827851,2026062237132,R-20260622-19,CONS-003,40
2026-06-22 14:43:49.598296,CEDI-03,518827851,2026062237132,R-20260622-19,TRBT-009,35
2026-06-22 14:43:49.598296,CEDI-03,518827851,2026062237132,R-20260622-19,SVC-002,15
2026-06-22 14:43:49.598296,CEDI-03,518827851,2026062237132,R-20260622-19,CONS-002,35
2026-06-22 14:43:49.598296,CEDI-03,518827851,2026062237132,R-20260622-19,ACC-003,15
2026-06-22 14:43:49.598296,CEDI-03,518827851,2026062237132,R-20260622-19,ACC-001,30
2026-06-22 14:43:49.598296,CEDI-03,518827851,2026062237132,R-20260622-19,ACC-004,25
2026-06-22 14:43:49.598296,CEDI-03,518827851,2026062237132,R-20260622-19,TRBT-008,40
2026-06-22 14:43:49.598296,CEDI-03,518827851,2026062237132,R-20260622-19,TRBT-005,50
2026-06-22 14:43:49.598296,CEDI-03,518827851,2026062237132,R-20260622-19,ACC-002,25
2026-06-22 14:43:49.598296,CEDI-03,577606379,2026062291944,R-20260622-19,TRBT-007,40
2026-06-22 14:43:49.598296,CEDI-03,577606379,2026062291944,R-20260622-19,ACC-004,5
2026-06-22 14:43:49.598296,CEDI-03,577606379,2026062291944,R-20260622-19,TRBT-001,5
2026-06-22 14:43:49.598296,CEDI-03,577606379,2026062291944,R-20260622-19,TRBT-005,5
2026-06-22 14:43:49.598296,CEDI-03,577606379,2026062291944,R-20260622-19,ACC-002,40
2026-06-22 14:43:49.598296,CEDI-03,577606379,2026062291944,R-20260622-19,TRBT-003,40
2026-06-22 14:43:49.598296,CEDI-03,577606379,2026062291944,R-20260622-19,TRBT-010,40
2026-06-22 14:43:49.598296,CEDI-03,577606379,2026062291944,R-20260622-19,TRBT-008,10
2026-06-22 14:43:49.598296,CEDI-03,349404868,2026062248389,R-20260622-19,TRBT-002,25
2026-06-22 14:43:49.598296,CEDI-03,349404868,2026062248389,R-20260622-19,TRBT-005,50
2026-06-22 14:43:49.598296,CEDI-03,349404868,2026062248389,R-20260622-19,TRBT-007,15
2026-06-22 14:43:49.598296,CEDI-03,349404868,2026062248389,R-20260622-19,TRBT-006,5
2026-06-22 14:43:49.598296,CEDI-03,349404868,2026062248389,R-20260622-19,CONS-002,25
2026-06-22 14:43:49.598296,CEDI-03,349404868,2026062248389,R-20260622-19,TRBT-004,20
2026-06-22 14:43:49.598296,CEDI-03,349404868,2026062248389,R-20260622-19,ACC-003,5
2026-06-22 14:43:49.598296,CEDI-03,349404868,2026062248389,R-20260622-19,TRBT-001,5
2026-06-22 14:43:49.598296,CEDI-03,349404868,2026062248389,R-20260622-19,TRBT-010,15
2026-06-22 14:43:49.598296,CEDI-03,349404868,2026062248389,R-20260622-19,SVC-001,35
2026-06-22 14:43:49.598296,CEDI-03,349404868,2026062248389,R-20260622-19,CONS-003,30
2026-06-22 14:43:49.598296,CEDI-03,349404868,2026062248389,R-20260622-19,SVC-002,35
2026-06-22 14:43:49.598296,CEDI-03,349404868,2026062248389,R-20260622-19,ACC-004,15
2026-06-22 14:43:49.598296,CEDI-03,349404868,2026062248389,R-20260622-19,TRBT-008,40
2026-06-22 14:43:49.598296,CEDI-03,349404868,2026062248389,R-20260622-19,CONS-001,5
2026-06-22 14:43:49.598296,CEDI-03,349404868,2026062248389,R-20260622-19,TRBT-003,10
2026-06-22 14:43:49.598296,CEDI-03,349404868,2026062248389,R-20260622-19,ACC-001,5
2026-06-22 14:43:49.598296,CEDI-03,349404868,2026062248389,R-20260622-19,TRBT-009,30
2026-06-22 14:43:49.598296,CEDI-03,166412180,2026062221921,R-20260622-19,ACC-001,30
2026-06-22 14:43:49.598296,CEDI-03,166412180,2026062221921,R-20260622-19,TRBT-008,45
2026-06-22 14:43:49.598296,CEDI-03,166412180,2026062221921,R-20260622-19,TRBT-007,35
2026-06-22 14:43:49.598296,CEDI-03,166412180,2026062221921,R-20260622-19,TRBT-010,40
2026-06-22 14:43:49.598296,CEDI-03,166412180,2026062221921,R-20260622-19,TRBT-006,25
2026-06-22 14:43:49.598296,CEDI-03,872522235,2026062263443,R-20260622-19,TRBT-005,45
2026-06-22 14:43:49.598296,CEDI-03,872522235,2026062263443,R-20260622-19,TRBT-003,45
2026-06-22 14:43:49.598296,CEDI-03,872522235,2026062263443,R-20260622-19,ACC-002,35
2026-06-22 14:43:49.598296,CEDI-03,872522235,2026062263443,R-20260622-19,CONS-002,30
2026-06-22 14:43:49.598296,CEDI-03,872522235,2026062263443,R-20260622-19,TRBT-010,35
2026-06-22 14:43:49.598296,CEDI-03,872522235,2026062263443,R-20260622-19,ACC-004,25
2026-06-22 14:43:49.598296,CEDI-03,872522235,2026062263443,R-20260622-19,ACC-001,25
2026-06-22 14:43:49.598296,CEDI-03,872522235,2026062263443,R-20260622-19,CONS-001,15
2026-06-22 14:43:49.598296,CEDI-03,872522235,2026062263443,R-20260622-19,TRBT-002,50
2026-06-22 14:43:49.598296,CEDI-03,872522235,2026062263443,R-20260622-19,TRBT-001,25
2026-06-22 14:43:49.598296,CEDI-03,872522235,2026062263443,R-20260622-19,TRBT-004,35
2026-06-22 14:43:49.598296,CEDI-03,872522235,2026062263443,R-20260622-19,TRBT-009,35
2026-06-22 14:43:49.598296,CEDI-03,872522235,2026062263443,R-20260622-19,SVC-002,50
2026-06-22 14:43:49.598296,CEDI-03,872522235,2026062263443,R-20260622-19,SVC-001,30
2026-06-22 14:43:49.598296,CEDI-03,872522235,2026062263443,R-20260622-19,TRBT-006,50
2026-06-22 14:43:49.598296,CEDI-03,872522235,2026062263443,R-20260622-19,ACC-003,30
2026-06-22 14:43:49.598296,CEDI-03,872522235,2026062263443,R-20260622-19,TRBT-007,10
2026-06-22 14:43:49.598296,CEDI-03,581134791,2026062244749,R-20260622-19,TRBT-008,5
2026-06-22 14:43:49.598296,CEDI-03,581134791,2026062244749,R-20260622-19,SVC-001,20
2026-06-22 14:43:49.598296,CEDI-03,581134791,2026062244749,R-20260622-19,ACC-004,30
2026-06-22 14:43:49.598296,CEDI-03,581134791,2026062244749,R-20260622-19,CONS-002,35
2026-06-22 14:43:49.598296,CEDI-03,581134791,2026062244749,R-20260622-19,TRBT-004,15
2026-06-22 14:43:49.598296,CEDI-03,581134791,2026062244749,R-20260622-19,ACC-002,20
2026-06-22 14:43:49.598296,CEDI-03,581134791,2026062244749,R-20260622-19,TRBT-002,35
2026-06-22 14:43:49.598296,CEDI-03,581134791,2026062244749,R-20260622-19,ACC-003,40
2026-06-22 14:43:49.598296,CEDI-03,581134791,2026062244749,R-20260622-19,TRBT-001,45
2026-06-22 14:43:49.598296,CEDI-03,581134791,2026062244749,R-20260622-19,CONS-003,20
2026-06-22 14:43:49.598296,CEDI-03,581134791,2026062244749,R-20260622-19,ACC-001,20
2026-06-22 14:43:49.598296,CEDI-03,581134791,2026062244749,R-20260622-19,TRBT-007,40
2026-06-22 14:43:49.598296,CEDI-03,581134791,2026062244749,R-20260622-19,TRBT-005,10
2026-06-22 14:43:49.598296,CEDI-03,204886596,2026062291913,R-20260622-19,CONS-002,35
2026-06-22 14:43:49.598296,CEDI-03,204886596,2026062291913,R-20260622-19,ACC-002,45
2026-06-22 14:43:49.598296,CEDI-03,204886596,2026062291913,R-20260622-19,ACC-001,25
2026-06-22 14:43:49.598296,CEDI-03,204886596,2026062291913,R-20260622-19,CONS-001,30
2026-06-22 14:43:49.598296,CEDI-03,204886596,2026062291913,R-20260622-19,SVC-002,25
2026-06-22 14:43:49.598296,CEDI-03,171224790,2026062211062,R-20260622-19,CONS-001,15
2026-06-22 14:43:49.598296,CEDI-03,171224790,2026062211062,R-20260622-19,TRBT-009,40
2026-06-22 14:43:49.598296,CEDI-03,171224790,2026062211062,R-20260622-19,TRBT-006,10
2026-06-22 14:43:49.598296,CEDI-03,171224790,2026062211062,R-20260622-19,ACC-001,5
2026-06-22 14:43:49.598296,CEDI-03,171224790,2026062211062,R-20260622-19,ACC-003,35
2026-06-22 14:43:49.598296,CEDI-03,171224790,2026062211062,R-20260622-19,TRBT-007,40
2026-06-22 14:43:49.598296,CEDI-03,171224790,2026062211062,R-20260622-19,TRBT-008,25
2026-06-22 14:43:49.598296,CEDI-03,171224790,2026062211062,R-20260622-19,TRBT-003,45
2026-06-22 14:43:49.598296,CEDI-03,171224790,2026062211062,R-20260622-19,TRBT-002,30
2026-06-22 14:43:49.598296,CEDI-03,171224790,2026062211062,R-20260622-19,SVC-001,20
2026-06-22 14:43:49.598296,CEDI-03,171224790,2026062211062,R-20260622-19,ACC-002,15
2026-06-22 14:43:49.598296,CEDI-03,171224790,2026062211062,R-20260622-19,CONS-003,10
2026-06-22 14:43:49.598296,CEDI-03,171224790,2026062211062,R-20260622-19,TRBT-004,40
2026-06-22 14:43:49.598296,CEDI-03,171224790,2026062211062,R-20260622-19,ACC-004,50
2026-06-22 14:43:49.598296,CEDI-03,171224790,2026062211062,R-20260622-19,TRBT-005,30
2026-06-22 14:43:49.598296,CEDI-03,171224790,2026062211062,R-20260622-19,TRBT-010,5
2026-06-22 14:43:49.598296,CEDI-03,171224790,2026062211062,R-20260622-19,SVC-002,35
2026-06-22 14:43:49.598296,CEDI-03,171224790,2026062211062,R-20260622-19,CONS-002,45
2026-06-22 14:43:49.598296,CEDI-03,171224790,2026062211062,R-20260622-19,TRBT-001,50
2026-06-22 14:43:49.598296,CEDI-03,931985100,2026062266482,R-20260622-19,TRBT-010,5
2026-06-22 14:43:49.598296,CEDI-03,931985100,2026062266482,R-20260622-19,TRBT-008,40
2026-06-22 14:43:49.598296,CEDI-03,931985100,2026062266482,R-20260622-19,SVC-002,50
2026-06-22 14:43:49.598296,CEDI-03,732900279,2026062231211,R-20260622-19,TRBT-002,50
2026-06-22 14:43:49.598296,CEDI-03,732900279,2026062231211,R-20260622-19,TRBT-003,30
2026-06-22 14:43:49.598296,CEDI-03,732900279,2026062231211,R-20260622-19,TRBT-009,20
2026-06-22 14:43:49.598296,CEDI-03,732900279,2026062231211,R-20260622-19,CONS-002,15
2026-06-22 14:43:49.598296,CEDI-03,732900279,2026062231211,R-20260622-19,SVC-001,20
2026-06-22 14:43:49.598296,CEDI-03,732900279,2026062231211,R-20260622-19,TRBT-005,20
2026-06-22 14:43:49.598296,CEDI-03,732900279,2026062231211,R-20260622-19,ACC-004,40
2026-06-22 14:43:49.598296,CEDI-03,732900279,2026062231211,R-20260622-19,CONS-003,30
2026-06-22 14:43:49.598296,CEDI-03,732900279,2026062231211,R-20260622-19,TRBT-010,20
2026-06-22 14:43:49.598296,CEDI-03,732900279,2026062231211,R-20260622-19,ACC-002,25
2026-06-22 14:43:49.598296,CEDI-03,732900279,2026062231211,R-20260622-19,TRBT-001,15
2026-06-22 14:43:49.598296,CEDI-03,732900279,2026062231211,R-20260622-19,TRBT-007,40
2026-06-22 14:43:49.598296,CEDI-03,732900279,2026062231211,R-20260622-19,ACC-003,40
2026-06-22 14:43:49.598296,CEDI-03,732900279,2026062231211,R-20260622-19,CONS-001,50
2026-06-22 14:43:49.598296,CEDI-03,732900279,2026062231211,R-20260622-19,ACC-001,40
2026-06-22 14:43:49.598296,CEDI-03,732900279,2026062231211,R-20260622-19,TRBT-006,40
2026-06-22 14:43:49.598296,CEDI-03,732900279,2026062231211,R-20260622-19,TRBT-004,25
2026-06-22 14:43:49.598296,CEDI-03,732900279,2026062231211,R-20260622-19,SVC-002,20
2026-06-22 14:43:49.598296,CEDI-03,308300574,2026062268048,R-20260622-19,ACC-004,35
2026-06-22 14:43:49.598296,CEDI-03,308300574,2026062268048,R-20260622-19,SVC-002,50
2026-06-22 14:43:49.598296,CEDI-03,308300574,2026062268048,R-20260622-19,CONS-001,35
2026-06-22 14:43:49.598296,CEDI-03,308300574,2026062268048,R-20260622-19,TRBT-002,10
2026-06-22 14:43:49.598296,CEDI-03,308300574,2026062268048,R-20260622-19,TRBT-003,15
2026-06-22 14:43:49.598296,CEDI-03,308300574,2026062268048,R-20260622-19,TRBT-001,35
2026-06-22 14:43:49.598296,CEDI-03,308300574,2026062268048,R-20260622-19,TRBT-004,5
2026-06-22 14:43:49.598296,CEDI-03,308300574,2026062268048,R-20260622-19,TRBT-005,10
2026-06-22 14:43:49.598296,CEDI-03,308300574,2026062268048,R-20260622-19,TRBT-010,5
2026-06-22 14:43:49.598296,CEDI-03,308300574,2026062268048,R-20260622-19,ACC-002,20
2026-06-22 14:43:49.598296,CEDI-03,308300574,2026062268048,R-20260622-19,TRBT-008,30
2026-06-22 14:43:49.598296,CEDI-03,308300574,2026062268048,R-20260622-19,TRBT-007,35
2026-06-22 14:43:49.598296,CEDI-03,308300574,2026062268048,R-20260622-19,SVC-001,35
2026-06-22 14:43:49.598296,CEDI-03,308300574,2026062268048,R-20260622-19,CONS-002,20
2026-06-22 14:43:49.598296,CEDI-03,308300574,2026062268048,R-20260622-19,ACC-001,50
2026-06-22 14:43:49.598296,CEDI-03,308300574,2026062268048,R-20260622-19,ACC-003,10
2026-06-22 14:43:49.598296,CEDI-03,308300574,2026062268048,R-20260622-19,TRBT-006,20
2026-06-22 14:43:49.598296,CEDI-03,308300574,2026062268048,R-20260622-19,TRBT-009,10
2026-06-22 14:43:49.598296,CEDI-03,308300574,2026062268048,R-20260622-19,CONS-003,45
2026-06-22 14:43:49.598296,CEDI-03,322276911,2026062244690,R-20260622-19,TRBT-003,15
2026-06-22 14:43:49.598296,CEDI-03,322276911,2026062244690,R-20260622-19,TRBT-009,30
2026-06-22 14:43:49.598296,CEDI-03,322276911,2026062244690,R-20260622-19,TRBT-001,5
2026-06-22 14:43:49.598296,CEDI-03,322276911,2026062244690,R-20260622-19,TRBT-006,5
2026-06-22 14:43:49.598296,CEDI-03,322276911,2026062244690,R-20260622-19,ACC-004,20
2026-06-22 14:43:49.598296,CEDI-03,322276911,2026062244690,R-20260622-19,CONS-003,40
2026-06-22 14:43:49.598296,CEDI-03,322276911,2026062244690,R-20260622-19,SVC-001,20
2026-06-22 14:43:49.598296,CEDI-03,443629534,2026062266330,R-20260622-19,TRBT-008,50
2026-06-22 14:43:49.598296,CEDI-03,443629534,2026062266330,R-20260622-19,TRBT-004,5
2026-06-22 14:43:49.598296,CEDI-03,443629534,2026062266330,R-20260622-19,ACC-001,20
2026-06-22 14:43:49.598296,CEDI-03,443629534,2026062266330,R-20260622-19,SVC-002,40
2026-06-22 14:43:49.598296,CEDI-03,443629534,2026062266330,R-20260622-19,ACC-002,35
2026-06-22 14:43:49.598296,CEDI-03,443629534,2026062266330,R-20260622-19,TRBT-006,10
2026-06-22 14:43:49.598296,CEDI-03,443629534,2026062266330,R-20260622-19,CONS-003,15
2026-06-22 14:43:49.598296,CEDI-03,443629534,2026062266330,R-20260622-19,TRBT-002,45
2026-06-22 14:43:49.598296,CEDI-03,443629534,2026062266330,R-20260622-19,TRBT-005,25
2026-06-22 14:43:49.598296,CEDI-03,443629534,2026062266330,R-20260622-19,ACC-004,5
2026-06-22 14:43:49.598296,CEDI-03,443629534,2026062266330,R-20260622-19,SVC-001,35
2026-06-22 14:43:49.598296,CEDI-03,443629534,2026062266330,R-20260622-19,TRBT-009,20
2026-06-22 14:43:49.598296,CEDI-03,443629534,2026062266330,R-20260622-19,TRBT-001,5
2026-06-22 14:43:49.598296,CEDI-03,606794252,2026062256352,R-20260622-19,TRBT-010,15
2026-06-22 14:43:49.598296,CEDI-03,606794252,2026062256352,R-20260622-19,ACC-004,50
2026-06-22 14:43:49.598296,CEDI-03,606794252,2026062256352,R-20260622-19,ACC-002,20
2026-06-22 14:43:49.598296,CEDI-03,606794252,2026062256352,R-20260622-19,TRBT-001,5
2026-06-22 14:43:49.598296,CEDI-03,606794252,2026062256352,R-20260622-19,TRBT-003,40
2026-06-22 14:43:49.598296,CEDI-03,606794252,2026062256352,R-20260622-19,TRBT-002,20
2026-06-22 14:43:49.598296,CEDI-03,606794252,2026062256352,R-20260622-19,TRBT-006,50
2026-06-22 14:43:49.598296,CEDI-03,606794252,2026062256352,R-20260622-19,TRBT-009,20
2026-06-22 14:43:49.598296,CEDI-03,606794252,2026062256352,R-20260622-19,ACC-001,45
2026-06-22 14:43:49.598296,CEDI-03,606794252,2026062256352,R-20260622-19,SVC-002,30
2026-06-22 14:43:49.598296,CEDI-03,606794252,2026062256352,R-20260622-19,TRBT-005,45
2026-06-22 14:43:49.598296,CEDI-03,108661430,2026062283050,R-20260622-19,ACC-004,5
2026-06-22 14:43:49.598296,CEDI-03,108661430,2026062283050,R-20260622-19,SVC-002,40
2026-06-22 14:43:49.598296,CEDI-03,108661430,2026062283050,R-20260622-19,ACC-002,45
2026-06-22 14:43:49.598296,CEDI-03,108661430,2026062283050,R-20260622-19,ACC-003,5
2026-06-22 14:43:49.598296,CEDI-03,108661430,2026062283050,R-20260622-19,TRBT-006,15
2026-06-22 14:43:49.598296,CEDI-03,108661430,2026062283050,R-20260622-19,TRBT-008,20
2026-06-22 14:43:49.598296,CEDI-03,108661430,2026062283050,R-20260622-19,TRBT-004,5
2026-06-22 14:43:49.598296,CEDI-03,108661430,2026062283050,R-20260622-19,CONS-002,20
2026-06-22 14:43:49.598296,CEDI-03,108661430,2026062283050,R-20260622-19,TRBT-010,40
2026-06-22 14:43:49.598296,CEDI-03,108661430,2026062283050,R-20260622-19,TRBT-002,15
2026-06-22 14:43:49.598296,CEDI-03,108661430,2026062283050,R-20260622-19,TRBT-001,10
2026-06-22 14:43:49.598296,CEDI-03,108661430,2026062283050,R-20260622-19,TRBT-005,20
2026-06-22 14:43:49.598296,CEDI-03,108661430,2026062283050,R-20260622-19,ACC-001,35
2026-06-22 14:43:49.598296,CEDI-03,108661430,2026062283050,R-20260622-19,TRBT-009,25
2026-06-22 14:43:49.598296,CEDI-03,108661430,2026062283050,R-20260622-19,SVC-001,35
2026-06-22 14:43:49.598296,CEDI-03,108661430,2026062283050,R-20260622-19,TRBT-007,50
2026-06-22 14:43:49.598296,CEDI-03,152454504,2026062288937,R-20260622-19,TRBT-007,20
2026-06-22 14:43:49.598296,CEDI-03,152454504,2026062288937,R-20260622-19,SVC-001,35
2026-06-22 14:43:49.598296,CEDI-03,512214167,2026062223788,R-20260622-19,ACC-001,35
2026-06-22 14:43:49.598296,CEDI-03,512214167,2026062223788,R-20260622-19,TRBT-005,15
2026-06-22 14:43:49.598296,CEDI-03,512214167,2026062223788,R-20260622-19,CONS-002,35
2026-06-22 14:43:49.598296,CEDI-03,512214167,2026062223788,R-20260622-19,ACC-002,20
2026-06-22 14:43:49.598296,CEDI-03,512214167,2026062223788,R-20260622-19,TRBT-003,5
2026-06-22 14:43:49.598296,CEDI-03,292848348,2026062223114,R-20260622-19,CONS-002,50
2026-06-22 14:43:49.598296,CEDI-03,292848348,2026062223114,R-20260622-19,CONS-001,50
2026-06-22 14:43:49.598296,CEDI-03,292848348,2026062223114,R-20260622-19,TRBT-008,50
2026-06-22 14:43:49.598296,CEDI-03,292848348,2026062223114,R-20260622-19,TRBT-001,50
2026-06-22 14:43:49.598296,CEDI-03,292848348,2026062223114,R-20260622-19,TRBT-009,10
2026-06-22 14:43:49.598296,CEDI-03,292848348,2026062223114,R-20260622-19,TRBT-003,10
2026-06-22 14:43:49.598296,CEDI-03,292848348,2026062223114,R-20260622-19,CONS-003,45
2026-06-22 14:43:49.598296,CEDI-03,292848348,2026062223114,R-20260622-19,ACC-003,35
2026-06-22 14:43:49.598296,CEDI-03,135593406,2026062250407,R-20260622-19,TRBT-002,45
2026-06-22 14:43:49.598296,CEDI-03,135593406,2026062250407,R-20260622-19,TRBT-001,20
2026-06-22 14:43:49.598296,CEDI-03,135593406,2026062250407,R-20260622-19,TRBT-007,40
2026-06-22 14:43:49.598296,CEDI-03,135593406,2026062250407,R-20260622-19,ACC-004,45
2026-06-22 14:43:49.598296,CEDI-03,135593406,2026062250407,R-20260622-19,CONS-003,50
2026-06-22 14:43:49.598296,CEDI-03,135593406,2026062250407,R-20260622-19,ACC-003,50
2026-06-22 14:43:49.598296,CEDI-03,135593406,2026062250407,R-20260622-19,ACC-002,30
2026-06-22 14:43:49.598296,CEDI-03,135593406,2026062250407,R-20260622-19,TRBT-009,25
2026-06-22 14:43:49.598296,CEDI-03,135593406,2026062250407,R-20260622-19,TRBT-005,10
2026-06-22 14:43:49.598296,CEDI-03,135593406,2026062250407,R-20260622-19,CONS-002,30
2026-06-22 14:43:49.598296,CEDI-03,135593406,2026062250407,R-20260622-19,CONS-001,25
2026-06-22 14:43:49.598296,CEDI-03,135593406,2026062250407,R-20260622-19,TRBT-004,15
2026-06-22 14:43:49.598296,CEDI-03,135593406,2026062250407,R-20260622-19,TRBT-008,5
2026-06-22 14:43:49.598296,CEDI-03,135593406,2026062250407,R-20260622-19,TRBT-006,25
2026-06-22 14:43:49.598296,CEDI-03,135593406,2026062250407,R-20260622-19,TRBT-003,50
2026-06-22 14:43:49.598296,CEDI-03,135593406,2026062250407,R-20260622-19,SVC-002,35
2026-06-22 14:43:49.598296,CEDI-03,135593406,2026062250407,R-20260622-19,SVC-001,25
2026-06-22 14:43:49.598296,CEDI-03,135593406,2026062250407,R-20260622-19,TRBT-010,25
2026-06-22 14:43:49.598296,CEDI-03,135593406,2026062250407,R-20260622-19,ACC-001,30
2026-06-22 14:43:49.598296,CEDI-03,328627980,2026062232577,R-20260622-19,TRBT-003,40
2026-06-22 14:43:49.598296,CEDI-03,328627980,2026062232577,R-20260622-19,TRBT-009,5
2026-06-22 14:43:49.598296,CEDI-03,328627980,2026062232577,R-20260622-19,SVC-001,20
2026-06-22 14:43:49.598296,CEDI-03,328627980,2026062232577,R-20260622-19,ACC-004,50
2026-06-22 14:43:49.598296,CEDI-03,328627980,2026062232577,R-20260622-19,TRBT-010,20
2026-06-22 14:43:49.598296,CEDI-03,328627980,2026062232577,R-20260622-19,CONS-001,50
2026-06-22 14:43:49.598296,CEDI-03,328627980,2026062232577,R-20260622-19,CONS-002,35
2026-06-22 14:43:49.598296,CEDI-03,328627980,2026062232577,R-20260622-19,SVC-002,50
2026-06-22 14:43:49.598296,CEDI-03,328627980,2026062232577,R-20260622-19,TRBT-008,5
2026-06-22 14:43:49.598296,CEDI-03,328627980,2026062232577,R-20260622-19,TRBT-007,45
2026-06-22 14:43:49.598296,CEDI-03,328627980,2026062232577,R-20260622-19,TRBT-006,45
2026-06-22 14:43:49.598296,CEDI-03,328627980,2026062232577,R-20260622-19,ACC-002,30
2026-06-22 14:43:49.598296,CEDI-03,328627980,2026062232577,R-20260622-19,CONS-003,5
2026-06-22 14:43:49.598296,CEDI-03,328627980,2026062232577,R-20260622-19,TRBT-002,45
2026-06-22 14:43:49.598296,CEDI-03,121248608,2026062271236,R-20260622-19,CONS-002,30
2026-06-22 14:43:49.598296,CEDI-03,121248608,2026062271236,R-20260622-19,ACC-001,10
2026-06-22 14:43:49.598296,CEDI-03,121248608,2026062271236,R-20260622-19,TRBT-005,50
2026-06-22 14:43:49.598296,CEDI-03,121248608,2026062271236,R-20260622-19,TRBT-002,35
2026-06-22 14:43:49.598296,CEDI-03,121248608,2026062271236,R-20260622-19,CONS-001,40
2026-06-22 14:43:49.598296,CEDI-03,121248608,2026062271236,R-20260622-19,SVC-002,50
2026-06-22 14:43:49.598296,CEDI-03,121248608,2026062271236,R-20260622-19,TRBT-008,50
2026-06-22 14:43:49.598296,CEDI-03,121248608,2026062271236,R-20260622-19,TRBT-003,50
2026-06-22 14:43:49.598296,CEDI-03,121248608,2026062271236,R-20260622-19,ACC-002,10
2026-06-22 14:43:49.598296,CEDI-03,121248608,2026062271236,R-20260622-19,ACC-004,30
2026-06-22 14:43:49.598296,CEDI-03,121248608,2026062271236,R-20260622-19,CONS-003,25
2026-06-22 14:43:49.598296,CEDI-03,121248608,2026062271236,R-20260622-19,SVC-001,45
2026-06-22 14:43:49.598296,CEDI-03,121248608,2026062271236,R-20260622-19,TRBT-006,50
2026-06-22 14:43:49.598296,CEDI-03,121248608,2026062271236,R-20260622-19,TRBT-010,5
2026-06-22 14:43:49.598296,CEDI-03,121248608,2026062271236,R-20260622-19,ACC-003,30
2026-06-22 14:43:49.598296,CEDI-03,121248608,2026062271236,R-20260622-19,TRBT-004,25
2026-06-22 14:43:49.598296,CEDI-03,121248608,2026062271236,R-20260622-19,TRBT-009,15
2026-06-22 14:43:49.598296,CEDI-03,558123919,2026062256030,R-20260622-19,CONS-002,30
2026-06-22 14:43:49.598296,CEDI-03,790979526,2026062275204,R-20260622-19,TRBT-003,5
2026-06-22 14:43:49.598296,CEDI-03,790979526,2026062275204,R-20260622-19,SVC-002,5
2026-06-22 14:43:49.598296,CEDI-03,790979526,2026062275204,R-20260622-19,TRBT-005,45
2026-06-22 14:43:49.598296,CEDI-03,790979526,2026062275204,R-20260622-19,TRBT-008,35
2026-06-22 14:43:49.598296,CEDI-03,790979526,2026062275204,R-20260622-19,CONS-002,15
2026-06-22 14:43:49.598296,CEDI-03,790979526,2026062275204,R-20260622-19,ACC-004,5
2026-06-22 14:43:49.598296,CEDI-03,790979526,2026062275204,R-20260622-19,CONS-001,10
2026-06-22 14:43:49.598296,CEDI-03,790979526,2026062275204,R-20260622-19,ACC-001,10
2026-06-22 14:43:49.598296,CEDI-03,790979526,2026062275204,R-20260622-19,SVC-001,10
2026-06-22 14:43:49.598296,CEDI-03,790979526,2026062275204,R-20260622-19,TRBT-001,35
2026-06-22 14:43:49.598296,CEDI-03,790979526,2026062275204,R-20260622-19,TRBT-007,15
2026-06-22 14:43:49.598296,CEDI-03,790979526,2026062275204,R-20260622-19,CONS-003,35
2026-06-22 14:43:49.598296,CEDI-03,790979526,2026062275204,R-20260622-19,TRBT-002,10
2026-06-22 14:43:49.598296,CEDI-03,790979526,2026062275204,R-20260622-19,ACC-003,5
2026-06-22 14:43:49.598296,CEDI-03,790979526,2026062275204,R-20260622-19,TRBT-004,40
2026-06-22 14:43:49.598296,CEDI-03,790979526,2026062275204,R-20260622-19,TRBT-009,50
2026-06-22 14:43:49.598296,CEDI-03,790979526,2026062275204,R-20260622-19,TRBT-010,10
2026-06-22 14:43:49.598296,CEDI-03,790979526,2026062275204,R-20260622-19,ACC-002,50
2026-06-22 14:43:49.598296,CEDI-03,790979526,2026062275204,R-20260622-19,TRBT-006,40
2026-06-22 14:43:49.598296,CEDI-03,479222304,2026062250050,R-20260622-19,CONS-003,10
2026-06-22 14:43:49.598296,CEDI-03,479222304,2026062250050,R-20260622-19,TRBT-009,30
2026-06-22 14:43:49.598296,CEDI-03,479222304,2026062250050,R-20260622-19,TRBT-005,25
2026-06-22 14:43:49.598296,CEDI-03,479222304,2026062250050,R-20260622-19,TRBT-006,25
2026-06-22 14:43:49.598296,CEDI-03,479222304,2026062250050,R-20260622-19,CONS-001,45
2026-06-22 14:43:49.598296,CEDI-03,479222304,2026062250050,R-20260622-19,ACC-002,20
2026-06-22 14:43:49.598296,CEDI-03,524292362,2026062256954,R-20260622-19,ACC-001,10
2026-06-22 14:43:49.598296,CEDI-03,524292362,2026062256954,R-20260622-19,CONS-003,45
2026-06-22 14:43:49.598296,CEDI-03,524292362,2026062256954,R-20260622-19,TRBT-008,45
2026-06-22 14:43:49.598296,CEDI-03,524292362,2026062256954,R-20260622-19,CONS-002,35
2026-06-22 14:43:49.598296,CEDI-03,524292362,2026062256954,R-20260622-19,TRBT-004,30
2026-06-22 14:43:49.598296,CEDI-03,524292362,2026062256954,R-20260622-19,TRBT-005,10
2026-06-22 14:43:49.598296,CEDI-03,524292362,2026062256954,R-20260622-19,TRBT-002,40
2026-06-22 14:43:49.598296,CEDI-03,524292362,2026062256954,R-20260622-19,TRBT-006,5
2026-06-22 14:43:49.598296,CEDI-03,524292362,2026062256954,R-20260622-19,ACC-004,50
2026-06-22 14:43:49.598296,CEDI-03,524292362,2026062256954,R-20260622-19,TRBT-009,50
2026-06-22 14:43:49.598296,CEDI-03,524292362,2026062256954,R-20260622-19,TRBT-007,50
2026-06-22 14:43:49.598296,CEDI-03,524292362,2026062256954,R-20260622-19,SVC-002,35
2026-06-22 14:43:49.598296,CEDI-03,524292362,2026062256954,R-20260622-19,ACC-003,20
2026-06-22 14:43:49.598296,CEDI-03,524292362,2026062256954,R-20260622-19,TRBT-010,50
2026-06-22 14:43:49.598296,CEDI-03,221102127,2026062254436,R-20260622-19,TRBT-003,20
2026-06-22 14:43:49.598296,CEDI-03,221102127,2026062254436,R-20260622-19,ACC-003,50
2026-06-22 14:43:49.598296,CEDI-03,221102127,2026062254436,R-20260622-19,SVC-002,45
2026-06-22 14:43:49.598296,CEDI-03,221102127,2026062254436,R-20260622-19,TRBT-009,5
2026-06-22 14:43:49.598296,CEDI-03,221102127,2026062254436,R-20260622-19,TRBT-006,40
2026-06-22 14:43:49.598296,CEDI-03,221102127,2026062254436,R-20260622-19,TRBT-005,5
2026-06-22 14:43:49.598296,CEDI-03,221102127,2026062254436,R-20260622-19,TRBT-002,35
2026-06-22 14:43:49.598296,CEDI-03,221102127,2026062254436,R-20260622-19,CONS-001,15
2026-06-22 14:43:49.598296,CEDI-03,221102127,2026062254436,R-20260622-19,ACC-004,45
2026-06-22 14:43:49.598296,CEDI-03,221102127,2026062254436,R-20260622-19,TRBT-001,45
2026-06-22 14:43:49.598296,CEDI-03,221102127,2026062254436,R-20260622-19,TRBT-010,20
2026-06-22 14:43:49.598296,CEDI-03,221102127,2026062254436,R-20260622-19,TRBT-007,30
2026-06-22 14:43:49.598296,CEDI-03,221102127,2026062254436,R-20260622-19,ACC-001,30
2026-06-22 14:43:49.598296,CEDI-03,892447786,2026062255686,R-20260622-19,ACC-001,5
2026-06-22 14:43:49.598296,CEDI-03,892447786,2026062255686,R-20260622-19,TRBT-006,15
2026-06-22 14:43:49.598296,CEDI-03,892447786,2026062255686,R-20260622-19,TRBT-001,30
2026-06-22 14:43:49.598296,CEDI-03,892447786,2026062255686,R-20260622-19,ACC-003,25
2026-06-22 14:43:49.598296,CEDI-03,892447786,2026062255686,R-20260622-19,ACC-002,50
2026-06-22 14:43:49.598296,CEDI-03,892447786,2026062255686,R-20260622-19,CONS-001,35
2026-06-22 14:43:49.598296,CEDI-03,713099275,2026062213721,R-20260622-19,CONS-002,5
2026-06-22 14:43:49.598296,CEDI-03,713099275,2026062213721,R-20260622-19,ACC-003,5
2026-06-22 14:43:49.598296,CEDI-03,713099275,2026062213721,R-20260622-19,TRBT-003,15
2026-06-22 14:43:49.598296,CEDI-03,713099275,2026062213721,R-20260622-19,TRBT-008,10
2026-06-22 14:43:49.598296,CEDI-03,713099275,2026062213721,R-20260622-19,SVC-001,30
2026-06-22 14:43:49.598296,CEDI-03,713099275,2026062213721,R-20260622-19,TRBT-004,30
2026-06-22 14:43:49.598296,CEDI-03,713099275,2026062213721,R-20260622-19,CONS-001,35
2026-06-22 14:43:49.598296,CEDI-03,713099275,2026062213721,R-20260622-19,TRBT-007,20
2026-06-22 14:43:49.598296,CEDI-03,713099275,2026062213721,R-20260622-19,TRBT-010,40
2026-06-22 14:43:49.598296,CEDI-03,713099275,2026062213721,R-20260622-19,TRBT-005,5
2026-06-22 14:43:49.598296,CEDI-03,979979007,2026062263423,R-20260622-19,TRBT-010,5
2026-06-22 14:43:49.598296,CEDI-03,979979007,2026062263423,R-20260622-19,TRBT-008,20
2026-06-22 14:43:49.598296,CEDI-03,979979007,2026062263423,R-20260622-19,SVC-002,25
2026-06-22 14:43:49.598296,CEDI-03,979979007,2026062263423,R-20260622-19,TRBT-006,35
2026-06-22 14:43:49.598296,CEDI-03,979979007,2026062263423,R-20260622-19,TRBT-005,35
2026-06-22 14:43:49.598296,CEDI-03,603893620,2026062251950,R-20260622-19,TRBT-003,35
2026-06-22 14:43:49.598296,CEDI-03,603893620,2026062251950,R-20260622-19,TRBT-008,30
2026-06-22 14:43:49.598296,CEDI-03,603893620,2026062251950,R-20260622-19,TRBT-006,35
2026-06-22 14:43:49.598296,CEDI-03,603893620,2026062251950,R-20260622-19,ACC-002,25
2026-06-22 14:43:49.598296,CEDI-03,603893620,2026062251950,R-20260622-19,SVC-001,40
2026-06-22 14:43:49.598296,CEDI-03,603893620,2026062251950,R-20260622-19,ACC-003,35
2026-06-22 14:43:49.598296,CEDI-03,603893620,2026062251950,R-20260622-19,TRBT-007,50
2026-06-22 14:43:49.598296,CEDI-03,250780727,2026062241574,R-20260622-19,TRBT-010,15
2026-06-22 14:43:49.598296,CEDI-03,250780727,2026062241574,R-20260622-19,TRBT-004,10
2026-06-22 14:43:49.598296,CEDI-03,250780727,2026062241574,R-20260622-19,TRBT-009,15
2026-06-22 14:43:49.598296,CEDI-03,250780727,2026062241574,R-20260622-19,ACC-003,5
2026-06-22 14:43:49.598296,CEDI-03,250780727,2026062241574,R-20260622-19,CONS-001,15
2026-06-22 14:43:49.598296,CEDI-03,250780727,2026062241574,R-20260622-19,ACC-004,20
2026-06-22 14:43:49.598296,CEDI-03,250780727,2026062241574,R-20260622-19,TRBT-002,45
2026-06-22 14:43:49.598296,CEDI-03,250780727,2026062241574,R-20260622-19,TRBT-008,10
2026-06-22 14:43:49.598296,CEDI-03,250780727,2026062241574,R-20260622-19,TRBT-005,45
2026-06-22 14:43:49.598296,CEDI-03,250780727,2026062241574,R-20260622-19,SVC-001,50
2026-06-22 14:43:49.598296,CEDI-03,250780727,2026062241574,R-20260622-19,SVC-002,5
2026-06-22 14:43:49.598296,CEDI-03,250780727,2026062241574,R-20260622-19,TRBT-001,5
2026-06-22 14:43:49.598296,CEDI-03,250780727,2026062241574,R-20260622-19,TRBT-006,30
2026-06-22 14:43:49.598296,CEDI-03,250780727,2026062241574,R-20260622-19,TRBT-003,50
2026-06-22 14:43:49.598296,CEDI-03,250780727,2026062241574,R-20260622-19,ACC-002,50
2026-06-22 14:43:49.598296,CEDI-03,962037110,2026062294239,R-20260622-19,TRBT-007,5
2026-06-22 14:43:49.598296,CEDI-03,962037110,2026062294239,R-20260622-19,SVC-001,35
2026-06-22 14:43:49.598296,CEDI-03,962037110,2026062294239,R-20260622-19,ACC-004,15
2026-06-22 14:43:49.598296,CEDI-03,962037110,2026062294239,R-20260622-19,TRBT-009,30
2026-06-22 14:43:49.598296,CEDI-03,962037110,2026062294239,R-20260622-19,SVC-002,35
2026-06-22 14:43:49.598296,CEDI-03,962037110,2026062294239,R-20260622-19,CONS-001,20
2026-06-22 14:43:49.598296,CEDI-03,962037110,2026062294239,R-20260622-19,ACC-001,35
2026-06-22 14:43:49.598296,CEDI-03,962037110,2026062294239,R-20260622-19,TRBT-010,30
2026-06-22 14:43:49.598296,CEDI-03,962037110,2026062294239,R-20260622-19,TRBT-005,5
2026-06-22 14:43:49.598296,CEDI-03,962037110,2026062294239,R-20260622-19,ACC-002,20
2026-06-22 14:43:49.598296,CEDI-03,32972521,2026062244573,R-20260622-19,TRBT-005,50
2026-06-22 14:43:49.598296,CEDI-03,32972521,2026062244573,R-20260622-19,TRBT-006,45
2026-06-22 14:43:49.598296,CEDI-03,32972521,2026062244573,R-20260622-19,SVC-002,15
2026-06-22 14:43:49.598296,CEDI-03,32972521,2026062244573,R-20260622-19,CONS-002,20
2026-06-22 14:43:49.598296,CEDI-03,32972521,2026062244573,R-20260622-19,CONS-003,15
2026-06-22 14:43:49.598296,CEDI-03,32972521,2026062244573,R-20260622-19,CONS-001,5
2026-06-22 14:43:49.598296,CEDI-03,32972521,2026062244573,R-20260622-19,TRBT-001,35
2026-06-22 14:43:49.598296,CEDI-03,32972521,2026062244573,R-20260622-19,ACC-002,50
2026-06-22 14:43:49.598296,CEDI-03,32972521,2026062244573,R-20260622-19,ACC-003,20
2026-06-22 14:43:49.598296,CEDI-03,32972521,2026062244573,R-20260622-19,TRBT-010,50
2026-06-22 14:43:49.598296,CEDI-03,32972521,2026062244573,R-20260622-19,TRBT-009,20
2026-06-22 14:43:49.598296,CEDI-03,32972521,2026062244573,R-20260622-19,TRBT-007,15
2026-06-22 14:43:49.598296,CEDI-03,728424853,2026062269532,R-20260622-19,TRBT-006,20
2026-06-22 14:43:49.598296,CEDI-03,728424853,2026062269532,R-20260622-19,TRBT-008,40
2026-06-22 14:43:49.598296,CEDI-03,728424853,2026062269532,R-20260622-19,SVC-002,15
2026-06-22 14:43:49.598296,CEDI-03,728424853,2026062269532,R-20260622-19,CONS-003,15
2026-06-22 14:43:49.598296,CEDI-03,728424853,2026062269532,R-20260622-19,ACC-002,15
2026-06-22 14:43:49.598296,CEDI-03,728424853,2026062269532,R-20260622-19,TRBT-001,45
2026-06-22 14:43:49.598296,CEDI-03,728424853,2026062269532,R-20260622-19,TRBT-007,35
2026-06-22 14:43:49.598296,CEDI-03,728424853,2026062269532,R-20260622-19,TRBT-009,45
2026-06-22 14:43:49.598296,CEDI-03,728424853,2026062269532,R-20260622-19,TRBT-005,25
2026-06-22 14:43:49.598296,CEDI-03,728424853,2026062269532,R-20260622-19,TRBT-010,50
2026-06-22 14:43:49.598296,CEDI-03,728424853,2026062269532,R-20260622-19,ACC-004,35
2026-06-22 14:43:49.598296,CEDI-03,728424853,2026062269532,R-20260622-19,ACC-001,15
2026-06-22 14:43:49.598296,CEDI-03,389026090,2026062271294,R-20260622-19,TRBT-006,35
2026-06-22 14:43:49.598296,CEDI-03,389026090,2026062271294,R-20260622-19,ACC-004,30
2026-06-22 14:43:49.598296,CEDI-03,389026090,2026062271294,R-20260622-19,ACC-003,15
2026-06-22 14:43:49.598296,CEDI-03,389026090,2026062271294,R-20260622-19,TRBT-010,5
2026-06-22 14:43:49.598296,CEDI-03,389026090,2026062271294,R-20260622-19,CONS-003,35
2026-06-22 14:43:49.598296,CEDI-03,389026090,2026062271294,R-20260622-19,TRBT-007,10
2026-06-22 14:43:49.598296,CEDI-03,389026090,2026062271294,R-20260622-19,ACC-001,10
2026-06-22 14:43:49.598296,CEDI-03,389026090,2026062271294,R-20260622-19,CONS-002,25
2026-06-22 14:43:49.598296,CEDI-03,389026090,2026062271294,R-20260622-19,TRBT-008,35
2026-06-22 14:43:49.598296,CEDI-03,389026090,2026062271294,R-20260622-19,SVC-002,35
2026-06-22 14:43:49.598296,CEDI-03,389026090,2026062271294,R-20260622-19,TRBT-001,50
2026-06-22 14:43:49.598296,CEDI-03,389026090,2026062271294,R-20260622-19,TRBT-009,40
2026-06-22 14:43:49.598296,CEDI-03,657777395,2026062258693,R-20260622-19,TRBT-009,40
2026-06-22 14:43:49.598296,CEDI-03,657777395,2026062258693,R-20260622-19,CONS-002,35
2026-06-22 14:43:49.598296,CEDI-03,657777395,2026062258693,R-20260622-19,TRBT-001,10
2026-06-22 14:43:49.598296,CEDI-03,657777395,2026062258693,R-20260622-19,ACC-003,35
2026-06-22 14:43:49.598296,CEDI-03,657777395,2026062258693,R-20260622-19,TRBT-007,20
2026-06-22 14:43:49.598296,CEDI-03,657777395,2026062258693,R-20260622-19,ACC-002,10
2026-06-22 14:43:49.598296,CEDI-03,657777395,2026062258693,R-20260622-19,CONS-001,10
2026-06-22 14:43:49.598296,CEDI-03,657777395,2026062258693,R-20260622-19,TRBT-004,50
2026-06-22 14:43:49.598296,CEDI-03,546977524,2026062245010,R-20260622-19,CONS-002,40
2026-06-22 14:43:49.598296,CEDI-03,546977524,2026062245010,R-20260622-19,TRBT-010,30
2026-06-22 14:43:49.598296,CEDI-03,546977524,2026062245010,R-20260622-19,TRBT-005,10
2026-06-22 14:43:49.598296,CEDI-03,546977524,2026062245010,R-20260622-19,TRBT-004,25
2026-06-22 14:43:49.598296,CEDI-03,546977524,2026062245010,R-20260622-19,CONS-001,35
2026-06-22 14:43:49.598296,CEDI-03,546977524,2026062245010,R-20260622-19,TRBT-003,10
2026-06-22 14:43:49.598296,CEDI-03,546977524,2026062245010,R-20260622-19,SVC-001,40
2026-06-22 14:43:49.598296,CEDI-03,546977524,2026062245010,R-20260622-19,ACC-004,5
2026-06-22 14:43:49.598296,CEDI-03,546977524,2026062245010,R-20260622-19,TRBT-002,15
2026-06-22 14:43:49.598296,CEDI-03,546977524,2026062245010,R-20260622-19,ACC-001,15
2026-06-22 14:43:49.598296,CEDI-03,546977524,2026062245010,R-20260622-19,TRBT-001,5
2026-06-22 14:43:49.598296,CEDI-03,546977524,2026062245010,R-20260622-19,CONS-003,10
2026-06-22 14:43:49.598296,CEDI-03,546977524,2026062245010,R-20260622-19,SVC-002,15
2026-06-22 14:43:49.598296,CEDI-03,546977524,2026062245010,R-20260622-19,ACC-002,15
2026-06-22 14:43:49.598296,CEDI-03,546977524,2026062245010,R-20260622-19,TRBT-008,25
2026-06-22 14:43:49.598296,CEDI-03,546977524,2026062245010,R-20260622-19,TRBT-009,25
2026-06-22 14:43:49.598296,CEDI-03,546977524,2026062245010,R-20260622-19,ACC-003,40
2026-06-22 14:43:49.598296,CEDI-04,934128980,2026062213177,R-20260622-74,TRBT-007,25
2026-06-22 14:43:49.598296,CEDI-04,934128980,2026062213177,R-20260622-74,TRBT-004,50
2026-06-22 14:43:49.598296,CEDI-04,934128980,2026062213177,R-20260622-74,TRBT-002,50
2026-06-22 14:43:49.598296,CEDI-04,934128980,2026062213177,R-20260622-74,TRBT-010,25
2026-06-22 14:43:49.598296,CEDI-04,934128980,2026062213177,R-20260622-74,CONS-001,10
2026-06-22 14:43:49.598296,CEDI-04,934128980,2026062213177,R-20260622-74,TRBT-008,50
2026-06-22 14:43:49.598296,CEDI-04,934128980,2026062213177,R-20260622-74,TRBT-005,10
2026-06-22 14:43:49.598296,CEDI-04,934128980,2026062213177,R-20260622-74,ACC-001,45
2026-06-22 14:43:49.598296,CEDI-04,934128980,2026062213177,R-20260622-74,TRBT-003,20
2026-06-22 14:43:49.598296,CEDI-04,934128980,2026062213177,R-20260622-74,ACC-004,5
2026-06-22 14:43:49.598296,CEDI-04,934128980,2026062213177,R-20260622-74,TRBT-006,30
2026-06-22 14:43:49.598296,CEDI-04,934128980,2026062213177,R-20260622-74,SVC-001,5
2026-06-22 14:43:49.598296,CEDI-04,934128980,2026062213177,R-20260622-74,SVC-002,10
2026-06-22 14:43:49.598296,CEDI-04,934128980,2026062213177,R-20260622-74,CONS-002,50
2026-06-22 14:43:49.598296,CEDI-04,777657191,2026062271679,R-20260622-74,CONS-002,25
2026-06-22 14:43:49.598296,CEDI-04,777657191,2026062271679,R-20260622-74,TRBT-003,50
2026-06-22 14:43:49.598296,CEDI-04,777657191,2026062271679,R-20260622-74,TRBT-002,45
2026-06-22 14:43:49.598296,CEDI-04,41847392,2026062237683,R-20260622-74,TRBT-003,10
2026-06-22 14:43:49.598296,CEDI-04,41847392,2026062237683,R-20260622-74,TRBT-008,5
2026-06-22 14:43:49.598296,CEDI-04,41847392,2026062237683,R-20260622-74,ACC-001,30
2026-06-22 14:43:49.598296,CEDI-04,824520929,2026062270973,R-20260622-74,TRBT-006,20
2026-06-22 14:43:49.598296,CEDI-04,824520929,2026062270973,R-20260622-74,TRBT-003,30
2026-06-22 14:43:49.598296,CEDI-04,824520929,2026062270973,R-20260622-74,TRBT-010,25
2026-06-22 14:43:49.598296,CEDI-04,824520929,2026062270973,R-20260622-74,CONS-002,10
2026-06-22 14:43:49.598296,CEDI-04,824520929,2026062270973,R-20260622-74,ACC-001,10
2026-06-22 14:43:49.598296,CEDI-04,824520929,2026062270973,R-20260622-74,CONS-003,45
2026-06-22 14:43:49.598296,CEDI-04,824520929,2026062270973,R-20260622-74,ACC-004,45
2026-06-22 14:43:49.598296,CEDI-04,824520929,2026062270973,R-20260622-74,TRBT-004,15
2026-06-22 14:43:49.598296,CEDI-04,824520929,2026062270973,R-20260622-74,TRBT-009,30
2026-06-22 14:43:49.598296,CEDI-04,824520929,2026062270973,R-20260622-74,TRBT-005,20
2026-06-22 14:43:49.598296,CEDI-04,824520929,2026062270973,R-20260622-74,SVC-002,15
2026-06-22 14:43:49.598296,CEDI-04,824520929,2026062270973,R-20260622-74,TRBT-007,25
2026-06-22 14:43:49.598296,CEDI-04,824520929,2026062270973,R-20260622-74,TRBT-002,50
2026-06-22 14:43:49.598296,CEDI-04,436381955,2026062267319,R-20260622-74,ACC-003,20
2026-06-22 14:43:49.598296,CEDI-04,436381955,2026062267319,R-20260622-74,TRBT-003,50
2026-06-22 14:43:49.598296,CEDI-04,436381955,2026062267319,R-20260622-74,SVC-002,10
2026-06-22 14:43:49.598296,CEDI-04,436381955,2026062267319,R-20260622-74,TRBT-002,25
2026-06-22 14:43:49.598296,CEDI-04,436381955,2026062267319,R-20260622-74,ACC-002,10
2026-06-22 14:43:49.598296,CEDI-04,436381955,2026062267319,R-20260622-74,TRBT-006,50
2026-06-22 14:43:49.598296,CEDI-04,436381955,2026062267319,R-20260622-74,TRBT-001,25
2026-06-22 14:43:49.598296,CEDI-04,436381955,2026062267319,R-20260622-74,TRBT-007,10
2026-06-22 14:43:49.598296,CEDI-04,436381955,2026062267319,R-20260622-74,TRBT-008,30
2026-06-22 14:43:49.598296,CEDI-04,436381955,2026062267319,R-20260622-74,CONS-002,50
2026-06-22 14:43:49.598296,CEDI-04,436381955,2026062267319,R-20260622-74,TRBT-009,35
2026-06-22 14:43:49.598296,CEDI-04,634139184,2026062258936,R-20260622-74,CONS-003,10
2026-06-22 14:43:49.598296,CEDI-04,634139184,2026062258936,R-20260622-74,TRBT-003,25
2026-06-22 14:43:49.598296,CEDI-04,634139184,2026062258936,R-20260622-74,TRBT-009,15
2026-06-22 14:43:49.598296,CEDI-04,634139184,2026062258936,R-20260622-74,CONS-002,30
2026-06-22 14:43:49.598296,CEDI-04,520558296,2026062266176,R-20260622-74,TRBT-005,25
2026-06-22 14:43:49.598296,CEDI-04,520558296,2026062266176,R-20260622-74,SVC-002,5
2026-06-22 14:43:49.598296,CEDI-04,520558296,2026062266176,R-20260622-74,TRBT-008,25
2026-06-22 14:43:49.598296,CEDI-04,520558296,2026062266176,R-20260622-74,ACC-003,45
2026-06-22 14:43:49.598296,CEDI-04,520558296,2026062266176,R-20260622-74,TRBT-002,45
2026-06-22 14:43:49.598296,CEDI-04,520558296,2026062266176,R-20260622-74,TRBT-003,40
2026-06-22 14:43:49.598296,CEDI-04,520558296,2026062266176,R-20260622-74,TRBT-007,15
2026-06-22 14:43:49.598296,CEDI-04,520558296,2026062266176,R-20260622-74,ACC-002,45
2026-06-22 14:43:49.598296,CEDI-04,520558296,2026062266176,R-20260622-74,CONS-002,30
2026-06-22 14:43:49.598296,CEDI-04,751702946,2026062233042,R-20260622-74,TRBT-006,40
2026-06-22 14:43:49.598296,CEDI-04,751702946,2026062233042,R-20260622-74,TRBT-001,25
2026-06-22 14:43:49.598296,CEDI-04,751702946,2026062233042,R-20260622-74,TRBT-004,20
2026-06-22 14:43:49.598296,CEDI-04,751702946,2026062233042,R-20260622-74,CONS-001,50
2026-06-22 14:43:49.598296,CEDI-04,751702946,2026062233042,R-20260622-74,CONS-003,50
2026-06-22 14:43:49.598296,CEDI-04,751702946,2026062233042,R-20260622-74,TRBT-008,50
2026-06-22 14:43:49.598296,CEDI-04,751702946,2026062233042,R-20260622-74,CONS-002,50
2026-06-22 14:43:49.598296,CEDI-04,751702946,2026062233042,R-20260622-74,TRBT-010,5
2026-06-22 14:43:49.598296,CEDI-04,751702946,2026062233042,R-20260622-74,ACC-001,10
2026-06-22 14:43:49.598296,CEDI-04,751702946,2026062233042,R-20260622-74,TRBT-005,30
2026-06-22 14:43:49.598296,CEDI-04,751702946,2026062233042,R-20260622-74,ACC-004,20
2026-06-22 14:43:49.598296,CEDI-04,751702946,2026062233042,R-20260622-74,TRBT-007,10
2026-06-22 14:43:49.598296,CEDI-04,751702946,2026062233042,R-20260622-74,ACC-002,25
2026-06-22 14:43:49.598296,CEDI-04,751702946,2026062233042,R-20260622-74,SVC-002,50
2026-06-22 14:43:49.598296,CEDI-04,751702946,2026062233042,R-20260622-74,ACC-003,20
2026-06-22 14:43:49.598296,CEDI-04,751702946,2026062233042,R-20260622-74,TRBT-009,40
2026-06-22 14:43:49.598296,CEDI-04,751702946,2026062233042,R-20260622-74,TRBT-002,5
2026-06-22 14:43:49.598296,CEDI-04,448591026,2026062254435,R-20260622-74,SVC-002,25
2026-06-22 14:43:49.598296,CEDI-04,448591026,2026062254435,R-20260622-74,TRBT-006,5
2026-06-22 14:43:49.598296,CEDI-04,448591026,2026062254435,R-20260622-74,SVC-001,40
2026-06-22 14:43:49.598296,CEDI-04,448591026,2026062254435,R-20260622-74,ACC-002,35
2026-06-22 14:43:49.598296,CEDI-04,448591026,2026062254435,R-20260622-74,TRBT-009,10
2026-06-22 14:43:49.598296,CEDI-04,448591026,2026062254435,R-20260622-74,TRBT-004,50
2026-06-22 14:43:49.598296,CEDI-04,448591026,2026062254435,R-20260622-74,CONS-001,20
2026-06-22 14:43:49.598296,CEDI-04,342595817,2026062238955,R-20260622-74,TRBT-005,35
2026-06-22 14:43:49.598296,CEDI-04,342595817,2026062238955,R-20260622-74,ACC-004,20
2026-06-22 14:43:49.598296,CEDI-04,342595817,2026062238955,R-20260622-74,TRBT-001,30
2026-06-22 14:43:49.598296,CEDI-04,342595817,2026062238955,R-20260622-74,TRBT-007,10
2026-06-22 14:43:49.598296,CEDI-04,342595817,2026062238955,R-20260622-74,CONS-001,35
2026-06-22 14:43:49.598296,CEDI-04,342595817,2026062238955,R-20260622-74,CONS-003,30
2026-06-22 14:43:49.598296,CEDI-04,342595817,2026062238955,R-20260622-74,TRBT-008,35
2026-06-22 14:43:49.598296,CEDI-04,342595817,2026062238955,R-20260622-74,ACC-003,20
2026-06-22 14:43:49.598296,CEDI-04,342595817,2026062238955,R-20260622-74,CONS-002,30
2026-06-22 14:43:49.598296,CEDI-04,342595817,2026062238955,R-20260622-74,ACC-002,35
2026-06-22 14:43:49.598296,CEDI-04,583443042,2026062282322,R-20260622-74,TRBT-005,35
2026-06-22 14:43:49.598296,CEDI-04,316917003,2026062296039,R-20260622-74,CONS-003,5
2026-06-22 14:43:49.598296,CEDI-04,316917003,2026062296039,R-20260622-74,TRBT-002,15
2026-06-22 14:43:49.598296,CEDI-04,316917003,2026062296039,R-20260622-74,TRBT-009,10
2026-06-22 14:43:49.598296,CEDI-04,316917003,2026062296039,R-20260622-74,TRBT-006,5
2026-06-22 14:43:49.598296,CEDI-04,316917003,2026062296039,R-20260622-74,SVC-001,30
2026-06-22 14:43:49.598296,CEDI-04,316917003,2026062296039,R-20260622-74,TRBT-010,50
2026-06-22 14:43:49.598296,CEDI-04,316917003,2026062296039,R-20260622-74,SVC-002,10
2026-06-22 14:43:49.598296,CEDI-04,316917003,2026062296039,R-20260622-74,CONS-001,30
2026-06-22 14:43:49.598296,CEDI-04,316917003,2026062296039,R-20260622-74,ACC-003,5
2026-06-22 14:43:49.598296,CEDI-04,316917003,2026062296039,R-20260622-74,CONS-002,45
2026-06-22 14:43:49.598296,CEDI-04,316917003,2026062296039,R-20260622-74,TRBT-005,35
2026-06-22 14:43:49.598296,CEDI-04,316917003,2026062296039,R-20260622-74,ACC-004,30
2026-06-22 14:43:49.598296,CEDI-04,316917003,2026062296039,R-20260622-74,TRBT-004,40
2026-06-22 14:43:49.598296,CEDI-04,316917003,2026062296039,R-20260622-74,TRBT-001,30
2026-06-22 14:43:49.598296,CEDI-04,316917003,2026062296039,R-20260622-74,ACC-001,5
2026-06-22 14:43:49.598296,CEDI-04,316917003,2026062296039,R-20260622-74,TRBT-008,30
2026-06-22 14:43:49.598296,CEDI-04,600632007,2026062226452,R-20260622-74,ACC-004,15
2026-06-22 14:43:49.598296,CEDI-04,600632007,2026062226452,R-20260622-74,CONS-001,20
2026-06-22 14:43:49.598296,CEDI-04,600632007,2026062226452,R-20260622-74,CONS-002,20
2026-06-22 14:43:49.598296,CEDI-04,600632007,2026062226452,R-20260622-74,CONS-003,15
2026-06-22 14:43:49.598296,CEDI-04,600632007,2026062226452,R-20260622-74,ACC-002,50
2026-06-22 14:43:49.598296,CEDI-04,600632007,2026062226452,R-20260622-74,TRBT-005,15
2026-06-22 14:43:49.598296,CEDI-04,600632007,2026062226452,R-20260622-74,ACC-003,45
2026-06-22 14:43:49.598296,CEDI-04,600632007,2026062226452,R-20260622-74,TRBT-001,25
2026-06-22 14:43:49.598296,CEDI-04,600632007,2026062226452,R-20260622-74,TRBT-008,10
2026-06-22 14:43:49.598296,CEDI-04,600632007,2026062226452,R-20260622-74,SVC-002,25
2026-06-22 14:43:49.598296,CEDI-04,600632007,2026062226452,R-20260622-74,TRBT-003,15
2026-06-22 14:43:49.598296,CEDI-04,600632007,2026062226452,R-20260622-74,TRBT-006,50
2026-06-22 14:43:49.598296,CEDI-04,600632007,2026062226452,R-20260622-74,TRBT-009,30
2026-06-22 14:43:49.598296,CEDI-04,600632007,2026062226452,R-20260622-74,TRBT-004,45
2026-06-22 14:43:49.598296,CEDI-04,908118466,2026062218533,R-20260622-74,ACC-004,20
2026-06-22 14:43:49.598296,CEDI-04,908118466,2026062218533,R-20260622-74,TRBT-003,5
2026-06-22 14:43:49.598296,CEDI-04,908118466,2026062218533,R-20260622-74,ACC-001,45
2026-06-22 14:43:49.598296,CEDI-04,908118466,2026062218533,R-20260622-74,TRBT-001,20
2026-06-22 14:43:49.598296,CEDI-04,908118466,2026062218533,R-20260622-74,TRBT-005,30
2026-06-22 14:43:49.598296,CEDI-04,908118466,2026062218533,R-20260622-74,ACC-002,30
2026-06-22 14:43:49.598296,CEDI-04,799220769,2026062276836,R-20260622-74,ACC-001,45
2026-06-22 14:43:49.598296,CEDI-04,799220769,2026062276836,R-20260622-74,CONS-003,50
2026-06-22 14:43:49.598296,CEDI-04,799220769,2026062276836,R-20260622-74,TRBT-006,35
2026-06-22 14:43:49.598296,CEDI-04,799220769,2026062276836,R-20260622-74,TRBT-010,30
2026-06-22 14:43:49.598296,CEDI-04,799220769,2026062276836,R-20260622-74,SVC-001,30
2026-06-22 14:43:49.598296,CEDI-04,799220769,2026062276836,R-20260622-74,TRBT-004,40
2026-06-22 14:43:49.598296,CEDI-04,799220769,2026062276836,R-20260622-74,SVC-002,20
2026-06-22 14:43:49.598296,CEDI-04,799220769,2026062276836,R-20260622-74,ACC-003,5
2026-06-22 14:43:49.598296,CEDI-04,799220769,2026062276836,R-20260622-74,CONS-001,50
2026-06-22 14:43:49.598296,CEDI-04,799220769,2026062276836,R-20260622-74,TRBT-005,50
2026-06-22 14:43:49.598296,CEDI-04,799220769,2026062276836,R-20260622-74,TRBT-001,20
2026-06-22 14:43:49.598296,CEDI-04,799220769,2026062276836,R-20260622-74,TRBT-007,30
2026-06-22 14:43:49.598296,CEDI-04,799220769,2026062276836,R-20260622-74,ACC-004,30
2026-06-22 14:43:49.598296,CEDI-04,665416041,2026062288455,R-20260622-74,SVC-001,15
2026-06-22 14:43:49.598296,CEDI-04,665416041,2026062288455,R-20260622-74,CONS-003,40
2026-06-22 14:43:49.598296,CEDI-04,665416041,2026062288455,R-20260622-74,SVC-002,20
2026-06-22 14:43:49.598296,CEDI-04,665416041,2026062288455,R-20260622-74,ACC-001,40
2026-06-22 14:43:49.598296,CEDI-04,665416041,2026062288455,R-20260622-74,TRBT-003,30
2026-06-22 14:43:49.598296,CEDI-04,665416041,2026062288455,R-20260622-74,CONS-001,5
2026-06-22 14:43:49.598296,CEDI-04,665416041,2026062288455,R-20260622-74,ACC-002,10
2026-06-22 14:43:49.598296,CEDI-04,665416041,2026062288455,R-20260622-74,TRBT-001,35
2026-06-22 14:43:49.598296,CEDI-04,665416041,2026062288455,R-20260622-74,ACC-004,50
2026-06-22 14:43:49.598296,CEDI-04,665416041,2026062288455,R-20260622-74,TRBT-009,45
2026-06-22 14:43:49.598296,CEDI-04,665416041,2026062288455,R-20260622-74,TRBT-004,20
2026-06-22 14:43:49.598296,CEDI-04,665416041,2026062288455,R-20260622-74,TRBT-008,5
2026-06-22 14:43:49.598296,CEDI-04,374714261,2026062253722,R-20260622-74,CONS-003,30
2026-06-22 14:43:49.598296,CEDI-04,194939701,2026062225305,R-20260622-74,ACC-002,45
2026-06-22 14:43:49.598296,CEDI-04,194939701,2026062225305,R-20260622-74,TRBT-002,25
2026-06-22 14:43:49.598296,CEDI-04,486226794,2026062213794,R-20260622-74,TRBT-009,10
2026-06-22 14:43:49.598296,CEDI-04,486226794,2026062213794,R-20260622-74,ACC-003,35
2026-06-22 14:43:49.598296,CEDI-04,486226794,2026062213794,R-20260622-74,SVC-002,10
2026-06-22 14:43:49.598296,CEDI-04,486226794,2026062213794,R-20260622-74,TRBT-006,30
2026-06-22 14:43:49.598296,CEDI-04,486226794,2026062213794,R-20260622-74,TRBT-005,20
2026-06-22 14:43:49.598296,CEDI-04,526030246,2026062210704,R-20260622-74,ACC-004,40
2026-06-22 14:43:49.598296,CEDI-04,526030246,2026062210704,R-20260622-74,TRBT-009,35
2026-06-22 14:43:49.598296,CEDI-04,526030246,2026062210704,R-20260622-74,TRBT-006,15
2026-06-22 14:43:49.598296,CEDI-04,526030246,2026062210704,R-20260622-74,TRBT-010,20
2026-06-22 14:43:49.598296,CEDI-04,526030246,2026062210704,R-20260622-74,SVC-002,35
2026-06-22 14:43:49.598296,CEDI-04,526030246,2026062210704,R-20260622-74,TRBT-004,40
2026-06-22 14:43:49.598296,CEDI-04,526030246,2026062210704,R-20260622-74,CONS-003,10
2026-06-22 14:43:49.598296,CEDI-04,526030246,2026062210704,R-20260622-74,CONS-002,15
2026-06-22 14:43:49.598296,CEDI-04,526030246,2026062210704,R-20260622-74,TRBT-002,5
2026-06-22 14:43:49.598296,CEDI-04,526030246,2026062210704,R-20260622-74,TRBT-007,50
2026-06-22 14:43:49.598296,CEDI-04,526030246,2026062210704,R-20260622-74,TRBT-005,15
2026-06-22 14:43:49.598296,CEDI-04,526030246,2026062210704,R-20260622-74,ACC-001,5
2026-06-22 14:43:49.598296,CEDI-04,526030246,2026062210704,R-20260622-74,CONS-001,35
2026-06-22 14:43:49.598296,CEDI-04,526030246,2026062210704,R-20260622-74,TRBT-001,40
2026-06-22 14:43:49.598296,CEDI-04,526030246,2026062210704,R-20260622-74,ACC-002,40
2026-06-22 14:43:49.598296,CEDI-04,526030246,2026062210704,R-20260622-74,SVC-001,40
2026-06-22 14:43:49.598296,CEDI-04,526030246,2026062210704,R-20260622-74,TRBT-008,35
2026-06-22 14:43:49.598296,CEDI-04,369395607,2026062288284,R-20260622-74,CONS-003,15
2026-06-22 14:43:49.598296,CEDI-04,369395607,2026062288284,R-20260622-74,CONS-002,30
2026-06-22 14:43:49.598296,CEDI-04,369395607,2026062288284,R-20260622-74,TRBT-002,20
2026-06-22 14:43:49.598296,CEDI-04,369395607,2026062288284,R-20260622-74,TRBT-005,5
2026-06-22 14:43:49.598296,CEDI-04,369395607,2026062288284,R-20260622-74,ACC-004,40
2026-06-22 14:43:49.598296,CEDI-04,369395607,2026062288284,R-20260622-74,TRBT-006,45
2026-06-22 14:43:49.598296,CEDI-04,369395607,2026062288284,R-20260622-74,ACC-002,20
2026-06-22 14:43:49.598296,CEDI-04,369395607,2026062288284,R-20260622-74,ACC-003,30
2026-06-22 14:43:49.598296,CEDI-04,136440606,2026062255024,R-20260622-74,SVC-002,50
2026-06-22 14:43:49.598296,CEDI-04,136440606,2026062255024,R-20260622-74,TRBT-008,25
2026-06-22 14:43:49.598296,CEDI-04,136440606,2026062255024,R-20260622-74,SVC-001,10
2026-06-22 14:43:49.598296,CEDI-04,136440606,2026062255024,R-20260622-74,TRBT-004,15
2026-06-22 14:43:49.598296,CEDI-04,136440606,2026062255024,R-20260622-74,CONS-002,15
2026-06-22 14:43:49.598296,CEDI-04,136440606,2026062255024,R-20260622-74,CONS-003,25
2026-06-22 14:43:49.598296,CEDI-04,136440606,2026062255024,R-20260622-74,CONS-001,10
2026-06-22 14:43:49.598296,CEDI-04,136440606,2026062255024,R-20260622-74,TRBT-009,40
2026-06-22 14:43:49.598296,CEDI-04,136440606,2026062255024,R-20260622-74,ACC-001,25
2026-06-22 14:43:49.598296,CEDI-04,136440606,2026062255024,R-20260622-74,TRBT-003,45
2026-06-22 14:43:49.598296,CEDI-04,136440606,2026062255024,R-20260622-74,TRBT-001,35
2026-06-22 14:43:49.598296,CEDI-04,731860710,2026062292216,R-20260622-74,TRBT-007,40
2026-06-22 14:43:49.598296,CEDI-04,731860710,2026062292216,R-20260622-74,TRBT-001,45
2026-06-22 14:43:49.598296,CEDI-04,731860710,2026062292216,R-20260622-74,CONS-003,40
2026-06-22 14:43:49.598296,CEDI-04,731860710,2026062292216,R-20260622-74,ACC-001,40
2026-06-22 14:43:49.598296,CEDI-04,731860710,2026062292216,R-20260622-74,SVC-001,10
2026-06-22 14:43:49.598296,CEDI-04,731860710,2026062292216,R-20260622-74,ACC-002,45
2026-06-22 14:43:49.598296,CEDI-04,731860710,2026062292216,R-20260622-74,TRBT-002,15
2026-06-22 14:43:49.598296,CEDI-04,731860710,2026062292216,R-20260622-74,ACC-003,15
2026-06-22 14:43:49.598296,CEDI-04,731860710,2026062292216,R-20260622-74,TRBT-005,25
2026-06-22 14:43:49.598296,CEDI-04,731860710,2026062292216,R-20260622-74,ACC-004,5
2026-06-22 14:43:49.598296,CEDI-04,731860710,2026062292216,R-20260622-74,TRBT-004,45
2026-06-22 14:43:49.598296,CEDI-04,731860710,2026062292216,R-20260622-74,TRBT-010,5
2026-06-22 14:43:49.598296,CEDI-04,731860710,2026062292216,R-20260622-74,CONS-001,25
2026-06-22 14:43:49.598296,CEDI-04,731860710,2026062292216,R-20260622-74,TRBT-006,25
2026-06-22 14:43:49.598296,CEDI-04,731860710,2026062292216,R-20260622-74,TRBT-008,10
2026-06-22 14:43:49.598296,CEDI-04,731860710,2026062292216,R-20260622-74,TRBT-009,30
2026-06-22 14:43:49.598296,CEDI-04,575270176,2026062287572,R-20260622-74,ACC-002,20
2026-06-22 14:43:49.598296,CEDI-04,575270176,2026062287572,R-20260622-74,TRBT-001,40
2026-06-22 14:43:49.598296,CEDI-04,575270176,2026062287572,R-20260622-74,CONS-003,50
2026-06-22 14:43:49.598296,CEDI-04,575270176,2026062287572,R-20260622-74,ACC-003,45
2026-06-22 14:43:49.598296,CEDI-04,585511997,2026062256263,R-20260622-74,TRBT-007,45
2026-06-22 14:43:49.598296,CEDI-04,585511997,2026062256263,R-20260622-74,SVC-001,25
2026-06-22 14:43:49.598296,CEDI-04,585511997,2026062256263,R-20260622-74,TRBT-009,5
2026-06-22 14:43:49.598296,CEDI-04,585511997,2026062256263,R-20260622-74,TRBT-008,5
2026-06-22 14:43:49.598296,CEDI-04,585511997,2026062256263,R-20260622-74,TRBT-003,15
2026-06-22 14:43:49.598296,CEDI-04,585511997,2026062256263,R-20260622-74,ACC-003,50
2026-06-22 14:43:49.598296,CEDI-04,585511997,2026062256263,R-20260622-74,TRBT-005,15
2026-06-22 14:43:49.598296,CEDI-04,585511997,2026062256263,R-20260622-74,TRBT-004,5
2026-06-22 14:43:49.598296,CEDI-04,585511997,2026062256263,R-20260622-74,CONS-003,10
2026-06-22 14:43:49.598296,CEDI-04,201432024,2026062294467,R-20260622-74,TRBT-006,20
2026-06-22 14:43:49.598296,CEDI-04,640085369,2026062289108,R-20260622-74,SVC-002,25
2026-06-22 14:43:49.598296,CEDI-04,640085369,2026062289108,R-20260622-74,SVC-001,35
2026-06-22 14:43:49.598296,CEDI-04,640085369,2026062289108,R-20260622-74,CONS-003,10
2026-06-22 14:43:49.598296,CEDI-04,640085369,2026062289108,R-20260622-74,TRBT-003,5
2026-06-22 14:43:49.598296,CEDI-04,640085369,2026062289108,R-20260622-74,TRBT-009,10
2026-06-22 14:43:49.598296,CEDI-04,640085369,2026062289108,R-20260622-74,TRBT-002,10
2026-06-22 14:43:49.598296,CEDI-04,640085369,2026062289108,R-20260622-74,TRBT-008,25
2026-06-22 14:43:49.598296,CEDI-04,640085369,2026062289108,R-20260622-74,TRBT-007,20
2026-06-22 14:43:49.598296,CEDI-04,349015227,2026062276132,R-20260622-74,TRBT-007,10
2026-06-22 14:43:49.598296,CEDI-04,349015227,2026062276132,R-20260622-74,TRBT-006,25
2026-06-22 14:43:49.598296,CEDI-04,349015227,2026062276132,R-20260622-74,TRBT-009,30
2026-06-22 14:43:49.598296,CEDI-04,349015227,2026062276132,R-20260622-74,TRBT-001,25
2026-06-22 14:43:49.598296,CEDI-04,445912307,2026062270839,R-20260622-74,TRBT-009,15
2026-06-22 14:43:49.598296,CEDI-04,445912307,2026062270839,R-20260622-74,TRBT-003,40
2026-06-22 14:43:49.598296,CEDI-04,445912307,2026062270839,R-20260622-74,TRBT-006,20
2026-06-22 14:43:49.598296,CEDI-04,948855846,2026062285916,R-20260622-74,TRBT-001,50
2026-06-22 14:43:49.598296,CEDI-04,948855846,2026062285916,R-20260622-74,CONS-003,5
2026-06-22 14:43:49.598296,CEDI-04,948855846,2026062285916,R-20260622-74,ACC-004,45
2026-06-22 14:43:49.598296,CEDI-04,948855846,2026062285916,R-20260622-74,TRBT-010,50
2026-06-22 14:43:49.598296,CEDI-04,948855846,2026062285916,R-20260622-74,ACC-002,10
2026-06-22 14:43:49.598296,CEDI-04,948855846,2026062285916,R-20260622-74,TRBT-008,45
2026-06-22 14:43:49.598296,CEDI-04,948855846,2026062285916,R-20260622-74,TRBT-005,10
2026-06-22 14:43:49.598296,CEDI-05,367343836,2026062299770,R-20260622-31,TRBT-004,15
2026-06-22 14:43:49.598296,CEDI-05,367343836,2026062299770,R-20260622-31,TRBT-002,30
2026-06-22 14:43:49.598296,CEDI-05,367343836,2026062299770,R-20260622-31,TRBT-001,20
2026-06-22 14:43:49.598296,CEDI-05,367343836,2026062299770,R-20260622-31,TRBT-005,20
2026-06-22 14:43:49.598296,CEDI-05,367343836,2026062299770,R-20260622-31,CONS-002,5
2026-06-22 14:43:49.598296,CEDI-05,367343836,2026062299770,R-20260622-31,ACC-004,50
2026-06-22 14:43:49.598296,CEDI-05,865799997,2026062217853,R-20260622-31,CONS-003,45
2026-06-22 14:43:49.598296,CEDI-05,865799997,2026062217853,R-20260622-31,TRBT-002,10
2026-06-22 14:43:49.598296,CEDI-05,865799997,2026062217853,R-20260622-31,CONS-002,15
2026-06-22 14:43:49.598296,CEDI-05,865799997,2026062217853,R-20260622-31,ACC-001,40
2026-06-22 14:43:49.598296,CEDI-05,865799997,2026062217853,R-20260622-31,TRBT-010,50
2026-06-22 14:43:49.598296,CEDI-05,865799997,2026062217853,R-20260622-31,TRBT-005,20
2026-06-22 14:43:49.598296,CEDI-05,865799997,2026062217853,R-20260622-31,TRBT-007,30
2026-06-22 14:43:49.598296,CEDI-05,865799997,2026062217853,R-20260622-31,ACC-003,20
2026-06-22 14:43:49.598296,CEDI-05,865799997,2026062217853,R-20260622-31,ACC-002,10
2026-06-22 14:43:49.598296,CEDI-05,865799997,2026062217853,R-20260622-31,TRBT-004,45
2026-06-22 14:43:49.598296,CEDI-05,865799997,2026062217853,R-20260622-31,TRBT-009,20
2026-06-22 14:43:49.598296,CEDI-05,865799997,2026062217853,R-20260622-31,SVC-001,40
2026-06-22 14:43:49.598296,CEDI-05,865799997,2026062217853,R-20260622-31,TRBT-006,15
2026-06-22 14:43:49.598296,CEDI-05,865799997,2026062217853,R-20260622-31,TRBT-003,50
2026-06-22 14:43:49.598296,CEDI-05,865799997,2026062217853,R-20260622-31,SVC-002,20
2026-06-22 14:43:49.598296,CEDI-05,464288890,2026062210298,R-20260622-31,TRBT-008,30
2026-06-22 14:43:49.598296,CEDI-05,464288890,2026062210298,R-20260622-31,ACC-004,45
2026-06-22 14:43:49.598296,CEDI-05,464288890,2026062210298,R-20260622-31,ACC-002,10
2026-06-22 14:43:49.598296,CEDI-05,464288890,2026062210298,R-20260622-31,ACC-001,40
2026-06-22 14:43:49.598296,CEDI-05,464288890,2026062210298,R-20260622-31,TRBT-004,45
2026-06-22 14:43:49.598296,CEDI-05,464288890,2026062210298,R-20260622-31,TRBT-010,20
2026-06-22 14:43:49.598296,CEDI-05,464288890,2026062210298,R-20260622-31,TRBT-009,40
2026-06-22 14:43:49.598296,CEDI-05,464288890,2026062210298,R-20260622-31,SVC-002,35
2026-06-22 14:43:49.598296,CEDI-05,464288890,2026062210298,R-20260622-31,TRBT-005,45
2026-06-22 14:43:49.598296,CEDI-05,464288890,2026062210298,R-20260622-31,TRBT-001,45
2026-06-22 14:43:49.598296,CEDI-05,464288890,2026062210298,R-20260622-31,TRBT-003,25
2026-06-22 14:43:49.598296,CEDI-05,464288890,2026062210298,R-20260622-31,TRBT-007,25
2026-06-22 14:43:49.598296,CEDI-05,464288890,2026062210298,R-20260622-31,ACC-003,30
2026-06-22 14:43:49.598296,CEDI-05,464288890,2026062210298,R-20260622-31,TRBT-006,45
2026-06-22 14:43:49.598296,CEDI-05,464288890,2026062210298,R-20260622-31,CONS-003,5
2026-06-22 14:43:49.598296,CEDI-05,464288890,2026062210298,R-20260622-31,SVC-001,35
2026-06-22 14:43:49.598296,CEDI-05,464288890,2026062210298,R-20260622-31,TRBT-002,5
2026-06-22 14:43:49.598296,CEDI-05,464288890,2026062210298,R-20260622-31,CONS-002,45
2026-06-22 14:43:49.598296,CEDI-05,333096775,2026062282563,R-20260622-31,TRBT-004,40
2026-06-22 14:43:49.598296,CEDI-05,333096775,2026062282563,R-20260622-31,SVC-001,30
2026-06-22 14:43:49.598296,CEDI-05,333096775,2026062282563,R-20260622-31,TRBT-006,50
2026-06-22 14:43:49.598296,CEDI-05,333096775,2026062282563,R-20260622-31,ACC-001,10
2026-06-22 14:43:49.598296,CEDI-05,333096775,2026062282563,R-20260622-31,CONS-001,45
2026-06-22 14:43:49.598296,CEDI-05,333096775,2026062282563,R-20260622-31,ACC-004,10
2026-06-22 14:43:49.598296,CEDI-05,333096775,2026062282563,R-20260622-31,TRBT-007,25
2026-06-22 14:43:49.598296,CEDI-05,333096775,2026062282563,R-20260622-31,TRBT-002,25
2026-06-22 14:43:49.598296,CEDI-05,405833775,2026062214574,R-20260622-31,TRBT-005,10
2026-06-22 14:43:49.598296,CEDI-05,405833775,2026062214574,R-20260622-31,TRBT-001,45
2026-06-22 14:43:49.598296,CEDI-05,405833775,2026062214574,R-20260622-31,TRBT-008,25
2026-06-22 14:43:49.598296,CEDI-05,405833775,2026062214574,R-20260622-31,TRBT-006,20
2026-06-22 14:43:49.598296,CEDI-05,544422783,2026062265338,R-20260622-31,TRBT-003,40
2026-06-22 14:43:49.598296,CEDI-05,544422783,2026062265338,R-20260622-31,ACC-001,50
2026-06-22 14:43:49.598296,CEDI-05,544422783,2026062265338,R-20260622-31,CONS-002,35
2026-06-22 14:43:49.598296,CEDI-05,544422783,2026062265338,R-20260622-31,TRBT-009,15
2026-06-22 14:43:49.598296,CEDI-05,544422783,2026062265338,R-20260622-31,TRBT-002,35
2026-06-22 14:43:49.598296,CEDI-05,544422783,2026062265338,R-20260622-31,TRBT-004,15
2026-06-22 14:43:49.598296,CEDI-05,544422783,2026062265338,R-20260622-31,ACC-002,30
2026-06-22 14:43:49.598296,CEDI-05,79112239,2026062236162,R-20260622-31,TRBT-007,35
2026-06-22 14:43:49.598296,CEDI-05,79112239,2026062236162,R-20260622-31,TRBT-003,40
2026-06-22 14:43:49.598296,CEDI-05,79112239,2026062236162,R-20260622-31,ACC-002,5
2026-06-22 14:43:49.598296,CEDI-05,79112239,2026062236162,R-20260622-31,SVC-002,5
2026-06-22 14:43:49.598296,CEDI-05,79112239,2026062236162,R-20260622-31,TRBT-006,50
2026-06-22 14:43:49.598296,CEDI-05,79112239,2026062236162,R-20260622-31,TRBT-005,10
2026-06-22 14:43:49.598296,CEDI-05,79112239,2026062236162,R-20260622-31,SVC-001,50
2026-06-22 14:43:49.598296,CEDI-05,79112239,2026062236162,R-20260622-31,ACC-001,35
2026-06-22 14:43:49.598296,CEDI-05,79112239,2026062236162,R-20260622-31,CONS-003,10
2026-06-22 14:43:49.598296,CEDI-05,79112239,2026062236162,R-20260622-31,CONS-002,50
2026-06-22 14:43:49.598296,CEDI-05,79112239,2026062236162,R-20260622-31,TRBT-002,40
2026-06-22 14:43:49.598296,CEDI-05,79112239,2026062236162,R-20260622-31,TRBT-008,30
2026-06-22 14:43:49.598296,CEDI-05,79112239,2026062236162,R-20260622-31,ACC-004,5
2026-06-22 14:43:49.598296,CEDI-05,79112239,2026062236162,R-20260622-31,TRBT-004,20
2026-06-22 14:43:49.598296,CEDI-05,79112239,2026062236162,R-20260622-31,CONS-001,25
2026-06-22 14:43:49.598296,CEDI-05,79112239,2026062236162,R-20260622-31,TRBT-001,10
2026-06-22 14:43:49.598296,CEDI-05,631284809,2026062282444,R-20260622-31,ACC-003,15
2026-06-22 14:43:49.598296,CEDI-05,631284809,2026062282444,R-20260622-31,TRBT-005,40
2026-06-22 14:43:49.598296,CEDI-05,35220755,2026062287365,R-20260622-31,ACC-002,50
2026-06-22 14:43:49.598296,CEDI-05,671702484,2026062245059,R-20260622-31,TRBT-010,40
2026-06-22 14:43:49.598296,CEDI-05,671702484,2026062245059,R-20260622-31,ACC-003,50
2026-06-22 14:43:49.598296,CEDI-05,671702484,2026062245059,R-20260622-31,SVC-001,15
2026-06-22 14:43:49.598296,CEDI-05,671702484,2026062245059,R-20260622-31,TRBT-001,40
2026-06-22 14:43:49.598296,CEDI-05,671702484,2026062245059,R-20260622-31,TRBT-003,5
2026-06-22 14:43:49.598296,CEDI-05,671702484,2026062245059,R-20260622-31,TRBT-004,35
2026-06-22 14:43:49.598296,CEDI-05,671702484,2026062245059,R-20260622-31,ACC-002,40
2026-06-22 14:43:49.598296,CEDI-05,671702484,2026062245059,R-20260622-31,ACC-001,30
2026-06-22 14:43:49.598296,CEDI-05,671702484,2026062245059,R-20260622-31,TRBT-005,25
2026-06-22 14:43:49.598296,CEDI-05,495063191,2026062265962,R-20260622-31,TRBT-001,5
2026-06-22 14:43:49.598296,CEDI-05,495063191,2026062265962,R-20260622-31,SVC-001,15
2026-06-22 14:43:49.598296,CEDI-05,495063191,2026062265962,R-20260622-31,TRBT-002,25
2026-06-22 14:43:49.598296,CEDI-05,495063191,2026062265962,R-20260622-31,CONS-001,50
2026-06-22 14:43:49.598296,CEDI-05,495063191,2026062265962,R-20260622-31,TRBT-004,20
2026-06-22 14:43:49.598296,CEDI-05,495063191,2026062265962,R-20260622-31,ACC-004,45
2026-06-22 14:43:49.598296,CEDI-05,495063191,2026062265962,R-20260622-31,ACC-001,30
2026-06-22 14:43:49.598296,CEDI-05,495063191,2026062265962,R-20260622-31,TRBT-005,20
2026-06-22 14:43:49.598296,CEDI-05,495063191,2026062265962,R-20260622-31,TRBT-007,40
2026-06-22 14:43:49.598296,CEDI-05,495063191,2026062265962,R-20260622-31,SVC-002,15
2026-06-22 14:43:49.598296,CEDI-05,495063191,2026062265962,R-20260622-31,ACC-002,45
2026-06-22 14:43:49.598296,CEDI-05,495063191,2026062265962,R-20260622-31,TRBT-010,10
2026-06-22 14:43:49.598296,CEDI-05,495063191,2026062265962,R-20260622-31,TRBT-009,5
2026-06-22 14:43:49.598296,CEDI-05,495063191,2026062265962,R-20260622-31,TRBT-006,5
2026-06-22 14:43:49.598296,CEDI-05,495063191,2026062265962,R-20260622-31,ACC-003,5
2026-06-22 14:43:49.598296,CEDI-05,495063191,2026062265962,R-20260622-31,TRBT-008,25
2026-06-22 14:43:49.598296,CEDI-05,495063191,2026062265962,R-20260622-31,TRBT-003,15
2026-06-22 14:43:49.598296,CEDI-05,495063191,2026062265962,R-20260622-31,CONS-003,15
2026-06-22 14:43:49.598296,CEDI-05,495063191,2026062265962,R-20260622-31,CONS-002,20
2026-06-22 14:43:49.598296,CEDI-05,600575403,2026062214337,R-20260622-31,TRBT-004,25
2026-06-22 14:43:49.598296,CEDI-05,600575403,2026062214337,R-20260622-31,TRBT-001,20
2026-06-22 14:43:49.598296,CEDI-05,600575403,2026062214337,R-20260622-31,CONS-001,25
2026-06-22 14:43:49.598296,CEDI-05,600575403,2026062214337,R-20260622-31,TRBT-002,35
2026-06-22 14:43:49.598296,CEDI-05,600575403,2026062214337,R-20260622-31,ACC-002,50
2026-06-22 14:43:49.598296,CEDI-05,600575403,2026062214337,R-20260622-31,ACC-001,15
2026-06-22 14:43:49.598296,CEDI-05,600575403,2026062214337,R-20260622-31,TRBT-008,5
2026-06-22 14:43:49.598296,CEDI-05,600575403,2026062214337,R-20260622-31,SVC-002,25
2026-06-22 14:43:49.598296,CEDI-05,600575403,2026062214337,R-20260622-31,CONS-003,40
2026-06-22 14:43:49.598296,CEDI-05,600575403,2026062214337,R-20260622-31,CONS-002,50
2026-06-22 14:43:49.598296,CEDI-05,600575403,2026062214337,R-20260622-31,TRBT-009,15
2026-06-22 14:43:49.598296,CEDI-05,472761032,2026062258754,R-20260622-31,CONS-002,50
2026-06-22 14:43:49.598296,CEDI-05,472761032,2026062258754,R-20260622-31,SVC-002,25
2026-06-22 14:43:49.598296,CEDI-05,472761032,2026062258754,R-20260622-31,TRBT-001,25
2026-06-22 14:43:49.598296,CEDI-05,472761032,2026062258754,R-20260622-31,TRBT-003,20
2026-06-22 14:43:49.598296,CEDI-05,472761032,2026062258754,R-20260622-31,TRBT-002,30
2026-06-22 14:43:49.598296,CEDI-05,472761032,2026062258754,R-20260622-31,TRBT-010,5
2026-06-22 14:43:49.598296,CEDI-05,472761032,2026062258754,R-20260622-31,CONS-001,5
2026-06-22 14:43:49.598296,CEDI-05,472761032,2026062258754,R-20260622-31,TRBT-006,25
2026-06-22 14:43:49.598296,CEDI-05,472761032,2026062258754,R-20260622-31,ACC-002,30
2026-06-22 14:43:49.598296,CEDI-05,472761032,2026062258754,R-20260622-31,ACC-003,45
2026-06-22 14:43:49.598296,CEDI-05,472761032,2026062258754,R-20260622-31,TRBT-008,20
2026-06-22 14:43:49.598296,CEDI-05,472761032,2026062258754,R-20260622-31,TRBT-005,20
2026-06-22 14:43:49.598296,CEDI-05,472761032,2026062258754,R-20260622-31,TRBT-007,35
2026-06-22 14:43:49.598296,CEDI-05,472761032,2026062258754,R-20260622-31,ACC-004,5
2026-06-22 14:43:49.598296,CEDI-05,472761032,2026062258754,R-20260622-31,CONS-003,25
2026-06-22 14:43:49.598296,CEDI-05,472761032,2026062258754,R-20260622-31,ACC-001,45
2026-06-22 14:43:49.598296,CEDI-05,472761032,2026062258754,R-20260622-31,TRBT-009,15
2026-06-22 14:43:49.598296,CEDI-05,472761032,2026062258754,R-20260622-31,SVC-001,15
2026-06-22 14:43:49.598296,CEDI-05,978057162,2026062281478,R-20260622-31,TRBT-004,30
2026-06-22 14:43:49.598296,CEDI-05,978057162,2026062281478,R-20260622-31,ACC-001,25
2026-06-22 14:43:49.598296,CEDI-05,978057162,2026062281478,R-20260622-31,SVC-002,10
2026-06-22 14:43:49.598296,CEDI-05,978057162,2026062281478,R-20260622-31,TRBT-001,5
2026-06-22 14:43:49.598296,CEDI-05,978057162,2026062281478,R-20260622-31,ACC-004,45
2026-06-22 14:43:49.598296,CEDI-05,978057162,2026062281478,R-20260622-31,ACC-003,30
2026-06-22 14:43:49.598296,CEDI-05,978057162,2026062281478,R-20260622-31,CONS-001,15
2026-06-22 14:43:49.598296,CEDI-05,978057162,2026062281478,R-20260622-31,ACC-002,45
2026-06-22 14:43:49.598296,CEDI-05,978057162,2026062281478,R-20260622-31,CONS-003,35
2026-06-22 14:43:49.598296,CEDI-05,978057162,2026062281478,R-20260622-31,TRBT-009,10
2026-06-22 14:43:49.598296,CEDI-05,978057162,2026062281478,R-20260622-31,SVC-001,20
2026-06-22 14:43:49.598296,CEDI-05,978057162,2026062281478,R-20260622-31,TRBT-008,30
2026-06-22 14:43:49.598296,CEDI-05,800442391,2026062218149,R-20260622-31,CONS-003,45
2026-06-22 14:43:49.598296,CEDI-05,800442391,2026062218149,R-20260622-31,TRBT-010,45
2026-06-22 14:43:49.598296,CEDI-05,800442391,2026062218149,R-20260622-31,CONS-002,25
2026-06-22 14:43:49.598296,CEDI-05,800442391,2026062218149,R-20260622-31,TRBT-009,15
2026-06-22 14:43:49.598296,CEDI-05,800442391,2026062218149,R-20260622-31,CONS-001,40
2026-06-22 14:43:49.598296,CEDI-05,800442391,2026062218149,R-20260622-31,TRBT-004,50
2026-06-22 14:43:49.598296,CEDI-05,800442391,2026062218149,R-20260622-31,SVC-001,20
2026-06-22 14:43:49.598296,CEDI-05,800442391,2026062218149,R-20260622-31,ACC-003,30
2026-06-22 14:43:49.598296,CEDI-05,800442391,2026062218149,R-20260622-31,TRBT-007,45
2026-06-22 14:43:49.598296,CEDI-05,800442391,2026062218149,R-20260622-31,TRBT-003,50
2026-06-22 14:43:49.598296,CEDI-05,800442391,2026062218149,R-20260622-31,TRBT-008,20
2026-06-22 14:43:49.598296,CEDI-05,842797191,2026062284615,R-20260622-31,TRBT-009,20
2026-06-22 14:43:49.598296,CEDI-05,842797191,2026062284615,R-20260622-31,CONS-001,30
2026-06-22 14:43:49.598296,CEDI-05,842797191,2026062284615,R-20260622-31,TRBT-007,5
2026-06-22 14:43:49.598296,CEDI-05,842797191,2026062284615,R-20260622-31,TRBT-003,15
2026-06-22 14:43:49.598296,CEDI-05,842797191,2026062284615,R-20260622-31,TRBT-002,40
2026-06-22 14:43:49.598296,CEDI-05,372190680,2026062236610,R-20260622-31,ACC-001,10
2026-06-22 14:43:49.598296,CEDI-05,372190680,2026062236610,R-20260622-31,CONS-003,50
2026-06-22 14:43:49.598296,CEDI-05,372190680,2026062236610,R-20260622-31,ACC-004,15
2026-06-22 14:43:49.598296,CEDI-05,372190680,2026062236610,R-20260622-31,ACC-003,20
2026-06-22 14:43:49.598296,CEDI-05,702842987,2026062281044,R-20260622-31,CONS-003,25
2026-06-22 14:43:49.598296,CEDI-05,768499424,2026062228805,R-20260622-31,TRBT-010,50
2026-06-22 14:43:49.598296,CEDI-05,768499424,2026062228805,R-20260622-31,SVC-002,50
2026-06-22 14:43:49.598296,CEDI-05,768499424,2026062228805,R-20260622-31,CONS-003,10
2026-06-22 14:43:49.598296,CEDI-05,768499424,2026062228805,R-20260622-31,TRBT-006,25
2026-06-22 14:43:49.598296,CEDI-05,768499424,2026062228805,R-20260622-31,SVC-001,10
2026-06-22 14:43:49.598296,CEDI-05,768499424,2026062228805,R-20260622-31,ACC-004,35
2026-06-22 14:43:49.598296,CEDI-05,768499424,2026062228805,R-20260622-31,TRBT-001,40
2026-06-22 14:43:49.598296,CEDI-05,828492890,2026062250242,R-20260622-31,TRBT-006,25
2026-06-22 14:43:49.598296,CEDI-05,828492890,2026062250242,R-20260622-31,TRBT-008,5
2026-06-22 14:43:49.598296,CEDI-05,828492890,2026062250242,R-20260622-31,TRBT-007,50
2026-06-22 14:43:49.598296,CEDI-05,828492890,2026062250242,R-20260622-31,SVC-001,30
2026-06-22 14:43:49.598296,CEDI-05,828492890,2026062250242,R-20260622-31,TRBT-001,20
2026-06-22 14:43:49.598296,CEDI-05,828492890,2026062250242,R-20260622-31,CONS-003,30
2026-06-22 14:43:49.598296,CEDI-05,633687675,2026062259285,R-20260622-31,TRBT-009,25
2026-06-22 14:43:49.598296,CEDI-05,251680057,2026062296110,R-20260622-31,SVC-001,25
2026-06-22 14:43:49.598296,CEDI-05,251680057,2026062296110,R-20260622-31,TRBT-008,20
2026-06-22 14:43:49.598296,CEDI-05,251680057,2026062296110,R-20260622-31,CONS-003,35
2026-06-22 14:43:49.598296,CEDI-05,251680057,2026062296110,R-20260622-31,TRBT-004,35
2026-06-22 14:43:49.598296,CEDI-05,251680057,2026062296110,R-20260622-31,TRBT-007,5
2026-06-22 14:43:49.598296,CEDI-05,251680057,2026062296110,R-20260622-31,TRBT-009,20
2026-06-22 14:43:49.598296,CEDI-05,251680057,2026062296110,R-20260622-31,SVC-002,30
2026-06-22 14:43:49.598296,CEDI-05,251680057,2026062296110,R-20260622-31,TRBT-003,35
2026-06-22 14:43:49.598296,CEDI-05,251680057,2026062296110,R-20260622-31,TRBT-002,10
2026-06-22 14:43:49.598296,CEDI-05,251680057,2026062296110,R-20260622-31,ACC-003,35
2026-06-22 14:43:49.598296,CEDI-05,251680057,2026062296110,R-20260622-31,ACC-002,15
2026-06-22 14:43:49.598296,CEDI-05,251680057,2026062296110,R-20260622-31,ACC-004,40
2026-06-22 14:43:49.598296,CEDI-05,251680057,2026062296110,R-20260622-31,TRBT-010,50
2026-06-22 14:43:49.598296,CEDI-05,251680057,2026062296110,R-20260622-31,ACC-001,10
2026-06-22 14:43:49.598296,CEDI-05,251680057,2026062296110,R-20260622-31,CONS-001,30
2026-06-22 14:43:49.598296,CEDI-05,251680057,2026062296110,R-20260622-31,TRBT-006,15
2026-06-22 14:43:49.598296,CEDI-05,778992178,2026062218662,R-20260622-31,ACC-003,20
2026-06-22 14:43:49.598296,CEDI-05,778992178,2026062218662,R-20260622-31,ACC-004,30
2026-06-22 14:43:49.598296,CEDI-05,778992178,2026062218662,R-20260622-31,TRBT-007,40
2026-06-22 14:43:49.598296,CEDI-05,69232380,2026062251711,R-20260622-31,TRBT-009,10
2026-06-22 14:43:49.598296,CEDI-05,69232380,2026062251711,R-20260622-31,CONS-003,35
2026-06-22 14:43:49.598296,CEDI-05,69232380,2026062251711,R-20260622-31,TRBT-003,45
2026-06-22 14:43:49.598296,CEDI-05,69232380,2026062251711,R-20260622-31,CONS-001,35
2026-06-22 14:43:49.598296,CEDI-05,69232380,2026062251711,R-20260622-31,TRBT-005,30
2026-06-22 14:43:49.598296,CEDI-05,69232380,2026062251711,R-20260622-31,CONS-002,15
2026-06-22 14:43:49.598296,CEDI-05,69232380,2026062251711,R-20260622-31,TRBT-008,15
2026-06-22 14:43:49.598296,CEDI-05,69232380,2026062251711,R-20260622-31,TRBT-006,10
2026-06-22 14:43:49.598296,CEDI-05,69232380,2026062251711,R-20260622-31,SVC-001,45
2026-06-22 14:43:49.598296,CEDI-05,69232380,2026062251711,R-20260622-31,ACC-003,30
2026-06-22 14:43:49.598296,CEDI-05,69232380,2026062251711,R-20260622-31,ACC-004,30
2026-06-22 14:43:49.598296,CEDI-05,69232380,2026062251711,R-20260622-31,TRBT-010,10
2026-06-22 14:43:49.598296,CEDI-05,709135330,2026062293342,R-20260622-31,TRBT-009,40
2026-06-22 14:43:49.598296,CEDI-05,709135330,2026062293342,R-20260622-31,TRBT-010,5
2026-06-22 14:43:49.598296,CEDI-05,709135330,2026062293342,R-20260622-31,TRBT-008,5
2026-06-22 14:43:49.598296,CEDI-05,709135330,2026062293342,R-20260622-31,CONS-002,35
2026-06-22 14:43:49.598296,CEDI-05,709135330,2026062293342,R-20260622-31,ACC-002,25
2026-06-22 14:43:49.598296,CEDI-05,28656521,2026062220492,R-20260622-31,TRBT-004,45
2026-06-22 14:43:49.598296,CEDI-05,28656521,2026062220492,R-20260622-31,ACC-004,5
2026-06-22 14:43:49.598296,CEDI-05,28656521,2026062220492,R-20260622-31,TRBT-010,5
2026-06-22 14:43:49.598296,CEDI-05,28656521,2026062220492,R-20260622-31,CONS-002,40
2026-06-22 14:43:49.598296,CEDI-05,28656521,2026062220492,R-20260622-31,SVC-001,5
2026-06-22 14:43:49.598296,CEDI-05,28656521,2026062220492,R-20260622-31,TRBT-009,50
2026-06-22 14:43:49.598296,CEDI-05,28656521,2026062220492,R-20260622-31,CONS-003,45
2026-06-22 14:43:49.598296,CEDI-05,28656521,2026062220492,R-20260622-31,ACC-001,50
2026-06-22 14:43:49.598296,CEDI-05,28656521,2026062220492,R-20260622-31,TRBT-008,30
2026-06-22 14:43:49.598296,CEDI-05,28656521,2026062220492,R-20260622-31,TRBT-001,15
2026-06-22 14:43:49.598296,CEDI-05,28656521,2026062220492,R-20260622-31,TRBT-002,45
2026-06-22 14:43:49.598296,CEDI-05,28656521,2026062220492,R-20260622-31,TRBT-006,30
2026-06-22 14:43:49.598296,CEDI-05,28656521,2026062220492,R-20260622-31,SVC-002,45
2026-06-22 14:43:49.598296,CEDI-05,28656521,2026062220492,R-20260622-31,ACC-002,45
2026-06-22 14:43:49.598296,CEDI-05,28656521,2026062220492,R-20260622-31,TRBT-005,40
2026-06-22 14:43:49.598296,CEDI-05,476174209,2026062297802,R-20260622-31,TRBT-010,15
2026-06-22 14:43:49.598296,CEDI-05,476174209,2026062297802,R-20260622-31,TRBT-002,20
2026-06-22 14:43:49.598296,CEDI-05,476174209,2026062297802,R-20260622-31,ACC-003,10
2026-06-22 14:43:49.598296,CEDI-05,476174209,2026062297802,R-20260622-31,SVC-001,40
2026-06-22 14:43:49.598296,CEDI-05,476174209,2026062297802,R-20260622-31,TRBT-008,50
2026-06-22 14:43:49.598296,CEDI-05,476174209,2026062297802,R-20260622-31,TRBT-007,45
2026-06-22 14:43:49.598296,CEDI-05,476174209,2026062297802,R-20260622-31,TRBT-005,45
2026-06-22 14:43:49.598296,CEDI-05,476174209,2026062297802,R-20260622-31,ACC-004,45
2026-06-22 14:43:49.598296,CEDI-05,476174209,2026062297802,R-20260622-31,CONS-002,20
2026-06-22 14:43:49.598296,CEDI-05,476174209,2026062297802,R-20260622-31,CONS-003,30
2026-06-22 14:43:49.598296,CEDI-05,476174209,2026062297802,R-20260622-31,TRBT-006,10
2026-06-22 14:43:49.598296,CEDI-05,476174209,2026062297802,R-20260622-31,TRBT-003,15
2026-06-22 14:43:49.598296,CEDI-05,476174209,2026062297802,R-20260622-31,CONS-001,5
2026-06-22 14:43:49.598296,CEDI-05,476174209,2026062297802,R-20260622-31,ACC-001,20
2026-06-22 14:43:49.598296,CEDI-05,476174209,2026062297802,R-20260622-31,TRBT-001,5
2026-06-22 14:43:49.598296,CEDI-05,476174209,2026062297802,R-20260622-31,ACC-002,5
2026-06-22 14:43:49.598296,CEDI-05,476174209,2026062297802,R-20260622-31,TRBT-004,15
2026-06-22 14:43:49.598296,CEDI-05,476174209,2026062297802,R-20260622-31,TRBT-009,20
2026-06-22 14:43:49.598296,CEDI-05,950235605,2026062259594,R-20260622-31,TRBT-002,35
2026-06-22 14:43:49.598296,CEDI-05,950235605,2026062259594,R-20260622-31,TRBT-004,5
2026-06-22 14:43:49.598296,CEDI-05,950235605,2026062259594,R-20260622-31,TRBT-009,35
2026-06-22 14:43:49.598296,CEDI-05,950235605,2026062259594,R-20260622-31,TRBT-003,5
2026-06-22 14:43:49.598296,CEDI-06,230336452,2026062258664,R-20260622-76,ACC-001,30
2026-06-22 14:43:49.598296,CEDI-06,230336452,2026062258664,R-20260622-76,ACC-004,35
2026-06-22 14:43:49.598296,CEDI-06,230336452,2026062258664,R-20260622-76,TRBT-007,45
2026-06-22 14:43:49.598296,CEDI-06,230336452,2026062258664,R-20260622-76,TRBT-006,15
2026-06-22 14:43:49.598296,CEDI-06,230336452,2026062258664,R-20260622-76,TRBT-010,10
2026-06-22 14:43:49.598296,CEDI-06,230336452,2026062258664,R-20260622-76,TRBT-005,50
2026-06-22 14:43:49.598296,CEDI-06,230336452,2026062258664,R-20260622-76,CONS-002,50
2026-06-22 14:43:49.598296,CEDI-06,230336452,2026062258664,R-20260622-76,SVC-002,10
2026-06-22 14:43:49.598296,CEDI-06,230336452,2026062258664,R-20260622-76,TRBT-001,5
2026-06-22 14:43:49.598296,CEDI-06,230336452,2026062258664,R-20260622-76,TRBT-003,40
2026-06-22 14:43:49.598296,CEDI-06,230336452,2026062258664,R-20260622-76,TRBT-004,25
2026-06-22 14:43:49.598296,CEDI-06,230336452,2026062258664,R-20260622-76,TRBT-009,30
2026-06-22 14:43:49.598296,CEDI-06,230336452,2026062258664,R-20260622-76,TRBT-002,5
2026-06-22 14:43:49.598296,CEDI-06,230336452,2026062258664,R-20260622-76,TRBT-008,5
2026-06-22 14:43:49.598296,CEDI-06,875078377,2026062284761,R-20260622-76,TRBT-008,35
2026-06-22 14:43:49.598296,CEDI-06,875078377,2026062284761,R-20260622-76,TRBT-002,5
2026-06-22 14:43:49.598296,CEDI-06,875078377,2026062284761,R-20260622-76,SVC-002,5
2026-06-22 14:43:49.598296,CEDI-06,307576550,2026062223520,R-20260622-76,ACC-001,20
2026-06-22 14:43:49.598296,CEDI-06,307576550,2026062223520,R-20260622-76,TRBT-003,40
2026-06-22 14:43:49.598296,CEDI-06,307576550,2026062223520,R-20260622-76,ACC-004,45
2026-06-22 14:43:49.598296,CEDI-06,307576550,2026062223520,R-20260622-76,TRBT-007,50
2026-06-22 14:43:49.598296,CEDI-06,307576550,2026062223520,R-20260622-76,CONS-001,45
2026-06-22 14:43:49.598296,CEDI-06,307576550,2026062223520,R-20260622-76,ACC-002,50
2026-06-22 14:43:49.598296,CEDI-06,307576550,2026062223520,R-20260622-76,SVC-001,40
2026-06-22 14:43:49.598296,CEDI-06,307576550,2026062223520,R-20260622-76,TRBT-004,45
2026-06-22 14:43:49.598296,CEDI-06,307576550,2026062223520,R-20260622-76,TRBT-010,30
2026-06-22 14:43:49.598296,CEDI-06,307576550,2026062223520,R-20260622-76,CONS-003,35
2026-06-22 14:43:49.598296,CEDI-06,307576550,2026062223520,R-20260622-76,ACC-003,25
2026-06-22 14:43:49.598296,CEDI-06,307576550,2026062223520,R-20260622-76,TRBT-008,35
2026-06-22 14:43:49.598296,CEDI-06,307576550,2026062223520,R-20260622-76,TRBT-002,10
2026-06-22 14:43:49.598296,CEDI-06,307576550,2026062223520,R-20260622-76,TRBT-001,25
2026-06-22 14:43:49.598296,CEDI-06,843793822,2026062239721,R-20260622-76,TRBT-003,25
2026-06-22 14:43:49.598296,CEDI-06,843793822,2026062239721,R-20260622-76,TRBT-010,5
2026-06-22 14:43:49.598296,CEDI-06,843793822,2026062239721,R-20260622-76,TRBT-002,40
2026-06-22 14:43:49.598296,CEDI-06,843793822,2026062239721,R-20260622-76,TRBT-008,20
2026-06-22 14:43:49.598296,CEDI-06,843793822,2026062239721,R-20260622-76,ACC-003,35
2026-06-22 14:43:49.598296,CEDI-06,843793822,2026062239721,R-20260622-76,CONS-003,50
2026-06-22 14:43:49.598296,CEDI-06,843793822,2026062239721,R-20260622-76,ACC-004,30
2026-06-22 14:43:49.598296,CEDI-06,843793822,2026062239721,R-20260622-76,TRBT-004,35
2026-06-22 14:43:49.598296,CEDI-06,843793822,2026062239721,R-20260622-76,CONS-001,10
2026-06-22 14:43:49.598296,CEDI-06,843793822,2026062239721,R-20260622-76,SVC-001,50
2026-06-22 14:43:49.598296,CEDI-06,843793822,2026062239721,R-20260622-76,SVC-002,35
2026-06-22 14:43:49.598296,CEDI-06,843793822,2026062239721,R-20260622-76,ACC-002,40
2026-06-22 14:43:49.598296,CEDI-06,843793822,2026062239721,R-20260622-76,ACC-001,40
2026-06-22 14:43:49.598296,CEDI-06,843793822,2026062239721,R-20260622-76,TRBT-006,30
2026-06-22 14:43:49.598296,CEDI-06,843793822,2026062239721,R-20260622-76,CONS-002,10
2026-06-22 14:43:49.598296,CEDI-06,668809637,2026062248583,R-20260622-76,TRBT-002,50
2026-06-22 14:43:49.598296,CEDI-06,668809637,2026062248583,R-20260622-76,SVC-001,15
2026-06-22 14:43:49.598296,CEDI-06,668809637,2026062248583,R-20260622-76,ACC-001,20
2026-06-22 14:43:49.598296,CEDI-06,668809637,2026062248583,R-20260622-76,CONS-002,35
2026-06-22 14:43:49.598296,CEDI-06,668809637,2026062248583,R-20260622-76,TRBT-008,35
2026-06-22 14:43:49.598296,CEDI-06,668809637,2026062248583,R-20260622-76,TRBT-004,40
2026-06-22 14:43:49.598296,CEDI-06,739729958,2026062263348,R-20260622-76,SVC-001,15
2026-06-22 14:43:49.598296,CEDI-06,739729958,2026062263348,R-20260622-76,CONS-002,35
2026-06-22 14:43:49.598296,CEDI-06,739729958,2026062263348,R-20260622-76,TRBT-001,30
2026-06-22 14:43:49.598296,CEDI-06,739729958,2026062263348,R-20260622-76,CONS-003,35
2026-06-22 14:43:49.598296,CEDI-06,739729958,2026062263348,R-20260622-76,TRBT-002,35
2026-06-22 14:43:49.598296,CEDI-06,739729958,2026062263348,R-20260622-76,TRBT-005,40
2026-06-22 14:43:49.598296,CEDI-06,739729958,2026062263348,R-20260622-76,TRBT-003,10
2026-06-22 14:43:49.598296,CEDI-06,739729958,2026062263348,R-20260622-76,TRBT-009,20
2026-06-22 14:43:49.598296,CEDI-06,739729958,2026062263348,R-20260622-76,TRBT-004,35
2026-06-22 14:43:49.598296,CEDI-06,739729958,2026062263348,R-20260622-76,ACC-003,30
2026-06-22 14:43:49.598296,CEDI-06,739729958,2026062263348,R-20260622-76,CONS-001,30
2026-06-22 14:43:49.598296,CEDI-06,739729958,2026062263348,R-20260622-76,TRBT-008,35
2026-06-22 14:43:49.598296,CEDI-06,739729958,2026062263348,R-20260622-76,ACC-001,30
2026-06-22 14:43:49.598296,CEDI-06,739729958,2026062263348,R-20260622-76,TRBT-007,30
2026-06-22 14:43:49.598296,CEDI-06,739729958,2026062263348,R-20260622-76,TRBT-010,45
2026-06-22 14:43:49.598296,CEDI-06,739729958,2026062263348,R-20260622-76,ACC-002,50
2026-06-22 14:43:49.598296,CEDI-06,739729958,2026062263348,R-20260622-76,SVC-002,40
2026-06-22 14:43:49.598296,CEDI-06,739729958,2026062263348,R-20260622-76,TRBT-006,45
2026-06-22 14:43:49.598296,CEDI-06,739729958,2026062263348,R-20260622-76,ACC-004,25
2026-06-22 14:43:49.598296,CEDI-06,782579202,2026062299085,R-20260622-76,TRBT-010,40
2026-06-22 14:43:49.598296,CEDI-06,782579202,2026062299085,R-20260622-76,CONS-003,15
2026-06-22 14:43:49.598296,CEDI-06,782579202,2026062299085,R-20260622-76,CONS-002,20
2026-06-22 14:43:49.598296,CEDI-06,782579202,2026062299085,R-20260622-76,ACC-003,50
2026-06-22 14:43:49.598296,CEDI-06,782579202,2026062299085,R-20260622-76,ACC-001,20
2026-06-22 14:43:49.598296,CEDI-06,782579202,2026062299085,R-20260622-76,TRBT-003,50
2026-06-22 14:43:49.598296,CEDI-06,782579202,2026062299085,R-20260622-76,TRBT-006,30
2026-06-22 14:43:49.598296,CEDI-06,782579202,2026062299085,R-20260622-76,TRBT-009,15
2026-06-22 14:43:49.598296,CEDI-06,782579202,2026062299085,R-20260622-76,TRBT-005,50
2026-06-22 14:43:49.598296,CEDI-06,782579202,2026062299085,R-20260622-76,SVC-002,10
2026-06-22 14:43:49.598296,CEDI-06,782579202,2026062299085,R-20260622-76,TRBT-008,5
2026-06-22 14:43:49.598296,CEDI-06,782579202,2026062299085,R-20260622-76,TRBT-002,15
2026-06-22 14:43:49.598296,CEDI-06,227687077,2026062249071,R-20260622-76,TRBT-008,45
2026-06-22 14:43:49.598296,CEDI-06,227687077,2026062249071,R-20260622-76,SVC-002,45
2026-06-22 14:43:49.598296,CEDI-06,227687077,2026062249071,R-20260622-76,SVC-001,30
2026-06-22 14:43:49.598296,CEDI-06,227687077,2026062249071,R-20260622-76,ACC-001,50
2026-06-22 14:43:49.598296,CEDI-06,227687077,2026062249071,R-20260622-76,ACC-002,45
2026-06-22 14:43:49.598296,CEDI-06,227687077,2026062249071,R-20260622-76,TRBT-007,30
2026-06-22 14:43:49.598296,CEDI-06,227687077,2026062249071,R-20260622-76,TRBT-003,20
2026-06-22 14:43:49.598296,CEDI-06,227687077,2026062249071,R-20260622-76,TRBT-005,40
2026-06-22 14:43:49.598296,CEDI-06,227687077,2026062249071,R-20260622-76,CONS-003,5
2026-06-22 14:43:49.598296,CEDI-06,227687077,2026062249071,R-20260622-76,TRBT-004,30
2026-06-22 14:43:49.598296,CEDI-06,227687077,2026062249071,R-20260622-76,TRBT-001,30
2026-06-22 14:43:49.598296,CEDI-06,227687077,2026062249071,R-20260622-76,CONS-001,40
2026-06-22 14:43:49.598296,CEDI-06,227687077,2026062249071,R-20260622-76,CONS-002,20
2026-06-22 14:43:49.598296,CEDI-06,227687077,2026062249071,R-20260622-76,TRBT-010,50
2026-06-22 14:43:49.598296,CEDI-06,227687077,2026062249071,R-20260622-76,ACC-004,10
2026-06-22 14:43:49.598296,CEDI-06,28477530,2026062283677,R-20260622-76,TRBT-007,50
2026-06-22 14:43:49.598296,CEDI-06,28477530,2026062283677,R-20260622-76,TRBT-002,15
2026-06-22 14:43:49.598296,CEDI-06,28477530,2026062283677,R-20260622-76,ACC-001,15
2026-06-22 14:43:49.598296,CEDI-06,28477530,2026062283677,R-20260622-76,ACC-002,5
2026-06-22 14:43:49.598296,CEDI-06,28477530,2026062283677,R-20260622-76,TRBT-009,50
2026-06-22 14:43:49.598296,CEDI-06,28477530,2026062283677,R-20260622-76,TRBT-003,30
2026-06-22 14:43:49.598296,CEDI-06,28477530,2026062283677,R-20260622-76,TRBT-001,15
2026-06-22 14:43:49.598296,CEDI-06,28477530,2026062283677,R-20260622-76,TRBT-010,15
2026-06-22 14:43:49.598296,CEDI-06,28477530,2026062283677,R-20260622-76,SVC-001,50
2026-06-22 14:43:49.598296,CEDI-06,28477530,2026062283677,R-20260622-76,ACC-004,15
2026-06-22 14:43:49.598296,CEDI-06,28477530,2026062283677,R-20260622-76,TRBT-004,20
2026-06-22 14:43:49.598296,CEDI-06,28477530,2026062283677,R-20260622-76,CONS-002,40
2026-06-22 14:43:49.598296,CEDI-06,28477530,2026062283677,R-20260622-76,TRBT-008,15
2026-06-22 14:43:49.598296,CEDI-06,28477530,2026062283677,R-20260622-76,SVC-002,25
2026-06-22 14:43:49.598296,CEDI-06,28477530,2026062283677,R-20260622-76,TRBT-005,15
2026-06-22 14:43:49.598296,CEDI-06,28477530,2026062283677,R-20260622-76,CONS-001,15
2026-06-22 14:43:49.598296,CEDI-06,365513547,2026062229928,R-20260622-76,ACC-003,5
2026-06-22 14:43:49.598296,CEDI-06,365513547,2026062229928,R-20260622-76,TRBT-010,40
2026-06-22 14:43:49.598296,CEDI-06,365513547,2026062229928,R-20260622-76,ACC-002,10
2026-06-22 14:43:49.598296,CEDI-06,365513547,2026062229928,R-20260622-76,TRBT-007,5
2026-06-22 14:43:49.598296,CEDI-06,365513547,2026062229928,R-20260622-76,ACC-004,15
2026-06-22 14:43:49.598296,CEDI-06,365513547,2026062229928,R-20260622-76,TRBT-002,45
2026-06-22 14:43:49.598296,CEDI-06,365513547,2026062229928,R-20260622-76,TRBT-006,20
2026-06-22 14:43:49.598296,CEDI-06,365513547,2026062229928,R-20260622-76,CONS-001,5
2026-06-22 14:43:49.598296,CEDI-06,365513547,2026062229928,R-20260622-76,SVC-002,40
2026-06-22 14:43:49.598296,CEDI-06,365513547,2026062229928,R-20260622-76,TRBT-009,10
2026-06-22 14:43:49.598296,CEDI-06,365513547,2026062229928,R-20260622-76,TRBT-003,20
2026-06-22 14:43:49.598296,CEDI-06,365513547,2026062229928,R-20260622-76,TRBT-008,45
2026-06-22 14:43:49.598296,CEDI-06,365513547,2026062229928,R-20260622-76,CONS-002,5
2026-06-22 14:43:49.598296,CEDI-06,365513547,2026062229928,R-20260622-76,TRBT-004,10
2026-06-22 14:43:49.598296,CEDI-06,365513547,2026062229928,R-20260622-76,SVC-001,50
2026-06-22 14:43:49.598296,CEDI-06,365513547,2026062229928,R-20260622-76,TRBT-001,50
2026-06-22 14:43:49.598296,CEDI-06,365513547,2026062229928,R-20260622-76,ACC-001,30
2026-06-22 14:43:49.598296,CEDI-06,248000477,2026062293083,R-20260622-76,TRBT-002,35
2026-06-22 14:43:49.598296,CEDI-06,248000477,2026062293083,R-20260622-76,TRBT-003,20
2026-06-22 14:43:49.598296,CEDI-06,248000477,2026062293083,R-20260622-76,TRBT-007,35
2026-06-22 14:43:49.598296,CEDI-06,238060021,2026062298055,R-20260622-76,TRBT-007,35
2026-06-22 14:43:49.598296,CEDI-06,238060021,2026062298055,R-20260622-76,ACC-001,15
2026-06-22 14:43:49.598296,CEDI-06,238060021,2026062298055,R-20260622-76,TRBT-002,45
2026-06-22 14:43:49.598296,CEDI-06,238060021,2026062298055,R-20260622-76,TRBT-001,15
2026-06-22 14:43:49.598296,CEDI-06,238060021,2026062298055,R-20260622-76,TRBT-004,40
2026-06-22 14:43:49.598296,CEDI-06,238060021,2026062298055,R-20260622-76,TRBT-005,50
2026-06-22 14:43:49.598296,CEDI-06,238060021,2026062298055,R-20260622-76,ACC-002,5
2026-06-22 14:43:49.598296,CEDI-06,238060021,2026062298055,R-20260622-76,TRBT-008,35
2026-06-22 14:43:49.598296,CEDI-06,238060021,2026062298055,R-20260622-76,ACC-004,5
2026-06-22 14:43:49.598296,CEDI-06,238060021,2026062298055,R-20260622-76,TRBT-006,30
2026-06-22 14:43:49.598296,CEDI-06,238060021,2026062298055,R-20260622-76,SVC-002,15
2026-06-22 14:43:49.598296,CEDI-06,238060021,2026062298055,R-20260622-76,CONS-002,45
2026-06-22 14:43:49.598296,CEDI-06,238060021,2026062298055,R-20260622-76,TRBT-003,25
2026-06-22 14:43:49.598296,CEDI-06,238060021,2026062298055,R-20260622-76,CONS-003,20
2026-06-22 14:43:49.598296,CEDI-06,238060021,2026062298055,R-20260622-76,TRBT-010,40
2026-06-22 14:43:49.598296,CEDI-06,238060021,2026062298055,R-20260622-76,TRBT-009,50
2026-06-22 14:43:49.598296,CEDI-06,539656035,2026062276130,R-20260622-76,SVC-001,5
2026-06-22 14:43:49.598296,CEDI-06,539656035,2026062276130,R-20260622-76,TRBT-010,25
2026-06-22 14:43:49.598296,CEDI-06,539656035,2026062276130,R-20260622-76,TRBT-001,50
2026-06-22 14:43:49.598296,CEDI-06,539656035,2026062276130,R-20260622-76,ACC-004,15
2026-06-22 14:43:49.598296,CEDI-06,539656035,2026062276130,R-20260622-76,TRBT-004,15
2026-06-22 14:43:49.598296,CEDI-06,539656035,2026062276130,R-20260622-76,CONS-003,15
2026-06-22 14:43:49.598296,CEDI-06,539656035,2026062276130,R-20260622-76,SVC-002,30
2026-06-22 14:43:49.598296,CEDI-06,539656035,2026062276130,R-20260622-76,TRBT-009,10
2026-06-22 14:43:49.598296,CEDI-06,539656035,2026062276130,R-20260622-76,TRBT-005,25
2026-06-22 14:43:49.598296,CEDI-06,539656035,2026062276130,R-20260622-76,CONS-001,5
2026-06-22 14:43:49.598296,CEDI-06,539656035,2026062276130,R-20260622-76,CONS-002,50
2026-06-22 14:43:49.598296,CEDI-06,539656035,2026062276130,R-20260622-76,TRBT-008,40
2026-06-22 14:43:49.598296,CEDI-06,539656035,2026062276130,R-20260622-76,ACC-002,20
2026-06-22 14:43:49.598296,CEDI-06,539656035,2026062276130,R-20260622-76,TRBT-003,40
2026-06-22 14:43:49.598296,CEDI-06,539656035,2026062276130,R-20260622-76,ACC-001,30
2026-06-22 14:43:49.598296,CEDI-06,422361991,2026062231993,R-20260622-76,ACC-004,45
2026-06-22 14:43:49.598296,CEDI-06,422361991,2026062231993,R-20260622-76,CONS-002,10
2026-06-22 14:43:49.598296,CEDI-06,422361991,2026062231993,R-20260622-76,ACC-001,30
2026-06-22 14:43:49.598296,CEDI-06,422361991,2026062231993,R-20260622-76,TRBT-003,20
2026-06-22 14:43:49.598296,CEDI-06,422361991,2026062231993,R-20260622-76,ACC-002,20
2026-06-22 14:43:49.598296,CEDI-06,422361991,2026062231993,R-20260622-76,SVC-001,5
2026-06-22 14:43:49.598296,CEDI-06,422361991,2026062231993,R-20260622-76,ACC-003,25
2026-06-22 14:43:49.598296,CEDI-06,422361991,2026062231993,R-20260622-76,TRBT-007,25
2026-06-22 14:43:49.598296,CEDI-06,422361991,2026062231993,R-20260622-76,TRBT-009,20
2026-06-22 14:43:49.598296,CEDI-06,422361991,2026062231993,R-20260622-76,TRBT-002,35
2026-06-22 14:43:49.598296,CEDI-06,422361991,2026062231993,R-20260622-76,SVC-002,20
2026-06-22 14:43:49.598296,CEDI-06,422361991,2026062231993,R-20260622-76,TRBT-005,30
2026-06-22 14:43:49.598296,CEDI-06,422361991,2026062231993,R-20260622-76,TRBT-001,45
2026-06-22 14:43:49.598296,CEDI-06,422361991,2026062231993,R-20260622-76,TRBT-006,5
2026-06-22 14:43:49.598296,CEDI-06,422361991,2026062231993,R-20260622-76,CONS-001,40
2026-06-22 14:43:49.598296,CEDI-06,422361991,2026062231993,R-20260622-76,TRBT-004,35
2026-06-22 14:43:49.598296,CEDI-06,26938928,2026062288971,R-20260622-76,CONS-002,25
2026-06-22 14:43:49.598296,CEDI-06,26938928,2026062288971,R-20260622-76,TRBT-004,35
2026-06-22 14:43:49.598296,CEDI-06,26938928,2026062288971,R-20260622-76,SVC-001,40
2026-06-22 14:43:49.598296,CEDI-06,26938928,2026062288971,R-20260622-76,ACC-001,10
2026-06-22 14:43:49.598296,CEDI-06,26938928,2026062288971,R-20260622-76,TRBT-009,50
2026-06-22 14:43:49.598296,CEDI-06,430367619,2026062260209,R-20260622-76,TRBT-004,45
2026-06-22 14:43:49.598296,CEDI-06,430367619,2026062260209,R-20260622-76,ACC-001,30
2026-06-22 14:43:49.598296,CEDI-06,430367619,2026062260209,R-20260622-76,ACC-004,35
2026-06-22 14:43:49.598296,CEDI-06,430367619,2026062260209,R-20260622-76,TRBT-003,45
2026-06-22 14:43:49.598296,CEDI-06,430367619,2026062260209,R-20260622-76,TRBT-010,25
2026-06-22 14:43:49.598296,CEDI-06,430367619,2026062260209,R-20260622-76,CONS-001,25
2026-06-22 14:43:49.598296,CEDI-06,430367619,2026062260209,R-20260622-76,CONS-002,10
2026-06-22 14:43:49.598296,CEDI-06,430367619,2026062260209,R-20260622-76,TRBT-001,30
2026-06-22 14:43:49.598296,CEDI-07,997954540,2026062284193,R-20260622-73,ACC-004,40
2026-06-22 14:43:49.598296,CEDI-07,997954540,2026062284193,R-20260622-73,TRBT-005,20
2026-06-22 14:43:49.598296,CEDI-07,954680806,2026062296306,R-20260622-73,TRBT-004,35
2026-06-22 14:43:49.598296,CEDI-07,954680806,2026062296306,R-20260622-73,TRBT-008,50
2026-06-22 14:43:49.598296,CEDI-07,954680806,2026062296306,R-20260622-73,TRBT-005,10
2026-06-22 14:43:49.598296,CEDI-07,954680806,2026062296306,R-20260622-73,TRBT-010,15
2026-06-22 14:43:49.598296,CEDI-07,954680806,2026062296306,R-20260622-73,ACC-002,45
2026-06-22 14:43:49.598296,CEDI-07,954680806,2026062296306,R-20260622-73,ACC-001,35
2026-06-22 14:43:49.598296,CEDI-07,233173829,2026062281993,R-20260622-73,TRBT-004,25
2026-06-22 14:43:49.598296,CEDI-07,233173829,2026062281993,R-20260622-73,ACC-003,15
2026-06-22 14:43:49.598296,CEDI-07,233173829,2026062281993,R-20260622-73,TRBT-010,5
2026-06-22 14:43:49.598296,CEDI-07,233173829,2026062281993,R-20260622-73,CONS-001,10
2026-06-22 14:43:49.598296,CEDI-07,233173829,2026062281993,R-20260622-73,TRBT-007,15
2026-06-22 14:43:49.598296,CEDI-07,233173829,2026062281993,R-20260622-73,TRBT-009,20
2026-06-22 14:43:49.598296,CEDI-07,233173829,2026062281993,R-20260622-73,ACC-001,40
2026-06-22 14:43:49.598296,CEDI-07,233173829,2026062281993,R-20260622-73,TRBT-002,5
2026-06-22 14:43:49.598296,CEDI-07,233173829,2026062281993,R-20260622-73,TRBT-008,45
2026-06-22 14:43:49.598296,CEDI-07,233173829,2026062281993,R-20260622-73,ACC-004,15
2026-06-22 14:43:49.598296,CEDI-07,425505503,2026062262928,R-20260622-73,TRBT-009,35
2026-06-22 14:43:49.598296,CEDI-07,425505503,2026062262928,R-20260622-73,ACC-003,25
2026-06-22 14:43:49.598296,CEDI-07,425505503,2026062262928,R-20260622-73,TRBT-002,15
2026-06-22 14:43:49.598296,CEDI-07,425505503,2026062262928,R-20260622-73,TRBT-007,5
2026-06-22 14:43:49.598296,CEDI-07,425505503,2026062262928,R-20260622-73,ACC-001,25
2026-06-22 14:43:49.598296,CEDI-07,425505503,2026062262928,R-20260622-73,TRBT-008,20
2026-06-22 14:43:49.598296,CEDI-07,425505503,2026062262928,R-20260622-73,TRBT-001,20
2026-06-22 14:43:49.598296,CEDI-07,425505503,2026062262928,R-20260622-73,CONS-002,25
2026-06-22 14:43:49.598296,CEDI-07,425505503,2026062262928,R-20260622-73,TRBT-010,5
2026-06-22 14:43:49.598296,CEDI-07,425505503,2026062262928,R-20260622-73,SVC-001,50
2026-06-22 14:43:49.598296,CEDI-07,425505503,2026062262928,R-20260622-73,CONS-003,35
2026-06-22 14:43:49.598296,CEDI-07,425505503,2026062262928,R-20260622-73,TRBT-003,15
2026-06-22 14:43:49.598296,CEDI-07,425505503,2026062262928,R-20260622-73,TRBT-004,15
2026-06-22 14:43:49.598296,CEDI-07,425505503,2026062262928,R-20260622-73,SVC-002,40
2026-06-22 14:43:49.598296,CEDI-07,22072913,2026062281901,R-20260622-73,SVC-002,40
2026-06-22 14:43:49.598296,CEDI-07,206189089,2026062285492,R-20260622-73,SVC-001,40
2026-06-22 14:43:49.598296,CEDI-07,206189089,2026062285492,R-20260622-73,TRBT-003,45
2026-06-22 14:43:49.598296,CEDI-07,206189089,2026062285492,R-20260622-73,CONS-001,30
2026-06-22 14:43:49.598296,CEDI-07,206189089,2026062285492,R-20260622-73,TRBT-001,50
2026-06-22 14:43:49.598296,CEDI-07,206189089,2026062285492,R-20260622-73,ACC-002,25
2026-06-22 14:43:49.598296,CEDI-07,206189089,2026062285492,R-20260622-73,TRBT-006,15
2026-06-22 14:43:49.598296,CEDI-07,206189089,2026062285492,R-20260622-73,TRBT-010,25
2026-06-22 14:43:49.598296,CEDI-07,206189089,2026062285492,R-20260622-73,CONS-003,30
2026-06-22 14:43:49.598296,CEDI-07,432223703,2026062299898,R-20260622-73,CONS-001,10
2026-06-22 14:43:49.598296,CEDI-07,432223703,2026062299898,R-20260622-73,CONS-003,15
2026-06-22 14:43:49.598296,CEDI-07,432223703,2026062299898,R-20260622-73,SVC-002,10
2026-06-22 14:43:49.598296,CEDI-07,432223703,2026062299898,R-20260622-73,ACC-003,50
2026-06-22 14:43:49.598296,CEDI-07,474098534,2026062256844,R-20260622-73,TRBT-008,10
2026-06-22 14:43:49.598296,CEDI-07,474098534,2026062256844,R-20260622-73,TRBT-003,5
2026-06-22 14:43:49.598296,CEDI-07,474098534,2026062256844,R-20260622-73,ACC-002,40
2026-06-22 14:43:49.598296,CEDI-07,474098534,2026062256844,R-20260622-73,TRBT-001,25
2026-06-22 14:43:49.598296,CEDI-07,474098534,2026062256844,R-20260622-73,ACC-001,45
2026-06-22 14:43:49.598296,CEDI-07,474098534,2026062256844,R-20260622-73,CONS-002,40
2026-06-22 14:43:49.598296,CEDI-07,474098534,2026062256844,R-20260622-73,CONS-003,15
2026-06-22 14:43:49.598296,CEDI-07,474098534,2026062256844,R-20260622-73,TRBT-006,35
2026-06-22 14:43:49.598296,CEDI-07,474098534,2026062256844,R-20260622-73,ACC-004,45
2026-06-22 14:43:49.598296,CEDI-07,474098534,2026062256844,R-20260622-73,TRBT-002,15
2026-06-22 14:43:49.598296,CEDI-07,474098534,2026062256844,R-20260622-73,TRBT-004,20
2026-06-22 14:43:49.598296,CEDI-07,474098534,2026062256844,R-20260622-73,ACC-003,40
2026-06-22 14:43:49.598296,CEDI-07,474098534,2026062256844,R-20260622-73,TRBT-009,10
2026-06-22 14:43:49.598296,CEDI-07,474098534,2026062256844,R-20260622-73,CONS-001,40
2026-06-22 14:43:49.598296,CEDI-07,474098534,2026062256844,R-20260622-73,SVC-002,45
2026-06-22 14:43:49.598296,CEDI-07,474098534,2026062256844,R-20260622-73,TRBT-007,15
2026-06-22 14:43:49.598296,CEDI-07,474098534,2026062256844,R-20260622-73,SVC-001,25
2026-06-22 14:43:49.598296,CEDI-07,474098534,2026062256844,R-20260622-73,TRBT-005,25
2026-06-22 14:43:49.598296,CEDI-07,474098534,2026062256844,R-20260622-73,TRBT-010,30
2026-06-22 14:43:49.598296,CEDI-07,86830431,2026062276424,R-20260622-73,TRBT-002,25
2026-06-22 14:43:49.598296,CEDI-07,86830431,2026062276424,R-20260622-73,TRBT-010,30
2026-06-22 14:43:49.598296,CEDI-07,86830431,2026062276424,R-20260622-73,ACC-001,30
2026-06-22 14:43:49.598296,CEDI-07,86830431,2026062276424,R-20260622-73,TRBT-009,20
2026-06-22 14:43:49.598296,CEDI-07,86830431,2026062276424,R-20260622-73,TRBT-007,40
2026-06-22 14:43:49.598296,CEDI-07,86830431,2026062276424,R-20260622-73,ACC-002,25
2026-06-22 14:43:49.598296,CEDI-07,674382326,2026062224342,R-20260622-73,TRBT-006,20
2026-06-22 14:43:49.598296,CEDI-07,674382326,2026062224342,R-20260622-73,SVC-002,25
2026-06-22 14:43:49.598296,CEDI-07,674382326,2026062224342,R-20260622-73,ACC-001,30
2026-06-22 14:43:49.598296,CEDI-07,991447718,2026062220153,R-20260622-73,TRBT-005,10
2026-06-22 14:43:49.598296,CEDI-07,991447718,2026062220153,R-20260622-73,TRBT-008,10
2026-06-22 14:43:49.598296,CEDI-07,991447718,2026062220153,R-20260622-73,CONS-001,10
2026-06-22 14:43:49.598296,CEDI-07,991447718,2026062220153,R-20260622-73,SVC-002,25
2026-06-22 14:43:49.598296,CEDI-07,991447718,2026062220153,R-20260622-73,TRBT-004,25
2026-06-22 14:43:49.598296,CEDI-07,991447718,2026062220153,R-20260622-73,TRBT-010,30
2026-06-22 14:43:49.598296,CEDI-07,991447718,2026062220153,R-20260622-73,SVC-001,45
2026-06-22 14:43:49.598296,CEDI-07,991447718,2026062220153,R-20260622-73,ACC-004,20
2026-06-22 14:43:49.598296,CEDI-07,991447718,2026062220153,R-20260622-73,ACC-003,40
2026-06-22 14:43:49.598296,CEDI-07,991447718,2026062220153,R-20260622-73,CONS-003,40
2026-06-22 14:43:49.598296,CEDI-07,991447718,2026062220153,R-20260622-73,TRBT-002,45
2026-06-22 14:43:49.598296,CEDI-07,991447718,2026062220153,R-20260622-73,CONS-002,15
2026-06-22 14:43:49.598296,CEDI-07,991447718,2026062220153,R-20260622-73,TRBT-001,35
2026-06-22 14:43:49.598296,CEDI-07,991447718,2026062220153,R-20260622-73,ACC-001,40
2026-06-22 14:43:49.598296,CEDI-07,991447718,2026062220153,R-20260622-73,TRBT-006,20
2026-06-22 14:43:49.598296,CEDI-07,226292938,2026062276773,R-20260622-73,ACC-001,5
2026-06-22 14:43:49.598296,CEDI-07,226292938,2026062276773,R-20260622-73,ACC-002,20
2026-06-22 14:43:49.598296,CEDI-07,226292938,2026062276773,R-20260622-73,ACC-004,15
2026-06-22 14:43:49.598296,CEDI-07,226292938,2026062276773,R-20260622-73,CONS-001,25
2026-06-22 14:43:49.598296,CEDI-07,226292938,2026062276773,R-20260622-73,TRBT-010,40
2026-06-22 14:43:49.598296,CEDI-07,226292938,2026062276773,R-20260622-73,TRBT-006,30
2026-06-22 14:43:49.598296,CEDI-07,226292938,2026062276773,R-20260622-73,TRBT-004,35
2026-06-22 14:43:49.598296,CEDI-07,226292938,2026062276773,R-20260622-73,SVC-002,35
2026-06-22 14:43:49.598296,CEDI-07,226292938,2026062276773,R-20260622-73,CONS-002,50
2026-06-22 14:43:49.598296,CEDI-07,226292938,2026062276773,R-20260622-73,TRBT-003,30
2026-06-22 14:43:49.598296,CEDI-07,226292938,2026062276773,R-20260622-73,TRBT-009,20
2026-06-22 14:43:49.598296,CEDI-07,226292938,2026062276773,R-20260622-73,CONS-003,5
2026-06-22 14:43:49.598296,CEDI-07,226292938,2026062276773,R-20260622-73,ACC-003,30
2026-06-22 14:43:49.598296,CEDI-07,226292938,2026062276773,R-20260622-73,SVC-001,35
2026-06-22 14:43:49.598296,CEDI-07,226292938,2026062276773,R-20260622-73,TRBT-001,15
2026-06-22 14:43:49.598296,CEDI-07,226292938,2026062276773,R-20260622-73,TRBT-008,10
2026-06-22 14:43:49.598296,CEDI-07,226292938,2026062276773,R-20260622-73,TRBT-005,5
2026-06-22 14:43:49.598296,CEDI-07,658892852,2026062256141,R-20260622-73,CONS-003,10
2026-06-22 14:43:49.598296,CEDI-07,658892852,2026062256141,R-20260622-73,TRBT-003,35
2026-06-22 14:43:49.598296,CEDI-07,658892852,2026062256141,R-20260622-73,TRBT-001,5
2026-06-22 14:43:49.598296,CEDI-07,658892852,2026062256141,R-20260622-73,TRBT-009,5
2026-06-22 14:43:49.598296,CEDI-07,658892852,2026062256141,R-20260622-73,TRBT-008,15
2026-06-22 14:43:49.598296,CEDI-07,658892852,2026062256141,R-20260622-73,SVC-002,20
2026-06-22 14:43:49.598296,CEDI-07,658892852,2026062256141,R-20260622-73,TRBT-004,20
2026-06-22 14:43:49.598296,CEDI-07,658892852,2026062256141,R-20260622-73,TRBT-006,40
2026-06-22 14:43:49.598296,CEDI-07,658892852,2026062256141,R-20260622-73,TRBT-010,40
2026-06-22 14:43:49.598296,CEDI-07,658892852,2026062256141,R-20260622-73,TRBT-002,20
2026-06-22 14:43:49.598296,CEDI-07,658892852,2026062256141,R-20260622-73,CONS-002,40
2026-06-22 14:43:49.598296,CEDI-07,658892852,2026062256141,R-20260622-73,ACC-001,10
2026-06-22 14:43:49.598296,CEDI-07,658892852,2026062256141,R-20260622-73,CONS-001,30
2026-06-22 14:43:49.598296,CEDI-07,658892852,2026062256141,R-20260622-73,ACC-004,10
2026-06-22 14:43:49.598296,CEDI-07,922924529,2026062283503,R-20260622-73,ACC-002,35
2026-06-22 14:43:49.598296,CEDI-07,922924529,2026062283503,R-20260622-73,TRBT-001,50
2026-06-22 14:43:49.598296,CEDI-07,922924529,2026062283503,R-20260622-73,TRBT-002,40
2026-06-22 14:43:49.598296,CEDI-07,922924529,2026062283503,R-20260622-73,TRBT-003,30
2026-06-22 14:43:49.598296,CEDI-07,922924529,2026062283503,R-20260622-73,TRBT-006,10
2026-06-22 14:43:49.598296,CEDI-07,922924529,2026062283503,R-20260622-73,CONS-001,40
2026-06-22 14:43:49.598296,CEDI-07,189793357,2026062234557,R-20260622-73,TRBT-008,15
2026-06-22 14:43:49.598296,CEDI-07,189793357,2026062234557,R-20260622-73,TRBT-005,20
2026-06-22 14:43:49.598296,CEDI-07,189793357,2026062234557,R-20260622-73,TRBT-007,35
2026-06-22 14:43:49.598296,CEDI-07,189793357,2026062234557,R-20260622-73,ACC-003,15
2026-06-22 14:43:49.598296,CEDI-07,189793357,2026062234557,R-20260622-73,TRBT-009,20
2026-06-22 14:43:49.598296,CEDI-07,189793357,2026062234557,R-20260622-73,SVC-002,25
2026-06-22 14:43:49.598296,CEDI-07,189793357,2026062234557,R-20260622-73,CONS-002,35
2026-06-22 14:43:49.598296,CEDI-07,189793357,2026062234557,R-20260622-73,SVC-001,10
2026-06-22 14:43:49.598296,CEDI-07,137413507,2026062221041,R-20260622-73,TRBT-005,25
2026-06-22 14:43:49.598296,CEDI-07,137413507,2026062221041,R-20260622-73,TRBT-006,10
2026-06-22 14:43:49.598296,CEDI-07,137413507,2026062221041,R-20260622-73,TRBT-001,5
2026-06-22 14:43:49.598296,CEDI-07,137413507,2026062221041,R-20260622-73,ACC-002,5
2026-06-22 14:43:49.598296,CEDI-07,137413507,2026062221041,R-20260622-73,CONS-002,25
2026-06-22 14:43:49.598296,CEDI-07,862652251,2026062286889,R-20260622-73,SVC-002,35
2026-06-22 14:43:49.598296,CEDI-07,862652251,2026062286889,R-20260622-73,TRBT-002,35
2026-06-22 14:43:49.598296,CEDI-07,862652251,2026062286889,R-20260622-73,TRBT-009,20
2026-06-22 14:43:49.598296,CEDI-07,862652251,2026062286889,R-20260622-73,ACC-001,15
2026-06-22 14:43:49.598296,CEDI-07,862652251,2026062286889,R-20260622-73,TRBT-008,40
2026-06-22 14:43:49.598296,CEDI-07,862652251,2026062286889,R-20260622-73,CONS-003,35
2026-06-22 14:43:49.598296,CEDI-07,862652251,2026062286889,R-20260622-73,CONS-001,45
2026-06-22 14:43:49.598296,CEDI-07,217816395,2026062246483,R-20260622-73,TRBT-009,25
2026-06-22 14:43:49.598296,CEDI-07,568509230,2026062298324,R-20260622-73,CONS-001,35
2026-06-22 14:43:49.598296,CEDI-07,568509230,2026062298324,R-20260622-73,SVC-001,35
2026-06-22 14:43:49.598296,CEDI-07,568509230,2026062298324,R-20260622-73,CONS-003,45
2026-06-22 14:43:49.598296,CEDI-07,568509230,2026062298324,R-20260622-73,ACC-004,35
2026-06-22 14:43:49.598296,CEDI-07,568509230,2026062298324,R-20260622-73,TRBT-010,30
2026-06-22 14:43:49.598296,CEDI-07,568509230,2026062298324,R-20260622-73,TRBT-005,50
2026-06-22 14:43:49.598296,CEDI-07,689263310,2026062277638,R-20260622-73,TRBT-006,20
2026-06-22 14:43:49.598296,CEDI-07,689263310,2026062277638,R-20260622-73,SVC-001,20
2026-06-22 14:43:49.598296,CEDI-07,689263310,2026062277638,R-20260622-73,TRBT-008,45
2026-06-22 14:43:49.598296,CEDI-07,689263310,2026062277638,R-20260622-73,TRBT-010,10
2026-06-22 14:43:49.598296,CEDI-07,689263310,2026062277638,R-20260622-73,ACC-001,15
2026-06-22 14:43:49.598296,CEDI-07,426861273,2026062231870,R-20260622-73,TRBT-003,40
2026-06-22 14:43:49.598296,CEDI-07,426861273,2026062231870,R-20260622-73,SVC-001,25
2026-06-22 14:43:49.598296,CEDI-07,426861273,2026062231870,R-20260622-73,TRBT-002,40
2026-06-22 14:43:49.598296,CEDI-07,426861273,2026062231870,R-20260622-73,CONS-001,30
2026-06-22 14:43:49.598296,CEDI-07,426861273,2026062231870,R-20260622-73,TRBT-007,40
2026-06-22 14:43:49.598296,CEDI-07,426861273,2026062231870,R-20260622-73,TRBT-001,15
2026-06-22 14:43:49.598296,CEDI-07,426861273,2026062231870,R-20260622-73,ACC-004,30
2026-06-22 14:43:49.598296,CEDI-07,426861273,2026062231870,R-20260622-73,TRBT-009,50
2026-06-22 14:43:49.598296,CEDI-07,426861273,2026062231870,R-20260622-73,TRBT-010,15
2026-06-22 14:43:49.598296,CEDI-07,426861273,2026062231870,R-20260622-73,TRBT-004,45
2026-06-22 14:43:49.598296,CEDI-07,426861273,2026062231870,R-20260622-73,SVC-002,40
2026-06-22 14:43:49.598296,CEDI-07,426861273,2026062231870,R-20260622-73,TRBT-008,40
2026-06-22 14:43:49.598296,CEDI-07,426861273,2026062231870,R-20260622-73,TRBT-006,35
2026-06-22 14:43:49.598296,CEDI-07,426861273,2026062231870,R-20260622-73,CONS-003,20
2026-06-22 14:43:49.598296,CEDI-07,426861273,2026062231870,R-20260622-73,ACC-002,5
2026-06-22 14:43:49.598296,CEDI-07,426861273,2026062231870,R-20260622-73,ACC-001,10
2026-06-22 14:43:49.598296,CEDI-07,426861273,2026062231870,R-20260622-73,CONS-002,50
2026-06-22 14:43:49.598296,CEDI-07,570065393,2026062291540,R-20260622-73,TRBT-005,35
2026-06-22 14:43:49.598296,CEDI-07,570065393,2026062291540,R-20260622-73,TRBT-010,35
2026-06-22 14:43:49.598296,CEDI-07,570065393,2026062291540,R-20260622-73,SVC-002,10
2026-06-22 14:43:49.598296,CEDI-07,570065393,2026062291540,R-20260622-73,TRBT-004,5
2026-06-22 14:43:49.598296,CEDI-07,570065393,2026062291540,R-20260622-73,TRBT-009,25
2026-06-22 14:43:49.598296,CEDI-07,570065393,2026062291540,R-20260622-73,CONS-003,50
2026-06-22 14:43:49.598296,CEDI-07,570065393,2026062291540,R-20260622-73,CONS-002,25
2026-06-22 14:43:49.598296,CEDI-07,570065393,2026062291540,R-20260622-73,TRBT-002,15
2026-06-22 14:43:49.598296,CEDI-07,570065393,2026062291540,R-20260622-73,TRBT-003,25
2026-06-22 14:43:49.598296,CEDI-07,570065393,2026062291540,R-20260622-73,ACC-004,15
2026-06-22 14:43:49.598296,CEDI-07,570065393,2026062291540,R-20260622-73,CONS-001,45
2026-06-22 14:43:49.598296,CEDI-07,150144121,2026062230600,R-20260622-73,ACC-004,30
2026-06-22 14:43:49.598296,CEDI-07,150144121,2026062230600,R-20260622-73,TRBT-007,30
2026-06-22 14:43:49.598296,CEDI-07,150144121,2026062230600,R-20260622-73,TRBT-008,5
2026-06-22 14:43:49.598296,CEDI-07,150144121,2026062230600,R-20260622-73,CONS-001,10
2026-06-22 14:43:49.598296,CEDI-07,150144121,2026062230600,R-20260622-73,SVC-001,35
2026-06-22 14:43:49.598296,CEDI-07,150144121,2026062230600,R-20260622-73,ACC-001,10
2026-06-22 14:43:49.598296,CEDI-07,150144121,2026062230600,R-20260622-73,TRBT-010,45
2026-06-22 14:43:49.598296,CEDI-07,266869241,2026062217388,R-20260622-73,CONS-003,15
2026-06-22 14:43:49.598296,CEDI-07,266869241,2026062217388,R-20260622-73,CONS-001,25
2026-06-22 14:43:49.598296,CEDI-07,266869241,2026062217388,R-20260622-73,TRBT-008,45
2026-06-22 14:43:49.598296,CEDI-07,266869241,2026062217388,R-20260622-73,ACC-003,50
2026-06-22 14:43:49.598296,CEDI-07,266869241,2026062217388,R-20260622-73,SVC-001,15
2026-06-22 14:43:49.598296,CEDI-07,266869241,2026062217388,R-20260622-73,TRBT-009,25
2026-06-22 14:43:49.598296,CEDI-07,266869241,2026062217388,R-20260622-73,TRBT-006,5
2026-06-22 14:43:49.598296,CEDI-07,266869241,2026062217388,R-20260622-73,TRBT-003,45
2026-06-22 14:43:49.598296,CEDI-07,266869241,2026062217388,R-20260622-73,TRBT-007,45
2026-06-22 14:43:49.598296,CEDI-07,266869241,2026062217388,R-20260622-73,CONS-002,40
2026-06-22 14:43:49.598296,CEDI-07,661065420,2026062259769,R-20260622-73,TRBT-003,40
2026-06-22 14:43:49.598296,CEDI-07,661065420,2026062259769,R-20260622-73,TRBT-001,35
2026-06-22 14:43:49.598296,CEDI-07,661065420,2026062259769,R-20260622-73,TRBT-005,10
2026-06-22 14:43:49.598296,CEDI-07,661065420,2026062259769,R-20260622-73,TRBT-002,10
2026-06-22 14:43:49.598296,CEDI-07,661065420,2026062259769,R-20260622-73,TRBT-009,5
2026-06-22 14:43:49.598296,CEDI-07,661065420,2026062259769,R-20260622-73,SVC-002,45
2026-06-22 14:43:49.598296,CEDI-07,661065420,2026062259769,R-20260622-73,SVC-001,40
2026-06-22 14:43:49.598296,CEDI-07,661065420,2026062259769,R-20260622-73,ACC-003,45
2026-06-22 14:43:49.598296,CEDI-07,661065420,2026062259769,R-20260622-73,CONS-001,45
2026-06-22 14:43:49.598296,CEDI-07,661065420,2026062259769,R-20260622-73,ACC-004,50
2026-06-22 14:43:49.598296,CEDI-07,661065420,2026062259769,R-20260622-73,ACC-002,15
2026-06-22 14:43:49.598296,CEDI-07,752908264,2026062242322,R-20260622-73,CONS-001,20
2026-06-22 14:43:49.598296,CEDI-07,752908264,2026062242322,R-20260622-73,SVC-002,45
2026-06-22 14:43:49.598296,CEDI-07,752908264,2026062242322,R-20260622-73,TRBT-001,10
2026-06-22 14:43:49.598296,CEDI-07,752908264,2026062242322,R-20260622-73,ACC-001,5
2026-06-22 14:43:49.598296,CEDI-07,752908264,2026062242322,R-20260622-73,TRBT-010,10
2026-06-22 14:43:49.598296,CEDI-07,752908264,2026062242322,R-20260622-73,TRBT-006,15
2026-06-22 14:43:49.598296,CEDI-07,752908264,2026062242322,R-20260622-73,CONS-003,45
2026-06-22 14:43:49.598296,CEDI-07,752908264,2026062242322,R-20260622-73,TRBT-007,5
2026-06-22 14:43:49.598296,CEDI-07,752908264,2026062242322,R-20260622-73,TRBT-009,5
2026-06-22 14:43:49.598296,CEDI-07,752908264,2026062242322,R-20260622-73,SVC-001,10
2026-06-22 14:43:49.598296,CEDI-07,752908264,2026062242322,R-20260622-73,TRBT-004,15
2026-06-22 14:43:49.598296,CEDI-07,752908264,2026062242322,R-20260622-73,TRBT-005,20
2026-06-22 14:43:49.598296,CEDI-07,752908264,2026062242322,R-20260622-73,CONS-002,30
2026-06-22 14:43:49.598296,CEDI-07,752908264,2026062242322,R-20260622-73,ACC-004,45
2026-06-22 14:43:49.598296,CEDI-07,752908264,2026062242322,R-20260622-73,ACC-002,5
2026-06-22 14:43:49.598296,CEDI-07,730917425,2026062255951,R-20260622-73,TRBT-006,5
2026-06-22 14:43:49.598296,CEDI-07,213637121,2026062244454,R-20260622-73,TRBT-009,45
2026-06-22 14:43:49.598296,CEDI-07,213637121,2026062244454,R-20260622-73,ACC-004,40
2026-06-22 14:43:49.598296,CEDI-07,213637121,2026062244454,R-20260622-73,TRBT-004,35
2026-06-22 14:43:49.598296,CEDI-07,213637121,2026062244454,R-20260622-73,TRBT-006,45
2026-06-22 14:43:49.598296,CEDI-07,213637121,2026062244454,R-20260622-73,TRBT-001,40
2026-06-22 14:43:49.598296,CEDI-07,534735953,2026062278878,R-20260622-73,TRBT-006,5
2026-06-22 14:43:49.598296,CEDI-07,534735953,2026062278878,R-20260622-73,TRBT-003,30
2026-06-22 14:43:49.598296,CEDI-07,534735953,2026062278878,R-20260622-73,ACC-003,10
2026-06-22 14:43:49.598296,CEDI-07,534735953,2026062278878,R-20260622-73,CONS-002,5
2026-06-22 14:43:49.598296,CEDI-07,534735953,2026062278878,R-20260622-73,TRBT-001,40
2026-06-22 14:43:49.598296,CEDI-07,534735953,2026062278878,R-20260622-73,SVC-001,20
2026-06-22 14:43:49.598296,CEDI-07,534735953,2026062278878,R-20260622-73,TRBT-007,45
2026-06-22 14:43:49.598296,CEDI-07,441490962,2026062242338,R-20260622-73,TRBT-005,5
2026-06-22 14:43:49.598296,CEDI-07,441490962,2026062242338,R-20260622-73,SVC-001,10
2026-06-22 14:43:49.598296,CEDI-07,441490962,2026062242338,R-20260622-73,TRBT-010,15
2026-06-22 14:43:49.598296,CEDI-07,441490962,2026062242338,R-20260622-73,SVC-002,30
2026-06-22 14:43:49.598296,CEDI-07,441490962,2026062242338,R-20260622-73,TRBT-002,25
2026-06-22 14:43:49.598296,CEDI-07,441490962,2026062242338,R-20260622-73,TRBT-006,45
2026-06-22 14:43:49.598296,CEDI-07,441490962,2026062242338,R-20260622-73,TRBT-008,50
2026-06-22 14:43:49.598296,CEDI-07,441490962,2026062242338,R-20260622-73,ACC-002,10
2026-06-22 14:43:49.598296,CEDI-07,441490962,2026062242338,R-20260622-73,ACC-004,10
2026-06-22 14:43:49.598296,CEDI-07,441490962,2026062242338,R-20260622-73,TRBT-009,45
2026-06-22 14:43:49.598296,CEDI-07,441490962,2026062242338,R-20260622-73,ACC-001,30
2026-06-22 14:43:49.598296,CEDI-07,441490962,2026062242338,R-20260622-73,TRBT-001,20
2026-06-22 14:43:49.598296,CEDI-07,441490962,2026062242338,R-20260622-73,TRBT-003,40
2026-06-22 14:43:49.598296,CEDI-07,998461166,2026062266188,R-20260622-73,SVC-001,5
2026-06-22 14:43:49.598296,CEDI-07,998461166,2026062266188,R-20260622-73,TRBT-006,35
2026-06-22 14:43:49.598296,CEDI-07,998461166,2026062266188,R-20260622-73,ACC-002,35
2026-06-22 14:43:49.598296,CEDI-07,998461166,2026062266188,R-20260622-73,TRBT-010,5
2026-06-22 14:43:49.598296,CEDI-07,998461166,2026062266188,R-20260622-73,TRBT-003,10
2026-06-22 14:43:49.598296,CEDI-07,998461166,2026062266188,R-20260622-73,TRBT-004,25
2026-06-22 14:43:49.598296,CEDI-07,998461166,2026062266188,R-20260622-73,ACC-003,30
2026-06-22 14:43:49.598296,CEDI-07,998461166,2026062266188,R-20260622-73,ACC-001,20
2026-06-22 14:43:49.598296,CEDI-07,998461166,2026062266188,R-20260622-73,TRBT-005,15
2026-06-22 14:43:49.598296,CEDI-07,998461166,2026062266188,R-20260622-73,SVC-002,50
2026-06-22 14:43:49.598296,CEDI-07,998461166,2026062266188,R-20260622-73,CONS-001,50
2026-06-22 14:43:49.598296,CEDI-07,998461166,2026062266188,R-20260622-73,ACC-004,30
2026-06-22 14:43:49.598296,CEDI-07,998461166,2026062266188,R-20260622-73,TRBT-007,20
2026-06-22 14:43:49.598296,CEDI-07,998461166,2026062266188,R-20260622-73,CONS-003,30
2026-06-22 14:43:49.598296,CEDI-07,998461166,2026062266188,R-20260622-73,CONS-002,10
2026-06-22 14:43:49.598296,CEDI-07,998461166,2026062266188,R-20260622-73,TRBT-008,45
2026-06-22 14:43:49.598296,CEDI-07,998461166,2026062266188,R-20260622-73,TRBT-002,50
2026-06-22 14:43:49.598296,CEDI-07,998461166,2026062266188,R-20260622-73,TRBT-009,30
2026-06-22 14:43:49.598296,CEDI-07,998461166,2026062266188,R-20260622-73,TRBT-001,25
2026-06-22 14:43:49.598296,CEDI-07,369265464,2026062270476,R-20260622-73,ACC-004,40
2026-06-22 14:43:49.598296,CEDI-07,369265464,2026062270476,R-20260622-73,TRBT-006,40
2026-06-22 14:43:49.598296,CEDI-07,369265464,2026062270476,R-20260622-73,TRBT-010,25
2026-06-22 14:43:49.598296,CEDI-07,369265464,2026062270476,R-20260622-73,TRBT-005,15
2026-06-22 14:43:49.598296,CEDI-07,369265464,2026062270476,R-20260622-73,TRBT-001,5
2026-06-22 14:43:49.598296,CEDI-07,369265464,2026062270476,R-20260622-73,CONS-003,40
2026-06-22 14:43:49.598296,CEDI-07,369265464,2026062270476,R-20260622-73,TRBT-008,10
2026-06-22 14:43:49.598296,CEDI-07,369265464,2026062270476,R-20260622-73,TRBT-003,10
2026-06-22 14:43:49.598296,CEDI-07,369265464,2026062270476,R-20260622-73,SVC-002,40
2026-06-22 14:43:49.598296,CEDI-07,369265464,2026062270476,R-20260622-73,ACC-001,10
2026-06-22 14:43:49.598296,CEDI-07,369265464,2026062270476,R-20260622-73,CONS-002,10
2026-06-22 14:43:49.598296,CEDI-07,369265464,2026062270476,R-20260622-73,SVC-001,45
2026-06-22 14:43:49.598296,CEDI-07,369265464,2026062270476,R-20260622-73,TRBT-007,20
2026-06-22 14:43:49.598296,CEDI-07,369265464,2026062270476,R-20260622-73,ACC-002,30
2026-06-22 14:43:49.598296,CEDI-07,369265464,2026062270476,R-20260622-73,CONS-001,5
2026-06-22 14:43:49.598296,CEDI-07,369265464,2026062270476,R-20260622-73,TRBT-004,15
2026-06-22 14:43:49.598296,CEDI-07,163123957,2026062236531,R-20260622-73,TRBT-010,25
2026-06-22 14:43:49.598296,CEDI-07,163123957,2026062236531,R-20260622-73,SVC-001,5
2026-06-22 14:43:49.598296,CEDI-07,163123957,2026062236531,R-20260622-73,CONS-003,35
2026-06-22 14:43:49.598296,CEDI-07,163123957,2026062236531,R-20260622-73,CONS-001,45
2026-06-22 14:43:49.598296,CEDI-07,163123957,2026062236531,R-20260622-73,TRBT-002,5
2026-06-22 14:43:49.598296,CEDI-07,163123957,2026062236531,R-20260622-73,TRBT-003,30
2026-06-22 14:43:49.598296,CEDI-07,163123957,2026062236531,R-20260622-73,ACC-004,30
2026-06-22 14:43:49.598296,CEDI-07,163123957,2026062236531,R-20260622-73,TRBT-001,30
2026-06-22 14:43:49.598296,CEDI-07,163123957,2026062236531,R-20260622-73,TRBT-005,25
2026-06-22 14:43:49.598296,CEDI-07,163123957,2026062236531,R-20260622-73,ACC-003,15
2026-06-22 14:43:49.598296,CEDI-07,163123957,2026062236531,R-20260622-73,TRBT-009,45
2026-06-22 14:43:49.598296,CEDI-07,163123957,2026062236531,R-20260622-73,TRBT-007,30
2026-06-22 14:43:49.598296,CEDI-07,163123957,2026062236531,R-20260622-73,TRBT-008,20
2026-06-22 14:43:49.598296,CEDI-07,883628168,2026062274707,R-20260622-73,TRBT-004,10
2026-06-22 14:43:49.598296,CEDI-07,883628168,2026062274707,R-20260622-73,CONS-001,35
2026-06-22 14:43:49.598296,CEDI-07,883628168,2026062274707,R-20260622-73,TRBT-003,20
2026-06-22 14:43:49.598296,CEDI-07,883628168,2026062274707,R-20260622-73,ACC-002,40
2026-06-22 14:43:49.598296,CEDI-07,883628168,2026062274707,R-20260622-73,SVC-001,10
2026-06-22 14:43:49.598296,CEDI-07,883628168,2026062274707,R-20260622-73,TRBT-001,20
2026-06-22 14:43:49.598296,CEDI-07,883628168,2026062274707,R-20260622-73,CONS-002,5
2026-06-22 14:43:49.598296,CEDI-07,883628168,2026062274707,R-20260622-73,TRBT-007,10
2026-06-22 14:43:49.598296,CEDI-07,883628168,2026062274707,R-20260622-73,TRBT-005,45
2026-06-22 14:43:49.598296,CEDI-07,883628168,2026062274707,R-20260622-73,ACC-001,50
2026-06-22 14:43:49.598296,CEDI-07,883628168,2026062274707,R-20260622-73,TRBT-008,30
2026-06-22 14:43:49.598296,CEDI-07,883628168,2026062274707,R-20260622-73,ACC-004,5
2026-06-22 14:43:49.598296,CEDI-07,883628168,2026062274707,R-20260622-73,CONS-003,30
2026-06-22 14:43:49.598296,CEDI-07,681701793,2026062212233,R-20260622-73,SVC-002,40
2026-06-22 14:43:49.598296,CEDI-07,681701793,2026062212233,R-20260622-73,TRBT-010,25
2026-06-22 14:43:49.598296,CEDI-07,681701793,2026062212233,R-20260622-73,TRBT-005,25
2026-06-22 14:43:49.598296,CEDI-07,681701793,2026062212233,R-20260622-73,TRBT-001,15
2026-06-22 14:43:49.598296,CEDI-07,681701793,2026062212233,R-20260622-73,CONS-002,30
2026-06-22 14:43:49.598296,CEDI-07,681701793,2026062212233,R-20260622-73,TRBT-002,40
2026-06-22 14:43:49.598296,CEDI-07,681701793,2026062212233,R-20260622-73,TRBT-007,30
2026-06-22 14:43:49.598296,CEDI-07,681701793,2026062212233,R-20260622-73,TRBT-004,20
2026-06-22 14:43:49.598296,CEDI-07,681701793,2026062212233,R-20260622-73,CONS-003,25
2026-06-22 14:43:49.598296,CEDI-08,265927907,2026062239876,R-20260622-34,TRBT-007,20
2026-06-22 14:43:49.598296,CEDI-08,265927907,2026062239876,R-20260622-34,TRBT-006,5
2026-06-22 14:43:49.598296,CEDI-08,265927907,2026062239876,R-20260622-34,CONS-001,45
2026-06-22 14:43:49.598296,CEDI-08,265927907,2026062239876,R-20260622-34,ACC-002,45
2026-06-22 14:43:49.598296,CEDI-08,265927907,2026062239876,R-20260622-34,ACC-001,45
2026-06-22 14:43:49.598296,CEDI-08,265927907,2026062239876,R-20260622-34,TRBT-008,10
2026-06-22 14:43:49.598296,CEDI-08,265927907,2026062239876,R-20260622-34,CONS-003,20
2026-06-22 14:43:49.598296,CEDI-08,265927907,2026062239876,R-20260622-34,TRBT-003,45
2026-06-22 14:43:49.598296,CEDI-08,265927907,2026062239876,R-20260622-34,TRBT-010,50
2026-06-22 14:43:49.598296,CEDI-08,265927907,2026062239876,R-20260622-34,TRBT-002,20
2026-06-22 14:43:49.598296,CEDI-08,265927907,2026062239876,R-20260622-34,SVC-002,40
2026-06-22 14:43:49.598296,CEDI-08,265927907,2026062239876,R-20260622-34,ACC-004,10
2026-06-22 14:43:49.598296,CEDI-08,265927907,2026062239876,R-20260622-34,CONS-002,25
2026-06-22 14:43:49.598296,CEDI-08,711321018,2026062273021,R-20260622-34,ACC-004,40
2026-06-22 14:43:49.598296,CEDI-08,711321018,2026062273021,R-20260622-34,TRBT-004,15
2026-06-22 14:43:49.598296,CEDI-08,711321018,2026062273021,R-20260622-34,TRBT-006,40
2026-06-22 14:43:49.598296,CEDI-08,711321018,2026062273021,R-20260622-34,TRBT-005,30
2026-06-22 14:43:49.598296,CEDI-08,711321018,2026062273021,R-20260622-34,TRBT-010,10
2026-06-22 14:43:49.598296,CEDI-08,711321018,2026062273021,R-20260622-34,CONS-003,5
2026-06-22 14:43:49.598296,CEDI-08,711321018,2026062273021,R-20260622-34,ACC-002,5
2026-06-22 14:43:49.598296,CEDI-08,711321018,2026062273021,R-20260622-34,CONS-002,10
2026-06-22 14:43:49.598296,CEDI-08,711321018,2026062273021,R-20260622-34,ACC-003,40
2026-06-22 14:43:49.598296,CEDI-08,711321018,2026062273021,R-20260622-34,TRBT-002,10
2026-06-22 14:43:49.598296,CEDI-08,370515405,2026062288970,R-20260622-34,CONS-002,5
2026-06-22 14:43:49.598296,CEDI-08,989052529,2026062220804,R-20260622-34,TRBT-006,45
2026-06-22 14:43:49.598296,CEDI-08,989052529,2026062220804,R-20260622-34,TRBT-001,30
2026-06-22 14:43:49.598296,CEDI-08,989052529,2026062220804,R-20260622-34,CONS-003,15
2026-06-22 14:43:49.598296,CEDI-08,989052529,2026062220804,R-20260622-34,TRBT-004,10
2026-06-22 14:43:49.598296,CEDI-08,989052529,2026062220804,R-20260622-34,ACC-003,15
2026-06-22 14:43:49.598296,CEDI-08,989052529,2026062220804,R-20260622-34,SVC-001,5
2026-06-22 14:43:49.598296,CEDI-08,962581229,2026062291583,R-20260622-34,ACC-004,30
2026-06-22 14:43:49.598296,CEDI-08,962581229,2026062291583,R-20260622-34,TRBT-010,20
2026-06-22 14:43:49.598296,CEDI-08,962581229,2026062291583,R-20260622-34,CONS-002,45
2026-06-22 14:43:49.598296,CEDI-08,962581229,2026062291583,R-20260622-34,ACC-002,10
2026-06-22 14:43:49.598296,CEDI-08,445134062,2026062260751,R-20260622-34,SVC-002,15
2026-06-22 14:43:49.598296,CEDI-08,445134062,2026062260751,R-20260622-34,TRBT-001,45
2026-06-22 14:43:49.598296,CEDI-08,727316749,2026062211219,R-20260622-34,TRBT-009,15
2026-06-22 14:43:49.598296,CEDI-08,727316749,2026062211219,R-20260622-34,ACC-004,40
2026-06-22 14:43:49.598296,CEDI-08,727316749,2026062211219,R-20260622-34,CONS-003,25
2026-06-22 14:43:49.598296,CEDI-08,727316749,2026062211219,R-20260622-34,ACC-001,5
2026-06-22 14:43:49.598296,CEDI-08,727316749,2026062211219,R-20260622-34,SVC-001,10
2026-06-22 14:43:49.598296,CEDI-08,727316749,2026062211219,R-20260622-34,TRBT-004,5
2026-06-22 14:43:49.598296,CEDI-08,215279004,2026062282561,R-20260622-34,ACC-001,35
2026-06-22 14:43:49.598296,CEDI-08,215279004,2026062282561,R-20260622-34,CONS-003,30
2026-06-22 14:43:49.598296,CEDI-08,215279004,2026062282561,R-20260622-34,TRBT-002,45
2026-06-22 14:43:49.598296,CEDI-08,474488897,2026062237669,R-20260622-34,CONS-001,10
2026-06-22 14:43:49.598296,CEDI-08,474488897,2026062237669,R-20260622-34,TRBT-006,35
2026-06-22 14:43:49.598296,CEDI-08,474488897,2026062237669,R-20260622-34,TRBT-003,30
2026-06-22 14:43:49.598296,CEDI-08,474488897,2026062237669,R-20260622-34,ACC-003,50
2026-06-22 14:43:49.598296,CEDI-08,474488897,2026062237669,R-20260622-34,TRBT-005,30
2026-06-22 14:43:49.598296,CEDI-08,474488897,2026062237669,R-20260622-34,TRBT-009,50
2026-06-22 14:43:49.598296,CEDI-08,474488897,2026062237669,R-20260622-34,SVC-002,30
2026-06-22 14:43:49.598296,CEDI-08,474488897,2026062237669,R-20260622-34,ACC-002,40
2026-06-22 14:43:49.598296,CEDI-08,474488897,2026062237669,R-20260622-34,TRBT-010,10
2026-06-22 14:43:49.598296,CEDI-08,474488897,2026062237669,R-20260622-34,TRBT-002,20
2026-06-22 14:43:49.598296,CEDI-08,474488897,2026062237669,R-20260622-34,CONS-003,20
2026-06-22 14:43:49.598296,CEDI-08,474488897,2026062237669,R-20260622-34,TRBT-008,25
2026-06-22 14:43:49.598296,CEDI-08,474488897,2026062237669,R-20260622-34,CONS-002,5
2026-06-22 14:43:49.598296,CEDI-08,474488897,2026062237669,R-20260622-34,TRBT-007,10
2026-06-22 14:43:49.598296,CEDI-08,966421335,2026062223624,R-20260622-34,TRBT-004,40
2026-06-22 14:43:49.598296,CEDI-08,966421335,2026062223624,R-20260622-34,TRBT-001,45
2026-06-22 14:43:49.598296,CEDI-08,966421335,2026062223624,R-20260622-34,SVC-002,35
2026-06-22 14:43:49.598296,CEDI-08,966421335,2026062223624,R-20260622-34,ACC-003,25
2026-06-22 14:43:49.598296,CEDI-08,966421335,2026062223624,R-20260622-34,TRBT-005,35
2026-06-22 14:43:49.598296,CEDI-08,966421335,2026062223624,R-20260622-34,CONS-003,20
2026-06-22 14:43:49.598296,CEDI-08,966421335,2026062223624,R-20260622-34,ACC-004,10
2026-06-22 14:43:49.598296,CEDI-08,966421335,2026062223624,R-20260622-34,TRBT-010,30
2026-06-22 14:43:49.598296,CEDI-08,966421335,2026062223624,R-20260622-34,CONS-002,30
2026-06-22 14:43:49.598296,CEDI-08,966421335,2026062223624,R-20260622-34,TRBT-006,50
2026-06-22 14:43:49.598296,CEDI-08,966421335,2026062223624,R-20260622-34,TRBT-008,15
2026-06-22 14:43:49.598296,CEDI-08,966421335,2026062223624,R-20260622-34,ACC-002,20
2026-06-22 14:43:49.598296,CEDI-08,966421335,2026062223624,R-20260622-34,CONS-001,10
2026-06-22 14:43:49.598296,CEDI-08,966421335,2026062223624,R-20260622-34,TRBT-003,50
2026-06-22 14:43:49.598296,CEDI-08,966421335,2026062223624,R-20260622-34,TRBT-002,30
2026-06-22 14:43:49.598296,CEDI-08,966421335,2026062223624,R-20260622-34,TRBT-007,20
2026-06-22 14:43:49.598296,CEDI-08,966421335,2026062223624,R-20260622-34,ACC-001,10
2026-06-22 14:43:49.598296,CEDI-08,730492020,2026062252337,R-20260622-34,ACC-002,50
2026-06-22 14:43:49.598296,CEDI-08,730492020,2026062252337,R-20260622-34,ACC-001,5
2026-06-22 14:43:49.598296,CEDI-08,730492020,2026062252337,R-20260622-34,TRBT-009,45
2026-06-22 14:43:49.598296,CEDI-08,730492020,2026062252337,R-20260622-34,TRBT-008,30
2026-06-22 14:43:49.598296,CEDI-08,730492020,2026062252337,R-20260622-34,TRBT-007,5
2026-06-22 14:43:49.598296,CEDI-08,730492020,2026062252337,R-20260622-34,TRBT-004,40
2026-06-22 14:43:49.598296,CEDI-08,730492020,2026062252337,R-20260622-34,TRBT-001,15
2026-06-22 14:43:49.598296,CEDI-08,730492020,2026062252337,R-20260622-34,SVC-001,25
2026-06-22 14:43:49.598296,CEDI-08,730492020,2026062252337,R-20260622-34,SVC-002,5
2026-06-22 14:43:49.598296,CEDI-08,730492020,2026062252337,R-20260622-34,TRBT-005,40
2026-06-22 14:43:49.598296,CEDI-08,730492020,2026062252337,R-20260622-34,ACC-003,25
2026-06-22 14:43:49.598296,CEDI-08,730492020,2026062252337,R-20260622-34,ACC-004,10
2026-06-22 14:43:49.598296,CEDI-08,730492020,2026062252337,R-20260622-34,CONS-001,40
2026-06-22 14:43:49.598296,CEDI-08,730492020,2026062252337,R-20260622-34,CONS-002,15
2026-06-22 14:43:49.598296,CEDI-08,730492020,2026062252337,R-20260622-34,TRBT-003,15
2026-06-22 14:43:49.598296,CEDI-08,730492020,2026062252337,R-20260622-34,TRBT-010,20
2026-06-22 14:43:49.598296,CEDI-08,868774858,2026062212563,R-20260622-34,TRBT-009,45
2026-06-22 14:43:49.598296,CEDI-08,868774858,2026062212563,R-20260622-34,CONS-002,50
2026-06-22 14:43:49.598296,CEDI-08,868774858,2026062212563,R-20260622-34,TRBT-005,5
2026-06-22 14:43:49.598296,CEDI-08,868774858,2026062212563,R-20260622-34,ACC-001,45
2026-06-22 14:43:49.598296,CEDI-08,868774858,2026062212563,R-20260622-34,TRBT-003,10
2026-06-22 14:43:49.598296,CEDI-08,868774858,2026062212563,R-20260622-34,TRBT-010,45
2026-06-22 14:43:49.598296,CEDI-08,868774858,2026062212563,R-20260622-34,CONS-003,25
2026-06-22 14:43:49.598296,CEDI-08,3859156,2026062237080,R-20260622-34,ACC-003,25
2026-06-22 14:43:49.598296,CEDI-08,3859156,2026062237080,R-20260622-34,TRBT-009,25
2026-06-22 14:43:49.598296,CEDI-08,3859156,2026062237080,R-20260622-34,ACC-001,5
2026-06-22 14:43:49.598296,CEDI-08,3859156,2026062237080,R-20260622-34,CONS-001,40
2026-06-22 14:43:49.598296,CEDI-08,3859156,2026062237080,R-20260622-34,TRBT-008,20
2026-06-22 14:43:49.598296,CEDI-08,3859156,2026062237080,R-20260622-34,ACC-002,25
2026-06-22 14:43:49.598296,CEDI-08,3859156,2026062237080,R-20260622-34,TRBT-002,15
2026-06-22 14:43:49.598296,CEDI-08,3859156,2026062237080,R-20260622-34,CONS-002,50
2026-06-22 14:43:49.598296,CEDI-08,3859156,2026062237080,R-20260622-34,ACC-004,20
2026-06-22 14:43:49.598296,CEDI-08,3859156,2026062237080,R-20260622-34,TRBT-005,15
2026-06-22 14:43:49.598296,CEDI-08,3859156,2026062237080,R-20260622-34,TRBT-003,50
2026-06-22 14:43:49.598296,CEDI-08,3859156,2026062237080,R-20260622-34,TRBT-010,40
2026-06-22 14:43:49.598296,CEDI-08,3859156,2026062237080,R-20260622-34,SVC-002,20
2026-06-22 14:43:49.598296,CEDI-08,3859156,2026062237080,R-20260622-34,TRBT-001,35
2026-06-22 14:43:49.598296,CEDI-08,3859156,2026062237080,R-20260622-34,TRBT-007,30
2026-06-22 14:43:49.598296,CEDI-08,3859156,2026062237080,R-20260622-34,TRBT-006,35
2026-06-22 14:43:49.598296,CEDI-08,3859156,2026062237080,R-20260622-34,TRBT-004,45
2026-06-22 14:43:49.598296,CEDI-08,905601112,2026062288703,R-20260622-34,ACC-003,50
2026-06-22 14:43:49.598296,CEDI-08,905601112,2026062288703,R-20260622-34,TRBT-009,35
2026-06-22 14:43:49.598296,CEDI-08,905601112,2026062288703,R-20260622-34,TRBT-002,5
2026-06-22 14:43:49.598296,CEDI-08,905601112,2026062288703,R-20260622-34,ACC-002,15
2026-06-22 14:43:49.598296,CEDI-08,905601112,2026062288703,R-20260622-34,ACC-001,5
2026-06-22 14:43:49.598296,CEDI-08,905601112,2026062288703,R-20260622-34,TRBT-010,40
2026-06-22 14:43:49.598296,CEDI-08,905601112,2026062288703,R-20260622-34,CONS-002,40
2026-06-22 14:43:49.598296,CEDI-08,905601112,2026062288703,R-20260622-34,CONS-003,40
2026-06-22 14:43:49.598296,CEDI-08,905601112,2026062288703,R-20260622-34,TRBT-007,25
2026-06-22 14:43:49.598296,CEDI-08,136774400,2026062261162,R-20260622-34,CONS-003,50
2026-06-22 14:43:49.598296,CEDI-08,136774400,2026062261162,R-20260622-34,TRBT-006,15
2026-06-22 14:43:49.598296,CEDI-08,136774400,2026062261162,R-20260622-34,TRBT-009,25
2026-06-22 14:43:49.598296,CEDI-08,136774400,2026062261162,R-20260622-34,TRBT-005,5
2026-06-22 14:43:49.598296,CEDI-08,136774400,2026062261162,R-20260622-34,TRBT-004,5
2026-06-22 14:43:49.598296,CEDI-08,136774400,2026062261162,R-20260622-34,TRBT-001,25
2026-06-22 14:43:49.598296,CEDI-08,136774400,2026062261162,R-20260622-34,ACC-001,40
2026-06-22 14:43:49.598296,CEDI-08,832659006,2026062228552,R-20260622-34,ACC-003,30
2026-06-22 14:43:49.598296,CEDI-08,832659006,2026062228552,R-20260622-34,TRBT-008,30
2026-06-22 14:43:49.598296,CEDI-08,832659006,2026062228552,R-20260622-34,ACC-004,50
2026-06-22 14:43:49.598296,CEDI-08,832659006,2026062228552,R-20260622-34,CONS-002,15
2026-06-22 14:43:49.598296,CEDI-08,599380866,2026062267647,R-20260622-34,TRBT-001,15
2026-06-22 14:43:49.598296,CEDI-08,599380866,2026062267647,R-20260622-34,TRBT-008,20
2026-06-22 14:43:49.598296,CEDI-08,599380866,2026062267647,R-20260622-34,TRBT-005,10
2026-06-22 14:43:49.598296,CEDI-08,599380866,2026062267647,R-20260622-34,CONS-003,30
2026-06-22 14:43:49.598296,CEDI-08,599380866,2026062267647,R-20260622-34,SVC-001,45
2026-06-22 14:43:49.598296,CEDI-08,599380866,2026062267647,R-20260622-34,CONS-002,15
2026-06-22 14:43:49.598296,CEDI-08,599380866,2026062267647,R-20260622-34,TRBT-007,15
2026-06-22 14:43:49.598296,CEDI-08,599380866,2026062267647,R-20260622-34,TRBT-003,50
2026-06-22 14:43:49.598296,CEDI-08,599380866,2026062267647,R-20260622-34,ACC-002,35
2026-06-22 14:43:49.598296,CEDI-08,599380866,2026062267647,R-20260622-34,ACC-001,25
2026-06-22 14:43:49.598296,CEDI-08,599380866,2026062267647,R-20260622-34,TRBT-004,20
2026-06-22 14:43:49.598296,CEDI-08,599380866,2026062267647,R-20260622-34,TRBT-002,30
2026-06-22 14:43:49.598296,CEDI-08,599380866,2026062267647,R-20260622-34,CONS-001,40
2026-06-22 14:43:49.598296,CEDI-08,599380866,2026062267647,R-20260622-34,TRBT-006,30
2026-06-22 14:43:49.598296,CEDI-08,599380866,2026062267647,R-20260622-34,ACC-004,45
2026-06-22 14:43:49.598296,CEDI-08,959870400,2026062255895,R-20260622-34,TRBT-002,30
2026-06-22 14:43:49.598296,CEDI-08,959870400,2026062255895,R-20260622-34,CONS-003,45
2026-06-22 14:43:49.598296,CEDI-08,959870400,2026062255895,R-20260622-34,TRBT-009,30
2026-06-22 14:43:49.598296,CEDI-08,959870400,2026062255895,R-20260622-34,TRBT-010,15
2026-06-22 14:43:49.598296,CEDI-08,959870400,2026062255895,R-20260622-34,TRBT-004,30
2026-06-22 14:43:49.598296,CEDI-08,959870400,2026062255895,R-20260622-34,ACC-004,5
2026-06-22 14:43:49.598296,CEDI-08,959870400,2026062255895,R-20260622-34,SVC-002,50
2026-06-22 14:43:49.598296,CEDI-08,959870400,2026062255895,R-20260622-34,SVC-001,20
2026-06-22 14:43:49.598296,CEDI-08,959870400,2026062255895,R-20260622-34,ACC-002,50
2026-06-22 14:43:49.598296,CEDI-08,959870400,2026062255895,R-20260622-34,TRBT-008,45
2026-06-22 14:43:49.598296,CEDI-08,959870400,2026062255895,R-20260622-34,TRBT-001,35
2026-06-22 14:43:49.598296,CEDI-08,959870400,2026062255895,R-20260622-34,TRBT-005,40
2026-06-22 14:43:49.598296,CEDI-08,959870400,2026062255895,R-20260622-34,TRBT-003,45
2026-06-22 14:43:49.598296,CEDI-08,959870400,2026062255895,R-20260622-34,CONS-001,5
2026-06-22 14:43:49.598296,CEDI-08,959870400,2026062255895,R-20260622-34,CONS-002,20
2026-06-22 14:43:49.598296,CEDI-08,959870400,2026062255895,R-20260622-34,TRBT-006,45
2026-06-22 14:43:49.598296,CEDI-08,959870400,2026062255895,R-20260622-34,ACC-001,20
2026-06-22 14:43:49.598296,CEDI-08,961720220,2026062246192,R-20260622-34,TRBT-004,25
2026-06-22 14:43:49.598296,CEDI-08,961720220,2026062246192,R-20260622-34,TRBT-010,45
2026-06-22 14:43:49.598296,CEDI-08,961720220,2026062246192,R-20260622-34,TRBT-007,45
2026-06-22 14:43:49.598296,CEDI-08,961720220,2026062246192,R-20260622-34,CONS-001,25
2026-06-22 14:43:49.598296,CEDI-08,961720220,2026062246192,R-20260622-34,ACC-004,50
2026-06-22 14:43:49.598296,CEDI-08,961720220,2026062246192,R-20260622-34,ACC-001,15
2026-06-22 14:43:49.598296,CEDI-08,961720220,2026062246192,R-20260622-34,ACC-003,45
2026-06-22 14:43:49.598296,CEDI-08,961720220,2026062246192,R-20260622-34,TRBT-005,40
2026-06-22 14:43:49.598296,CEDI-08,961720220,2026062246192,R-20260622-34,TRBT-002,5
2026-06-22 14:43:49.598296,CEDI-08,961720220,2026062246192,R-20260622-34,TRBT-006,10
2026-06-22 14:43:49.598296,CEDI-08,961720220,2026062246192,R-20260622-34,SVC-001,10
2026-06-22 14:43:49.598296,CEDI-08,961720220,2026062246192,R-20260622-34,TRBT-001,50
2026-06-22 14:43:49.598296,CEDI-08,961720220,2026062246192,R-20260622-34,TRBT-003,15
2026-06-22 14:43:49.598296,CEDI-08,961720220,2026062246192,R-20260622-34,SVC-002,50
2026-06-22 14:43:49.598296,CEDI-08,961720220,2026062246192,R-20260622-34,ACC-002,30
2026-06-22 14:43:49.598296,CEDI-08,961720220,2026062246192,R-20260622-34,TRBT-009,25
2026-06-22 14:43:49.598296,CEDI-08,949446853,2026062238956,R-20260622-34,CONS-001,50
2026-06-22 14:43:49.598296,CEDI-08,949446853,2026062238956,R-20260622-34,TRBT-007,40
2026-06-22 14:43:49.598296,CEDI-08,949446853,2026062238956,R-20260622-34,TRBT-004,5
2026-06-22 14:43:49.598296,CEDI-08,949446853,2026062238956,R-20260622-34,TRBT-005,30
2026-06-22 14:43:49.598296,CEDI-08,949446853,2026062238956,R-20260622-34,TRBT-010,15
2026-06-22 14:43:49.598296,CEDI-08,949446853,2026062238956,R-20260622-34,TRBT-006,15
2026-06-22 14:43:49.598296,CEDI-08,949446853,2026062238956,R-20260622-34,CONS-002,50
2026-06-22 14:43:49.598296,CEDI-08,949446853,2026062238956,R-20260622-34,TRBT-009,20
2026-06-22 14:43:49.598296,CEDI-08,949446853,2026062238956,R-20260622-34,TRBT-008,30
2026-06-22 14:43:49.598296,CEDI-08,951170648,2026062229945,R-20260622-34,TRBT-002,35
2026-06-22 14:43:49.598296,CEDI-08,951170648,2026062229945,R-20260622-34,CONS-002,50
2026-06-22 14:43:49.598296,CEDI-08,951170648,2026062229945,R-20260622-34,ACC-002,15
2026-06-22 14:43:49.598296,CEDI-08,951170648,2026062229945,R-20260622-34,ACC-001,35
2026-06-22 14:43:49.598296,CEDI-08,951170648,2026062229945,R-20260622-34,TRBT-004,25
2026-06-22 14:43:49.598296,CEDI-08,951170648,2026062229945,R-20260622-34,TRBT-008,50
2026-06-22 14:43:49.598296,CEDI-08,951170648,2026062229945,R-20260622-34,SVC-002,50
2026-06-22 14:43:49.598296,CEDI-08,951170648,2026062229945,R-20260622-34,TRBT-001,40
2026-06-22 14:43:49.598296,CEDI-08,951170648,2026062229945,R-20260622-34,TRBT-005,35
2026-06-22 14:43:49.598296,CEDI-08,951170648,2026062229945,R-20260622-34,CONS-001,15
2026-06-22 14:43:49.598296,CEDI-08,951170648,2026062229945,R-20260622-34,TRBT-010,15
2026-06-22 14:43:49.598296,CEDI-08,951170648,2026062229945,R-20260622-34,TRBT-009,50
2026-06-22 14:43:49.598296,CEDI-08,951170648,2026062229945,R-20260622-34,ACC-004,25
2026-06-22 14:43:49.598296,CEDI-08,951170648,2026062229945,R-20260622-34,ACC-003,50
2026-06-22 14:43:49.598296,CEDI-08,951170648,2026062229945,R-20260622-34,SVC-001,25
2026-06-22 14:43:49.598296,CEDI-08,951170648,2026062229945,R-20260622-34,TRBT-003,5
2026-06-22 14:43:49.598296,CEDI-08,951170648,2026062229945,R-20260622-34,CONS-003,25
2026-06-22 14:43:49.598296,CEDI-08,951170648,2026062229945,R-20260622-34,TRBT-006,40
2026-06-22 14:43:49.598296,CEDI-08,935374260,2026062256628,R-20260622-34,TRBT-006,25
2026-06-22 14:43:49.598296,CEDI-08,935374260,2026062256628,R-20260622-34,TRBT-004,10
2026-06-22 14:43:49.598296,CEDI-08,935374260,2026062256628,R-20260622-34,TRBT-003,25
2026-06-22 14:43:49.598296,CEDI-08,935374260,2026062256628,R-20260622-34,TRBT-005,15
2026-06-22 14:43:49.598296,CEDI-08,935374260,2026062256628,R-20260622-34,SVC-001,30
2026-06-22 14:43:49.598296,CEDI-08,935374260,2026062256628,R-20260622-34,TRBT-009,30
2026-06-22 14:43:49.598296,CEDI-08,956293161,2026062292908,R-20260622-34,TRBT-008,25
2026-06-22 14:43:49.598296,CEDI-08,956293161,2026062292908,R-20260622-34,ACC-001,5
2026-06-22 14:43:49.598296,CEDI-08,956293161,2026062292908,R-20260622-34,TRBT-010,35
2026-06-22 14:43:49.598296,CEDI-08,956293161,2026062292908,R-20260622-34,TRBT-007,10
2026-06-22 14:43:49.598296,CEDI-08,956293161,2026062292908,R-20260622-34,TRBT-003,30
2026-06-22 14:43:49.598296,CEDI-08,81635518,2026062223256,R-20260622-34,ACC-001,30
2026-06-22 14:43:49.598296,CEDI-08,81635518,2026062223256,R-20260622-34,SVC-002,30
2026-06-22 14:43:49.598296,CEDI-08,81635518,2026062223256,R-20260622-34,TRBT-008,25
2026-06-22 14:43:49.598296,CEDI-08,81635518,2026062223256,R-20260622-34,TRBT-007,30
2026-06-22 14:43:49.598296,CEDI-08,81635518,2026062223256,R-20260622-34,TRBT-004,30
2026-06-22 14:43:49.598296,CEDI-08,81635518,2026062223256,R-20260622-34,TRBT-002,5
2026-06-22 14:43:49.598296,CEDI-08,81635518,2026062223256,R-20260622-34,SVC-001,15
2026-06-22 14:43:49.598296,CEDI-08,81635518,2026062223256,R-20260622-34,CONS-001,50
2026-06-22 14:43:49.598296,CEDI-08,81635518,2026062223256,R-20260622-34,TRBT-001,10
2026-06-22 14:43:49.598296,CEDI-08,81635518,2026062223256,R-20260622-34,TRBT-003,5
2026-06-22 14:43:49.598296,CEDI-08,81635518,2026062223256,R-20260622-34,ACC-003,10
2026-06-22 14:43:49.598296,CEDI-08,81635518,2026062223256,R-20260622-34,TRBT-005,10
2026-06-22 14:43:49.598296,CEDI-08,575803184,2026062230315,R-20260622-34,ACC-003,25
2026-06-22 14:43:49.598296,CEDI-08,575803184,2026062230315,R-20260622-34,TRBT-002,10
2026-06-22 14:43:49.598296,CEDI-08,575803184,2026062230315,R-20260622-34,TRBT-006,40
2026-06-22 14:43:49.598296,CEDI-08,575803184,2026062230315,R-20260622-34,ACC-004,40
2026-06-22 14:43:49.598296,CEDI-08,575803184,2026062230315,R-20260622-34,CONS-003,40
2026-06-22 14:43:49.598296,CEDI-08,575803184,2026062230315,R-20260622-34,SVC-001,35
2026-06-22 14:43:49.598296,CEDI-08,575803184,2026062230315,R-20260622-34,TRBT-005,5
2026-06-22 14:43:49.598296,CEDI-08,575803184,2026062230315,R-20260622-34,TRBT-010,45
2026-06-22 14:43:49.598296,CEDI-08,575803184,2026062230315,R-20260622-34,TRBT-007,5
2026-06-22 14:43:49.598296,CEDI-08,575803184,2026062230315,R-20260622-34,TRBT-008,35
2026-06-22 14:43:49.598296,CEDI-08,331184265,2026062293982,R-20260622-34,TRBT-002,35
2026-06-22 14:43:49.598296,CEDI-08,433604639,2026062235986,R-20260622-34,SVC-001,30
2026-06-22 14:43:49.598296,CEDI-08,433604639,2026062235986,R-20260622-34,TRBT-004,50
2026-06-22 14:43:49.598296,CEDI-08,433604639,2026062235986,R-20260622-34,ACC-003,35
2026-06-22 14:43:49.598296,CEDI-08,170262680,2026062286068,R-20260622-34,TRBT-005,15
2026-06-22 14:43:49.598296,CEDI-08,170262680,2026062286068,R-20260622-34,SVC-002,50
2026-06-22 14:43:49.598296,CEDI-08,170262680,2026062286068,R-20260622-34,TRBT-004,25
2026-06-22 14:43:49.598296,CEDI-08,170262680,2026062286068,R-20260622-34,TRBT-002,20
2026-06-22 14:43:49.598296,CEDI-08,170262680,2026062286068,R-20260622-34,TRBT-001,5
2026-06-22 14:43:49.598296,CEDI-08,170262680,2026062286068,R-20260622-34,CONS-002,50
2026-06-22 14:43:49.598296,CEDI-08,170262680,2026062286068,R-20260622-34,TRBT-009,15
2026-06-22 14:43:49.598296,CEDI-08,170262680,2026062286068,R-20260622-34,ACC-001,15
2026-06-22 14:43:49.598296,CEDI-08,170262680,2026062286068,R-20260622-34,SVC-001,45
2026-06-22 14:43:49.598296,CEDI-08,170262680,2026062286068,R-20260622-34,ACC-003,5
2026-06-22 14:43:49.598296,CEDI-08,170262680,2026062286068,R-20260622-34,CONS-003,20
2026-06-22 14:43:49.598296,CEDI-08,170262680,2026062286068,R-20260622-34,ACC-002,15
2026-06-22 14:43:49.598296,CEDI-08,170262680,2026062286068,R-20260622-34,ACC-004,45
2026-06-22 14:43:49.598296,CEDI-08,170262680,2026062286068,R-20260622-34,TRBT-003,15
2026-06-22 14:43:49.598296,CEDI-09,119426049,2026062289785,R-20260622-23,SVC-001,15
2026-06-22 14:43:49.598296,CEDI-09,119426049,2026062289785,R-20260622-23,TRBT-010,20
2026-06-22 14:43:49.598296,CEDI-09,119426049,2026062289785,R-20260622-23,CONS-001,40
2026-06-22 14:43:49.598296,CEDI-09,119426049,2026062289785,R-20260622-23,ACC-001,30
2026-06-22 14:43:49.598296,CEDI-09,119426049,2026062289785,R-20260622-23,TRBT-001,50
2026-06-22 14:43:49.598296,CEDI-09,119426049,2026062289785,R-20260622-23,TRBT-004,35
2026-06-22 14:43:49.598296,CEDI-09,119426049,2026062289785,R-20260622-23,CONS-002,25
2026-06-22 14:43:49.598296,CEDI-09,24406332,2026062272060,R-20260622-23,CONS-003,45
2026-06-22 14:43:49.598296,CEDI-09,24406332,2026062272060,R-20260622-23,TRBT-001,45
2026-06-22 14:43:49.598296,CEDI-09,24406332,2026062272060,R-20260622-23,SVC-002,25
2026-06-22 14:43:49.598296,CEDI-09,24406332,2026062272060,R-20260622-23,TRBT-003,25
2026-06-22 14:43:49.598296,CEDI-09,24406332,2026062272060,R-20260622-23,TRBT-005,15
2026-06-22 14:43:49.598296,CEDI-09,49941535,2026062267286,R-20260622-23,TRBT-006,30
2026-06-22 14:43:49.598296,CEDI-09,49941535,2026062267286,R-20260622-23,ACC-003,10
2026-06-22 14:43:49.598296,CEDI-09,49941535,2026062267286,R-20260622-23,SVC-001,15
2026-06-22 14:43:49.598296,CEDI-09,49941535,2026062267286,R-20260622-23,TRBT-003,40
2026-06-22 14:43:49.598296,CEDI-09,49941535,2026062267286,R-20260622-23,TRBT-010,35
2026-06-22 14:43:49.598296,CEDI-09,49941535,2026062267286,R-20260622-23,CONS-003,15
2026-06-22 14:43:49.598296,CEDI-09,49941535,2026062267286,R-20260622-23,TRBT-008,25
2026-06-22 14:43:49.598296,CEDI-09,49941535,2026062267286,R-20260622-23,TRBT-007,35
2026-06-22 14:43:49.598296,CEDI-09,49941535,2026062267286,R-20260622-23,ACC-002,15
2026-06-22 14:43:49.598296,CEDI-09,49941535,2026062267286,R-20260622-23,TRBT-002,10
2026-06-22 14:43:49.598296,CEDI-09,571895218,2026062256216,R-20260622-23,TRBT-006,20
2026-06-22 14:43:49.598296,CEDI-09,571895218,2026062256216,R-20260622-23,SVC-002,10
2026-06-22 14:43:49.598296,CEDI-09,571895218,2026062256216,R-20260622-23,CONS-002,20
2026-06-22 14:43:49.598296,CEDI-09,571895218,2026062256216,R-20260622-23,TRBT-002,5
2026-06-22 14:43:49.598296,CEDI-09,824691114,2026062237902,R-20260622-23,TRBT-005,45
2026-06-22 14:43:49.598296,CEDI-09,159240047,2026062218253,R-20260622-23,TRBT-004,25
2026-06-22 14:43:49.598296,CEDI-09,159240047,2026062218253,R-20260622-23,SVC-002,15
2026-06-22 14:43:49.598296,CEDI-09,159240047,2026062218253,R-20260622-23,ACC-004,40
2026-06-22 14:43:49.598296,CEDI-09,159240047,2026062218253,R-20260622-23,SVC-001,45
2026-06-22 14:43:49.598296,CEDI-09,159240047,2026062218253,R-20260622-23,TRBT-010,10
2026-06-22 14:43:49.598296,CEDI-09,159240047,2026062218253,R-20260622-23,TRBT-007,15
2026-06-22 14:43:49.598296,CEDI-09,159240047,2026062218253,R-20260622-23,ACC-002,30
2026-06-22 14:43:49.598296,CEDI-09,159240047,2026062218253,R-20260622-23,TRBT-008,25
2026-06-22 14:43:49.598296,CEDI-09,159240047,2026062218253,R-20260622-23,CONS-003,15
2026-06-22 14:43:49.598296,CEDI-09,159240047,2026062218253,R-20260622-23,CONS-002,25
2026-06-22 14:43:49.598296,CEDI-09,78945220,2026062291664,R-20260622-23,TRBT-001,5
2026-06-22 14:43:49.598296,CEDI-09,78945220,2026062291664,R-20260622-23,TRBT-006,50
2026-06-22 14:43:49.598296,CEDI-09,78945220,2026062291664,R-20260622-23,TRBT-003,20
2026-06-22 14:43:49.598296,CEDI-09,78945220,2026062291664,R-20260622-23,CONS-002,10
2026-06-22 14:43:49.598296,CEDI-09,78945220,2026062291664,R-20260622-23,ACC-001,5
2026-06-22 14:43:49.598296,CEDI-09,78945220,2026062291664,R-20260622-23,SVC-002,40
2026-06-22 14:43:49.598296,CEDI-09,78945220,2026062291664,R-20260622-23,TRBT-005,25
2026-06-22 14:43:49.598296,CEDI-09,78945220,2026062291664,R-20260622-23,CONS-003,5
2026-06-22 14:43:49.598296,CEDI-09,78945220,2026062291664,R-20260622-23,TRBT-009,5
2026-06-22 14:43:49.598296,CEDI-09,78945220,2026062291664,R-20260622-23,TRBT-010,5
2026-06-22 14:43:49.598296,CEDI-09,78945220,2026062291664,R-20260622-23,TRBT-007,50
2026-06-22 14:43:49.598296,CEDI-09,78945220,2026062291664,R-20260622-23,TRBT-008,20
2026-06-22 14:43:49.598296,CEDI-09,78945220,2026062291664,R-20260622-23,ACC-002,30
2026-06-22 14:43:49.598296,CEDI-09,78945220,2026062291664,R-20260622-23,ACC-003,25
2026-06-22 14:43:49.598296,CEDI-09,78945220,2026062291664,R-20260622-23,ACC-004,10
2026-06-22 14:43:49.598296,CEDI-09,78945220,2026062291664,R-20260622-23,CONS-001,10
2026-06-22 14:43:49.598296,CEDI-09,78945220,2026062291664,R-20260622-23,SVC-001,10
2026-06-22 14:43:49.598296,CEDI-09,702343608,2026062272168,R-20260622-23,SVC-001,15
2026-06-22 14:43:49.598296,CEDI-09,702343608,2026062272168,R-20260622-23,ACC-002,40
2026-06-22 14:43:49.598296,CEDI-09,702343608,2026062272168,R-20260622-23,CONS-001,20
2026-06-22 14:43:49.598296,CEDI-09,702343608,2026062272168,R-20260622-23,TRBT-005,25
2026-06-22 14:43:49.598296,CEDI-09,702343608,2026062272168,R-20260622-23,CONS-002,50
2026-06-22 14:43:49.598296,CEDI-09,702343608,2026062272168,R-20260622-23,TRBT-009,35
2026-06-22 14:43:49.598296,CEDI-09,702343608,2026062272168,R-20260622-23,TRBT-007,30
2026-06-22 14:43:49.598296,CEDI-09,702343608,2026062272168,R-20260622-23,ACC-003,5
2026-06-22 14:43:49.598296,CEDI-09,702343608,2026062272168,R-20260622-23,TRBT-008,25
2026-06-22 14:43:49.598296,CEDI-09,702343608,2026062272168,R-20260622-23,TRBT-006,25
2026-06-22 14:43:49.598296,CEDI-09,702343608,2026062272168,R-20260622-23,TRBT-004,45
2026-06-22 14:43:49.598296,CEDI-09,702343608,2026062272168,R-20260622-23,TRBT-001,30
2026-06-22 14:43:49.598296,CEDI-09,546403836,2026062292881,R-20260622-23,TRBT-009,20
2026-06-22 14:43:49.598296,CEDI-09,560617521,2026062285496,R-20260622-23,TRBT-008,20
2026-06-22 14:43:49.598296,CEDI-09,560617521,2026062285496,R-20260622-23,CONS-002,25
2026-06-22 14:43:49.598296,CEDI-09,560617521,2026062285496,R-20260622-23,SVC-002,40
2026-06-22 14:43:49.598296,CEDI-09,560617521,2026062285496,R-20260622-23,TRBT-004,30
2026-06-22 14:43:49.598296,CEDI-09,560617521,2026062285496,R-20260622-23,TRBT-005,15
2026-06-22 14:43:49.598296,CEDI-09,560617521,2026062285496,R-20260622-23,CONS-003,5
2026-06-22 14:43:49.598296,CEDI-09,560617521,2026062285496,R-20260622-23,TRBT-006,50
2026-06-22 14:43:49.598296,CEDI-09,29264109,2026062261346,R-20260622-23,TRBT-003,50
2026-06-22 14:43:49.598296,CEDI-09,29264109,2026062261346,R-20260622-23,ACC-002,25
2026-06-22 14:43:49.598296,CEDI-09,29264109,2026062261346,R-20260622-23,TRBT-008,40
2026-06-22 14:43:49.598296,CEDI-09,29264109,2026062261346,R-20260622-23,ACC-004,5
2026-06-22 14:43:49.598296,CEDI-09,29264109,2026062261346,R-20260622-23,TRBT-009,25
2026-06-22 14:43:49.598296,CEDI-09,29264109,2026062261346,R-20260622-23,TRBT-004,50
2026-06-22 14:43:49.598296,CEDI-09,29264109,2026062261346,R-20260622-23,CONS-003,45
2026-06-22 14:43:49.598296,CEDI-09,29264109,2026062261346,R-20260622-23,SVC-002,40
2026-06-22 14:43:49.598296,CEDI-09,29264109,2026062261346,R-20260622-23,ACC-003,25
2026-06-22 14:43:49.598296,CEDI-09,29264109,2026062261346,R-20260622-23,TRBT-001,25
2026-06-22 14:43:49.598296,CEDI-09,29264109,2026062261346,R-20260622-23,TRBT-007,25
2026-06-22 14:43:49.598296,CEDI-09,29264109,2026062261346,R-20260622-23,CONS-002,20
2026-06-22 14:43:49.598296,CEDI-09,29264109,2026062261346,R-20260622-23,CONS-001,20
2026-06-22 14:43:49.598296,CEDI-09,29264109,2026062261346,R-20260622-23,ACC-001,25
2026-06-22 14:43:49.598296,CEDI-09,29264109,2026062261346,R-20260622-23,TRBT-005,50
2026-06-22 14:43:49.598296,CEDI-09,193350327,2026062286892,R-20260622-23,ACC-003,10
2026-06-22 14:43:49.598296,CEDI-09,193350327,2026062286892,R-20260622-23,TRBT-003,5
2026-06-22 14:43:49.598296,CEDI-09,193350327,2026062286892,R-20260622-23,TRBT-006,30
2026-06-22 14:43:49.598296,CEDI-09,193350327,2026062286892,R-20260622-23,TRBT-008,40
2026-06-22 14:43:49.598296,CEDI-09,193350327,2026062286892,R-20260622-23,TRBT-001,35
2026-06-22 14:43:49.598296,CEDI-09,193350327,2026062286892,R-20260622-23,ACC-001,45
2026-06-22 14:43:49.598296,CEDI-09,193350327,2026062286892,R-20260622-23,TRBT-009,10
2026-06-22 14:43:49.598296,CEDI-09,193350327,2026062286892,R-20260622-23,SVC-001,10
2026-06-22 14:43:49.598296,CEDI-09,193350327,2026062286892,R-20260622-23,TRBT-002,10
2026-06-22 14:43:49.598296,CEDI-09,193350327,2026062286892,R-20260622-23,TRBT-007,25
2026-06-22 14:43:49.598296,CEDI-09,193350327,2026062286892,R-20260622-23,CONS-002,10
2026-06-22 14:43:49.598296,CEDI-09,193350327,2026062286892,R-20260622-23,CONS-001,10
2026-06-22 14:43:49.598296,CEDI-09,193350327,2026062286892,R-20260622-23,ACC-004,30
2026-06-22 14:43:49.598296,CEDI-09,193350327,2026062286892,R-20260622-23,TRBT-010,20
2026-06-22 14:43:49.598296,CEDI-09,193350327,2026062286892,R-20260622-23,SVC-002,45
2026-06-22 14:43:49.598296,CEDI-09,193350327,2026062286892,R-20260622-23,ACC-002,35
2026-06-22 14:43:49.598296,CEDI-09,193350327,2026062286892,R-20260622-23,TRBT-005,30
2026-06-22 14:43:49.598296,CEDI-09,409689906,2026062256519,R-20260622-23,TRBT-001,15
2026-06-22 14:43:49.598296,CEDI-09,409689906,2026062256519,R-20260622-23,TRBT-010,5
2026-06-22 14:43:49.598296,CEDI-09,409689906,2026062256519,R-20260622-23,TRBT-005,35
2026-06-22 14:43:49.598296,CEDI-09,409689906,2026062256519,R-20260622-23,CONS-002,15
2026-06-22 14:43:49.598296,CEDI-09,409689906,2026062256519,R-20260622-23,TRBT-006,10
2026-06-22 14:43:49.598296,CEDI-09,409689906,2026062256519,R-20260622-23,ACC-003,20
2026-06-22 14:43:49.598296,CEDI-09,409689906,2026062256519,R-20260622-23,TRBT-008,20
2026-06-22 14:43:49.598296,CEDI-09,409689906,2026062256519,R-20260622-23,SVC-002,40
2026-06-22 14:43:49.598296,CEDI-09,409689906,2026062256519,R-20260622-23,CONS-003,50
2026-06-22 14:43:49.598296,CEDI-09,409689906,2026062256519,R-20260622-23,ACC-004,40
2026-06-22 14:43:49.598296,CEDI-09,409689906,2026062256519,R-20260622-23,TRBT-007,15
2026-06-22 14:43:49.598296,CEDI-09,409689906,2026062256519,R-20260622-23,ACC-001,30
2026-06-22 14:43:49.598296,CEDI-09,409689906,2026062256519,R-20260622-23,TRBT-004,10
2026-06-22 14:43:49.598296,CEDI-09,409689906,2026062256519,R-20260622-23,SVC-001,10
2026-06-22 14:43:49.598296,CEDI-09,646831464,2026062269506,R-20260622-23,TRBT-006,20
2026-06-22 14:43:49.598296,CEDI-09,646831464,2026062269506,R-20260622-23,TRBT-008,15
2026-06-22 14:43:49.598296,CEDI-09,646831464,2026062269506,R-20260622-23,CONS-001,35
2026-06-22 14:43:49.598296,CEDI-09,646831464,2026062269506,R-20260622-23,TRBT-001,20
2026-06-22 14:43:49.598296,CEDI-09,646831464,2026062269506,R-20260622-23,TRBT-009,40
2026-06-22 14:43:49.598296,CEDI-09,248007778,2026062225995,R-20260622-23,TRBT-003,35
2026-06-22 14:43:49.598296,CEDI-09,248007778,2026062225995,R-20260622-23,ACC-004,40
2026-06-22 14:43:49.598296,CEDI-09,248007778,2026062225995,R-20260622-23,TRBT-009,15
2026-06-22 14:43:49.598296,CEDI-09,248007778,2026062225995,R-20260622-23,TRBT-004,40
2026-06-22 14:43:49.598296,CEDI-09,248007778,2026062225995,R-20260622-23,SVC-001,25
2026-06-22 14:43:49.598296,CEDI-09,248007778,2026062225995,R-20260622-23,SVC-002,30
2026-06-22 14:43:49.598296,CEDI-09,248007778,2026062225995,R-20260622-23,CONS-001,20
2026-06-22 14:43:49.598296,CEDI-09,248007778,2026062225995,R-20260622-23,ACC-002,50
2026-06-22 14:43:49.598296,CEDI-09,248007778,2026062225995,R-20260622-23,ACC-003,35
2026-06-22 14:43:49.598296,CEDI-09,248007778,2026062225995,R-20260622-23,TRBT-007,40
2026-06-22 14:43:49.598296,CEDI-09,248007778,2026062225995,R-20260622-23,CONS-003,5
2026-06-22 14:43:49.598296,CEDI-09,248007778,2026062225995,R-20260622-23,TRBT-006,30
2026-06-22 14:43:49.598296,CEDI-09,248007778,2026062225995,R-20260622-23,TRBT-010,25
2026-06-22 14:43:49.598296,CEDI-09,309274494,2026062239330,R-20260622-23,ACC-002,35
2026-06-22 14:43:49.598296,CEDI-09,309274494,2026062239330,R-20260622-23,CONS-001,15
2026-06-22 14:43:49.598296,CEDI-09,309274494,2026062239330,R-20260622-23,TRBT-005,50
2026-06-22 14:43:49.598296,CEDI-09,390649046,2026062245436,R-20260622-23,SVC-002,50
2026-06-22 14:43:49.598296,CEDI-09,390649046,2026062245436,R-20260622-23,TRBT-003,5
2026-06-22 14:43:49.598296,CEDI-09,390649046,2026062245436,R-20260622-23,TRBT-007,10
2026-06-22 14:43:49.598296,CEDI-09,390649046,2026062245436,R-20260622-23,ACC-003,5
2026-06-22 14:43:49.598296,CEDI-09,390649046,2026062245436,R-20260622-23,ACC-002,40
2026-06-22 14:43:49.598296,CEDI-09,390649046,2026062245436,R-20260622-23,TRBT-006,40
2026-06-22 14:43:49.598296,CEDI-09,390649046,2026062245436,R-20260622-23,CONS-002,5
2026-06-22 14:43:49.598296,CEDI-09,390649046,2026062245436,R-20260622-23,ACC-001,20
2026-06-22 14:43:49.598296,CEDI-09,390649046,2026062245436,R-20260622-23,TRBT-005,40
2026-06-22 14:43:49.598296,CEDI-09,390649046,2026062245436,R-20260622-23,CONS-003,20
2026-06-22 14:43:49.598296,CEDI-09,390649046,2026062245436,R-20260622-23,TRBT-009,35
2026-06-22 14:43:49.598296,CEDI-09,390649046,2026062245436,R-20260622-23,TRBT-001,25
2026-06-22 14:43:49.598296,CEDI-09,145185043,2026062238889,R-20260622-23,CONS-003,35
2026-06-22 14:43:49.598296,CEDI-09,145185043,2026062238889,R-20260622-23,TRBT-002,25
2026-06-22 14:43:49.598296,CEDI-09,145185043,2026062238889,R-20260622-23,ACC-001,45
2026-06-22 14:43:49.598296,CEDI-09,145185043,2026062238889,R-20260622-23,TRBT-003,45
2026-06-22 14:43:49.598296,CEDI-09,145185043,2026062238889,R-20260622-23,TRBT-008,15
2026-06-22 14:43:49.598296,CEDI-09,145185043,2026062238889,R-20260622-23,SVC-002,40
2026-06-22 14:43:49.598296,CEDI-09,145185043,2026062238889,R-20260622-23,CONS-002,10
2026-06-22 14:43:49.598296,CEDI-09,145185043,2026062238889,R-20260622-23,TRBT-004,50
2026-06-22 14:43:49.598296,CEDI-09,145185043,2026062238889,R-20260622-23,TRBT-007,20
2026-06-22 14:43:49.598296,CEDI-09,145185043,2026062238889,R-20260622-23,TRBT-001,40
2026-06-22 14:43:49.598296,CEDI-09,145185043,2026062238889,R-20260622-23,TRBT-010,5
2026-06-22 14:43:49.598296,CEDI-09,145185043,2026062238889,R-20260622-23,TRBT-006,45
2026-06-22 14:43:49.598296,CEDI-09,145185043,2026062238889,R-20260622-23,TRBT-009,25
2026-06-22 14:43:49.598296,CEDI-09,224316287,2026062287819,R-20260622-23,ACC-003,50
2026-06-22 14:43:49.598296,CEDI-09,224316287,2026062287819,R-20260622-23,TRBT-002,45
2026-06-22 14:43:49.598296,CEDI-09,224316287,2026062287819,R-20260622-23,ACC-004,45
2026-06-22 14:43:49.598296,CEDI-09,224316287,2026062287819,R-20260622-23,TRBT-005,20
2026-06-22 14:43:49.598296,CEDI-09,224316287,2026062287819,R-20260622-23,TRBT-001,30
2026-06-22 14:43:49.598296,CEDI-09,224316287,2026062287819,R-20260622-23,TRBT-009,5
2026-06-22 14:43:49.598296,CEDI-09,224316287,2026062287819,R-20260622-23,TRBT-010,40
2026-06-22 14:43:49.598296,CEDI-09,224316287,2026062287819,R-20260622-23,TRBT-008,50
2026-06-22 14:43:49.598296,CEDI-09,224316287,2026062287819,R-20260622-23,CONS-003,25
2026-06-22 14:43:49.598296,CEDI-09,224316287,2026062287819,R-20260622-23,TRBT-007,5
2026-06-22 14:43:49.598296,CEDI-09,224316287,2026062287819,R-20260622-23,SVC-002,20
2026-06-22 14:43:49.598296,CEDI-09,224316287,2026062287819,R-20260622-23,TRBT-003,25
2026-06-22 14:43:49.598296,CEDI-09,851130596,2026062229025,R-20260622-23,TRBT-002,35
2026-06-22 14:43:49.598296,CEDI-09,957353406,2026062242380,R-20260622-23,ACC-001,35
2026-06-22 14:43:49.598296,CEDI-09,957353406,2026062242380,R-20260622-23,CONS-003,45
2026-06-22 14:43:49.598296,CEDI-09,957353406,2026062242380,R-20260622-23,TRBT-003,40
2026-06-22 14:43:49.598296,CEDI-09,957353406,2026062242380,R-20260622-23,TRBT-002,30
2026-06-22 14:43:49.598296,CEDI-09,957353406,2026062242380,R-20260622-23,TRBT-008,40
2026-06-22 14:43:49.598296,CEDI-09,438623283,2026062234437,R-20260622-23,TRBT-009,30
2026-06-22 14:43:49.598296,CEDI-09,438623283,2026062234437,R-20260622-23,SVC-002,45
2026-06-22 14:43:49.598296,CEDI-09,438623283,2026062234437,R-20260622-23,ACC-004,25
2026-06-22 14:43:49.598296,CEDI-09,438623283,2026062234437,R-20260622-23,SVC-001,25
2026-06-22 14:43:49.598296,CEDI-09,438623283,2026062234437,R-20260622-23,ACC-003,5
2026-06-22 14:43:49.598296,CEDI-09,438623283,2026062234437,R-20260622-23,CONS-002,40
2026-06-22 14:43:49.598296,CEDI-09,438623283,2026062234437,R-20260622-23,TRBT-001,45
2026-06-22 14:43:49.598296,CEDI-09,438623283,2026062234437,R-20260622-23,TRBT-006,25
2026-06-22 14:43:49.598296,CEDI-09,438623283,2026062234437,R-20260622-23,TRBT-010,30
2026-06-22 14:43:49.598296,CEDI-09,438623283,2026062234437,R-20260622-23,ACC-002,35
2026-06-22 14:43:49.598296,CEDI-09,438623283,2026062234437,R-20260622-23,TRBT-003,10
2026-06-22 14:43:49.598296,CEDI-09,438623283,2026062234437,R-20260622-23,TRBT-005,5
2026-06-22 14:43:49.598296,CEDI-09,438623283,2026062234437,R-20260622-23,CONS-001,35
2026-06-22 14:43:49.598296,CEDI-09,438623283,2026062234437,R-20260622-23,ACC-001,50
2026-06-22 14:43:49.598296,CEDI-09,980096281,2026062218987,R-20260622-23,TRBT-001,30
2026-06-22 14:43:49.598296,CEDI-09,980096281,2026062218987,R-20260622-23,TRBT-004,15
2026-06-22 14:43:49.598296,CEDI-09,653978747,2026062299939,R-20260622-23,ACC-004,15
2026-06-22 14:43:49.598296,CEDI-09,653978747,2026062299939,R-20260622-23,TRBT-010,10
2026-06-22 14:43:49.598296,CEDI-09,653978747,2026062299939,R-20260622-23,TRBT-008,50
2026-06-22 14:43:49.598296,CEDI-09,653978747,2026062299939,R-20260622-23,TRBT-004,35
2026-06-22 14:43:49.598296,CEDI-09,653978747,2026062299939,R-20260622-23,TRBT-001,15
2026-06-22 14:43:49.598296,CEDI-09,653978747,2026062299939,R-20260622-23,SVC-002,20
2026-06-22 14:43:49.598296,CEDI-09,653978747,2026062299939,R-20260622-23,CONS-002,5
2026-06-22 14:43:49.598296,CEDI-09,653978747,2026062299939,R-20260622-23,SVC-001,25
2026-06-22 14:43:49.598296,CEDI-09,653978747,2026062299939,R-20260622-23,TRBT-002,30
2026-06-22 14:43:49.598296,CEDI-09,341162056,2026062244363,R-20260622-23,TRBT-009,15
2026-06-22 14:43:49.598296,CEDI-09,341162056,2026062244363,R-20260622-23,CONS-002,35
2026-06-22 14:43:49.598296,CEDI-09,341162056,2026062244363,R-20260622-23,SVC-001,30
2026-06-22 14:43:49.598296,CEDI-09,341162056,2026062244363,R-20260622-23,ACC-001,40
2026-06-22 14:43:49.598296,CEDI-09,341162056,2026062244363,R-20260622-23,ACC-003,15
2026-06-22 14:43:49.598296,CEDI-09,341162056,2026062244363,R-20260622-23,TRBT-010,35
2026-06-22 14:43:49.598296,CEDI-09,341162056,2026062244363,R-20260622-23,TRBT-007,20
2026-06-22 14:43:49.598296,CEDI-09,341162056,2026062244363,R-20260622-23,TRBT-001,30
2026-06-22 14:43:49.598296,CEDI-09,341162056,2026062244363,R-20260622-23,TRBT-002,45
2026-06-22 14:43:49.598296,CEDI-09,341162056,2026062244363,R-20260622-23,TRBT-006,40
2026-06-22 14:43:49.598296,CEDI-09,341162056,2026062244363,R-20260622-23,ACC-002,20
2026-06-22 14:43:49.598296,CEDI-09,341162056,2026062244363,R-20260622-23,TRBT-005,30
2026-06-22 14:43:49.598296,CEDI-09,341162056,2026062244363,R-20260622-23,SVC-002,45
2026-06-22 14:43:49.598296,CEDI-09,341162056,2026062244363,R-20260622-23,TRBT-004,40
2026-06-22 14:43:49.598296,CEDI-09,341162056,2026062244363,R-20260622-23,TRBT-003,30
2026-06-22 14:43:49.598296,CEDI-09,341162056,2026062244363,R-20260622-23,TRBT-008,45
2026-06-22 14:43:49.598296,CEDI-09,341162056,2026062244363,R-20260622-23,CONS-001,50
2026-06-22 14:43:49.598296,CEDI-09,341162056,2026062244363,R-20260622-23,CONS-003,15
2026-06-22 14:43:49.598296,CEDI-10,768777239,2026062250213,R-20260622-48,TRBT-010,40
2026-06-22 14:43:49.598296,CEDI-10,768777239,2026062250213,R-20260622-48,TRBT-006,15
2026-06-22 14:43:49.598296,CEDI-10,768777239,2026062250213,R-20260622-48,CONS-002,35
2026-06-22 14:43:49.598296,CEDI-10,768777239,2026062250213,R-20260622-48,ACC-003,10
2026-06-22 14:43:49.598296,CEDI-10,768777239,2026062250213,R-20260622-48,TRBT-004,10
2026-06-22 14:43:49.598296,CEDI-10,618806909,2026062232763,R-20260622-48,TRBT-004,10
2026-06-22 14:43:49.598296,CEDI-10,618806909,2026062232763,R-20260622-48,TRBT-001,10
2026-06-22 14:43:49.598296,CEDI-10,618806909,2026062232763,R-20260622-48,CONS-002,45
2026-06-22 14:43:49.598296,CEDI-10,618806909,2026062232763,R-20260622-48,TRBT-002,35
2026-06-22 14:43:49.598296,CEDI-10,618806909,2026062232763,R-20260622-48,TRBT-009,5
2026-06-22 14:43:49.598296,CEDI-10,618806909,2026062232763,R-20260622-48,CONS-003,25
2026-06-22 14:43:49.598296,CEDI-10,618806909,2026062232763,R-20260622-48,TRBT-003,10
2026-06-22 14:43:49.598296,CEDI-10,618806909,2026062232763,R-20260622-48,TRBT-006,45
2026-06-22 14:43:49.598296,CEDI-10,908539468,2026062251752,R-20260622-48,TRBT-007,40
2026-06-22 14:43:49.598296,CEDI-10,908539468,2026062251752,R-20260622-48,ACC-004,50
2026-06-22 14:43:49.598296,CEDI-10,908539468,2026062251752,R-20260622-48,TRBT-001,10
2026-06-22 14:43:49.598296,CEDI-10,908539468,2026062251752,R-20260622-48,CONS-001,20
2026-06-22 14:43:49.598296,CEDI-10,908539468,2026062251752,R-20260622-48,TRBT-005,10
2026-06-22 14:43:49.598296,CEDI-10,908539468,2026062251752,R-20260622-48,SVC-002,5
2026-06-22 14:43:49.598296,CEDI-10,908539468,2026062251752,R-20260622-48,ACC-003,35
2026-06-22 14:43:49.598296,CEDI-10,908539468,2026062251752,R-20260622-48,TRBT-008,35
2026-06-22 14:43:49.598296,CEDI-10,908539468,2026062251752,R-20260622-48,SVC-001,45
2026-06-22 14:43:49.598296,CEDI-10,908539468,2026062251752,R-20260622-48,TRBT-009,15
2026-06-22 14:43:49.598296,CEDI-10,908539468,2026062251752,R-20260622-48,CONS-002,10
2026-06-22 14:43:49.598296,CEDI-10,908539468,2026062251752,R-20260622-48,TRBT-006,35
2026-06-22 14:43:49.598296,CEDI-10,908539468,2026062251752,R-20260622-48,TRBT-010,35
2026-06-22 14:43:49.598296,CEDI-10,908539468,2026062251752,R-20260622-48,TRBT-002,10
2026-06-22 14:43:49.598296,CEDI-10,411203929,2026062226434,R-20260622-48,TRBT-006,40
2026-06-22 14:43:49.598296,CEDI-10,411203929,2026062226434,R-20260622-48,TRBT-009,45
2026-06-22 14:43:49.598296,CEDI-10,411203929,2026062226434,R-20260622-48,TRBT-010,5
2026-06-22 14:43:49.598296,CEDI-10,411203929,2026062226434,R-20260622-48,ACC-004,25
2026-06-22 14:43:49.598296,CEDI-10,377564689,2026062234167,R-20260622-48,ACC-002,15
2026-06-22 14:43:49.598296,CEDI-10,377564689,2026062234167,R-20260622-48,CONS-003,35
2026-06-22 14:43:49.598296,CEDI-10,377564689,2026062234167,R-20260622-48,TRBT-010,20
2026-06-22 14:43:49.598296,CEDI-10,377564689,2026062234167,R-20260622-48,CONS-001,15
2026-06-22 14:43:49.598296,CEDI-10,377564689,2026062234167,R-20260622-48,TRBT-009,50
2026-06-22 14:43:49.598296,CEDI-10,466843319,2026062226765,R-20260622-48,CONS-003,40
2026-06-22 14:43:49.598296,CEDI-10,466843319,2026062226765,R-20260622-48,TRBT-009,25
2026-06-22 14:43:49.598296,CEDI-10,466843319,2026062226765,R-20260622-48,ACC-004,5
2026-06-22 14:43:49.598296,CEDI-10,466843319,2026062226765,R-20260622-48,TRBT-004,35
2026-06-22 14:43:49.598296,CEDI-10,466843319,2026062226765,R-20260622-48,ACC-001,25
2026-06-22 14:43:49.598296,CEDI-10,466843319,2026062226765,R-20260622-48,ACC-003,40
2026-06-22 14:43:49.598296,CEDI-10,466843319,2026062226765,R-20260622-48,TRBT-005,30
2026-06-22 14:43:49.598296,CEDI-10,466843319,2026062226765,R-20260622-48,SVC-002,10
2026-06-22 14:43:49.598296,CEDI-10,466843319,2026062226765,R-20260622-48,TRBT-010,50
2026-06-22 14:43:49.598296,CEDI-10,466843319,2026062226765,R-20260622-48,TRBT-006,25
2026-06-22 14:43:49.598296,CEDI-10,466843319,2026062226765,R-20260622-48,CONS-001,40
2026-06-22 14:43:49.598296,CEDI-10,466843319,2026062226765,R-20260622-48,ACC-002,45
2026-06-22 14:43:49.598296,CEDI-10,466843319,2026062226765,R-20260622-48,TRBT-001,25
2026-06-22 14:43:49.598296,CEDI-10,466843319,2026062226765,R-20260622-48,TRBT-008,15
2026-06-22 14:43:49.598296,CEDI-10,665104001,2026062237110,R-20260622-48,TRBT-009,15
2026-06-22 14:43:49.598296,CEDI-10,665104001,2026062237110,R-20260622-48,TRBT-004,15
2026-06-22 14:43:49.598296,CEDI-10,665104001,2026062237110,R-20260622-48,ACC-004,10
2026-06-22 14:43:49.598296,CEDI-10,665104001,2026062237110,R-20260622-48,TRBT-006,30
2026-06-22 14:43:49.598296,CEDI-10,665104001,2026062237110,R-20260622-48,SVC-002,35
2026-06-22 14:43:49.598296,CEDI-10,665104001,2026062237110,R-20260622-48,SVC-001,45
2026-06-22 14:43:49.598296,CEDI-10,665104001,2026062237110,R-20260622-48,TRBT-002,30
2026-06-22 14:43:49.598296,CEDI-10,665104001,2026062237110,R-20260622-48,CONS-001,10
2026-06-22 14:43:49.598296,CEDI-10,665104001,2026062237110,R-20260622-48,TRBT-010,30
2026-06-22 14:43:49.598296,CEDI-10,665104001,2026062237110,R-20260622-48,TRBT-005,50
2026-06-22 14:43:49.598296,CEDI-10,665104001,2026062237110,R-20260622-48,TRBT-008,20
2026-06-22 14:43:49.598296,CEDI-10,665104001,2026062237110,R-20260622-48,CONS-002,10
2026-06-22 14:43:49.598296,CEDI-10,665104001,2026062237110,R-20260622-48,ACC-001,45
2026-06-22 14:43:49.598296,CEDI-10,665104001,2026062237110,R-20260622-48,TRBT-001,5
2026-06-22 14:43:49.598296,CEDI-10,665104001,2026062237110,R-20260622-48,CONS-003,45
2026-06-22 14:43:49.598296,CEDI-10,145336381,2026062223267,R-20260622-48,CONS-002,45
2026-06-22 14:43:49.598296,CEDI-10,145336381,2026062223267,R-20260622-48,TRBT-009,40
2026-06-22 14:43:49.598296,CEDI-10,145336381,2026062223267,R-20260622-48,TRBT-006,50
2026-06-22 14:43:49.598296,CEDI-10,145336381,2026062223267,R-20260622-48,TRBT-001,25
2026-06-22 14:43:49.598296,CEDI-10,145336381,2026062223267,R-20260622-48,ACC-002,5
2026-06-22 14:43:49.598296,CEDI-10,145336381,2026062223267,R-20260622-48,SVC-001,45
2026-06-22 14:43:49.598296,CEDI-10,145336381,2026062223267,R-20260622-48,CONS-003,50
2026-06-22 14:43:49.598296,CEDI-10,145336381,2026062223267,R-20260622-48,TRBT-002,15
2026-06-22 14:43:49.598296,CEDI-10,338855802,2026062248890,R-20260622-48,ACC-003,45
2026-06-22 14:43:49.598296,CEDI-10,338855802,2026062248890,R-20260622-48,TRBT-002,10
2026-06-22 14:43:49.598296,CEDI-10,338855802,2026062248890,R-20260622-48,CONS-003,30
2026-06-22 14:43:49.598296,CEDI-10,338855802,2026062248890,R-20260622-48,ACC-004,40
2026-06-22 14:43:49.598296,CEDI-10,338855802,2026062248890,R-20260622-48,TRBT-004,50
2026-06-22 14:43:49.598296,CEDI-10,338855802,2026062248890,R-20260622-48,TRBT-005,45
2026-06-22 14:43:49.598296,CEDI-10,338855802,2026062248890,R-20260622-48,TRBT-001,50
2026-06-22 14:43:49.598296,CEDI-10,338855802,2026062248890,R-20260622-48,CONS-001,20
2026-06-22 14:43:49.598296,CEDI-10,338855802,2026062248890,R-20260622-48,CONS-002,25
2026-06-22 14:43:49.598296,CEDI-10,338855802,2026062248890,R-20260622-48,TRBT-003,20
2026-06-22 14:43:49.598296,CEDI-10,338855802,2026062248890,R-20260622-48,ACC-001,45
2026-06-22 14:43:49.598296,CEDI-10,338855802,2026062248890,R-20260622-48,SVC-001,25
2026-06-22 14:43:49.598296,CEDI-10,338855802,2026062248890,R-20260622-48,TRBT-009,35
2026-06-22 14:43:49.598296,CEDI-10,338855802,2026062248890,R-20260622-48,ACC-002,15
2026-06-22 14:43:49.598296,CEDI-10,251831076,2026062252042,R-20260622-48,SVC-001,25
2026-06-22 14:43:49.598296,CEDI-10,423330644,2026062296009,R-20260622-48,TRBT-001,40
2026-06-22 14:43:49.598296,CEDI-10,423330644,2026062296009,R-20260622-48,ACC-002,50
2026-06-22 14:43:49.598296,CEDI-10,423330644,2026062296009,R-20260622-48,TRBT-006,10
2026-06-22 14:43:49.598296,CEDI-10,423330644,2026062296009,R-20260622-48,ACC-001,25
2026-06-22 14:43:49.598296,CEDI-10,423330644,2026062296009,R-20260622-48,CONS-003,25
2026-06-22 14:43:49.598296,CEDI-10,423330644,2026062296009,R-20260622-48,TRBT-002,10
2026-06-22 14:43:49.598296,CEDI-10,676328880,2026062224520,R-20260622-48,SVC-002,35
2026-06-22 14:43:49.598296,CEDI-10,676328880,2026062224520,R-20260622-48,ACC-003,20
2026-06-22 14:43:49.598296,CEDI-10,676328880,2026062224520,R-20260622-48,TRBT-002,10
2026-06-22 14:43:49.598296,CEDI-10,676328880,2026062224520,R-20260622-48,TRBT-006,45
2026-06-22 14:43:49.598296,CEDI-10,676328880,2026062224520,R-20260622-48,SVC-001,15
2026-06-22 14:43:49.598296,CEDI-10,676328880,2026062224520,R-20260622-48,CONS-003,5
2026-06-22 14:43:49.598296,CEDI-10,676328880,2026062224520,R-20260622-48,ACC-001,5
2026-06-22 14:43:49.598296,CEDI-10,676328880,2026062224520,R-20260622-48,ACC-004,25
2026-06-22 14:43:49.598296,CEDI-10,676328880,2026062224520,R-20260622-48,TRBT-005,20
2026-06-22 14:43:49.598296,CEDI-10,676328880,2026062224520,R-20260622-48,TRBT-003,40
2026-06-22 14:43:49.598296,CEDI-10,676328880,2026062224520,R-20260622-48,TRBT-008,30
2026-06-22 14:43:49.598296,CEDI-10,737437064,2026062214488,R-20260622-48,TRBT-002,15
2026-06-22 14:43:49.598296,CEDI-10,737437064,2026062214488,R-20260622-48,CONS-002,35
2026-06-22 14:43:49.598296,CEDI-10,737437064,2026062214488,R-20260622-48,TRBT-004,25
2026-06-22 14:43:49.598296,CEDI-10,737437064,2026062214488,R-20260622-48,CONS-003,10
2026-06-22 14:43:49.598296,CEDI-10,737437064,2026062214488,R-20260622-48,TRBT-008,10
2026-06-22 14:43:49.598296,CEDI-10,737437064,2026062214488,R-20260622-48,ACC-003,15
2026-06-22 14:43:49.598296,CEDI-10,737437064,2026062214488,R-20260622-48,TRBT-003,50
2026-06-22 14:43:49.598296,CEDI-10,737437064,2026062214488,R-20260622-48,TRBT-007,40
2026-06-22 14:43:49.598296,CEDI-10,737437064,2026062214488,R-20260622-48,SVC-002,20
2026-06-22 14:43:49.598296,CEDI-10,737437064,2026062214488,R-20260622-48,TRBT-006,50
2026-06-22 14:43:49.598296,CEDI-10,737437064,2026062214488,R-20260622-48,TRBT-001,45
2026-06-22 14:43:49.598296,CEDI-10,428850560,2026062228623,R-20260622-48,TRBT-010,20
2026-06-22 14:43:49.598296,CEDI-10,428850560,2026062228623,R-20260622-48,ACC-003,15
2026-06-22 14:43:49.598296,CEDI-10,428850560,2026062228623,R-20260622-48,TRBT-008,45
2026-06-22 14:43:49.598296,CEDI-10,428850560,2026062228623,R-20260622-48,ACC-004,45
2026-06-22 14:43:49.598296,CEDI-10,428850560,2026062228623,R-20260622-48,TRBT-002,15
2026-06-22 14:43:49.598296,CEDI-10,428850560,2026062228623,R-20260622-48,TRBT-001,10
2026-06-22 14:43:49.598296,CEDI-10,623244124,2026062250235,R-20260622-48,TRBT-008,10
2026-06-22 14:43:49.598296,CEDI-10,623244124,2026062250235,R-20260622-48,TRBT-009,35
2026-06-22 14:43:49.598296,CEDI-10,623244124,2026062250235,R-20260622-48,ACC-001,15
2026-06-22 14:43:49.598296,CEDI-10,623244124,2026062250235,R-20260622-48,TRBT-003,30
2026-06-22 14:43:49.598296,CEDI-10,623244124,2026062250235,R-20260622-48,CONS-002,15
2026-06-22 14:43:49.598296,CEDI-10,623244124,2026062250235,R-20260622-48,TRBT-005,35
2026-06-22 14:43:49.598296,CEDI-10,623244124,2026062250235,R-20260622-48,CONS-001,40
2026-06-22 14:43:49.598296,CEDI-10,623244124,2026062250235,R-20260622-48,ACC-002,5
2026-06-22 14:43:49.598296,CEDI-10,623244124,2026062250235,R-20260622-48,TRBT-004,35
2026-06-22 14:43:49.598296,CEDI-10,623244124,2026062250235,R-20260622-48,ACC-004,20
2026-06-22 14:43:49.598296,CEDI-10,623244124,2026062250235,R-20260622-48,TRBT-001,35
2026-06-22 14:43:49.598296,CEDI-10,623244124,2026062250235,R-20260622-48,CONS-003,35
2026-06-22 14:43:49.598296,CEDI-10,623244124,2026062250235,R-20260622-48,TRBT-006,25
2026-06-22 14:43:49.598296,CEDI-10,623244124,2026062250235,R-20260622-48,SVC-002,30
2026-06-22 14:43:49.598296,CEDI-10,623244124,2026062250235,R-20260622-48,ACC-003,45
2026-06-22 14:43:49.598296,CEDI-10,623244124,2026062250235,R-20260622-48,TRBT-010,20
2026-06-22 14:43:49.598296,CEDI-10,553963440,2026062226237,R-20260622-48,TRBT-003,20
2026-06-22 14:43:49.598296,CEDI-10,553963440,2026062226237,R-20260622-48,SVC-002,40
2026-06-22 14:43:49.598296,CEDI-10,553963440,2026062226237,R-20260622-48,TRBT-010,5
2026-06-22 14:43:49.598296,CEDI-10,553963440,2026062226237,R-20260622-48,TRBT-009,35
2026-06-22 14:43:49.598296,CEDI-10,553963440,2026062226237,R-20260622-48,SVC-001,25
2026-06-22 14:43:49.598296,CEDI-10,553963440,2026062226237,R-20260622-48,TRBT-002,25
2026-06-22 14:43:49.598296,CEDI-10,553963440,2026062226237,R-20260622-48,ACC-003,30
2026-06-22 14:43:49.598296,CEDI-10,553963440,2026062226237,R-20260622-48,TRBT-007,30
2026-06-22 14:43:49.598296,CEDI-10,553963440,2026062226237,R-20260622-48,CONS-003,40
2026-06-22 14:43:49.598296,CEDI-10,553963440,2026062226237,R-20260622-48,ACC-004,20
2026-06-22 14:43:49.598296,CEDI-10,553963440,2026062226237,R-20260622-48,ACC-002,40
2026-06-22 14:43:49.598296,CEDI-10,553963440,2026062226237,R-20260622-48,CONS-001,5
2026-06-22 14:43:49.598296,CEDI-10,553963440,2026062226237,R-20260622-48,ACC-001,20
2026-06-22 14:43:49.598296,CEDI-10,553963440,2026062226237,R-20260622-48,TRBT-001,15
2026-06-22 14:43:49.598296,CEDI-10,538114910,2026062225272,R-20260622-48,TRBT-003,15
2026-06-22 14:43:49.598296,CEDI-10,538114910,2026062225272,R-20260622-48,SVC-001,5
2026-06-22 14:43:49.598296,CEDI-10,538114910,2026062225272,R-20260622-48,ACC-004,35
2026-06-22 14:43:49.598296,CEDI-10,538114910,2026062225272,R-20260622-48,SVC-002,45
2026-06-22 14:43:49.598296,CEDI-10,538114910,2026062225272,R-20260622-48,TRBT-007,35
2026-06-22 14:43:49.598296,CEDI-10,538114910,2026062225272,R-20260622-48,TRBT-009,10
2026-06-22 14:43:49.598296,CEDI-10,538114910,2026062225272,R-20260622-48,TRBT-004,35
2026-06-22 14:43:49.598296,CEDI-10,538114910,2026062225272,R-20260622-48,CONS-003,25
2026-06-22 14:43:49.598296,CEDI-10,538114910,2026062225272,R-20260622-48,ACC-001,25
2026-06-22 14:43:49.598296,CEDI-10,538114910,2026062225272,R-20260622-48,ACC-003,50
2026-06-22 14:43:49.598296,CEDI-10,538114910,2026062225272,R-20260622-48,TRBT-006,25
2026-06-22 14:43:49.598296,CEDI-10,538114910,2026062225272,R-20260622-48,CONS-001,15
2026-06-22 14:43:49.598296,CEDI-10,538114910,2026062225272,R-20260622-48,CONS-002,15
2026-06-22 14:43:49.598296,CEDI-10,538114910,2026062225272,R-20260622-48,TRBT-005,45
2026-06-22 14:43:49.598296,CEDI-10,538114910,2026062225272,R-20260622-48,TRBT-002,30
2026-06-22 14:43:49.598296,CEDI-10,538114910,2026062225272,R-20260622-48,ACC-002,15
2026-06-22 14:43:49.598296,CEDI-10,678656329,2026062233201,R-20260622-48,TRBT-009,20
2026-06-22 14:43:49.598296,CEDI-10,678656329,2026062233201,R-20260622-48,SVC-002,40
2026-06-22 14:43:49.598296,CEDI-10,678656329,2026062233201,R-20260622-48,CONS-003,20
2026-06-22 14:43:49.598296,CEDI-10,678656329,2026062233201,R-20260622-48,TRBT-003,5
2026-06-22 14:43:49.598296,CEDI-10,678656329,2026062233201,R-20260622-48,TRBT-002,40
2026-06-22 14:43:49.598296,CEDI-10,678656329,2026062233201,R-20260622-48,ACC-001,20
2026-06-22 14:43:49.598296,CEDI-10,678656329,2026062233201,R-20260622-48,TRBT-005,40
2026-06-22 14:43:49.598296,CEDI-10,678656329,2026062233201,R-20260622-48,TRBT-008,10
2026-06-22 14:43:49.598296,CEDI-10,678656329,2026062233201,R-20260622-48,ACC-004,40
2026-06-22 14:43:49.598296,CEDI-10,678656329,2026062233201,R-20260622-48,ACC-003,50
2026-06-22 14:43:49.598296,CEDI-10,678656329,2026062233201,R-20260622-48,SVC-001,5
2026-06-22 14:43:49.598296,CEDI-10,678656329,2026062233201,R-20260622-48,CONS-002,25
2026-06-22 14:43:49.598296,CEDI-10,841126352,2026062281546,R-20260622-48,TRBT-003,30
2026-06-22 14:43:49.598296,CEDI-10,741584749,2026062212663,R-20260622-48,ACC-001,15
2026-06-22 14:43:49.598296,CEDI-10,741584749,2026062212663,R-20260622-48,ACC-003,5
2026-06-22 14:43:49.598296,CEDI-10,741584749,2026062212663,R-20260622-48,TRBT-004,50
2026-06-22 14:43:49.598296,CEDI-10,633292859,2026062297068,R-20260622-48,TRBT-002,20
2026-06-22 14:43:49.598296,CEDI-10,633292859,2026062297068,R-20260622-48,TRBT-004,15
2026-06-22 14:43:49.598296,CEDI-10,633292859,2026062297068,R-20260622-48,TRBT-008,25
2026-06-22 14:43:49.598296,CEDI-10,633292859,2026062297068,R-20260622-48,TRBT-010,20
2026-06-22 14:43:49.598296,CEDI-10,633292859,2026062297068,R-20260622-48,SVC-001,5
2026-06-22 14:43:49.598296,CEDI-10,633292859,2026062297068,R-20260622-48,ACC-004,15
2026-06-22 14:43:49.598296,CEDI-10,633292859,2026062297068,R-20260622-48,TRBT-005,30
2026-06-22 14:43:49.598296,CEDI-10,633292859,2026062297068,R-20260622-48,TRBT-003,35
2026-06-22 14:43:49.598296,CEDI-10,924256773,2026062240085,R-20260622-48,SVC-001,50
2026-06-22 14:43:49.598296,CEDI-10,924256773,2026062240085,R-20260622-48,CONS-002,35
2026-06-22 14:43:49.598296,CEDI-10,17592228,2026062276148,R-20260622-48,ACC-004,20
2026-06-22 14:43:49.598296,CEDI-10,17592228,2026062276148,R-20260622-48,TRBT-010,5
2026-06-22 14:43:49.598296,CEDI-10,17592228,2026062276148,R-20260622-48,TRBT-003,5
2026-06-22 14:43:49.598296,CEDI-10,17592228,2026062276148,R-20260622-48,TRBT-005,10
2026-06-22 14:43:49.598296,CEDI-10,17592228,2026062276148,R-20260622-48,TRBT-006,20
2026-06-22 14:43:49.598296,CEDI-10,962583859,2026062236645,R-20260622-48,SVC-002,15
2026-06-22 14:43:49.598296,CEDI-10,962583859,2026062236645,R-20260622-48,TRBT-009,50
2026-06-22 14:43:49.598296,CEDI-10,962583859,2026062236645,R-20260622-48,CONS-001,45
2026-06-22 14:43:49.598296,CEDI-10,962583859,2026062236645,R-20260622-48,TRBT-002,5
2026-06-22 14:43:49.598296,CEDI-10,962583859,2026062236645,R-20260622-48,ACC-004,25
2026-06-22 14:43:49.598296,CEDI-10,962583859,2026062236645,R-20260622-48,CONS-003,15
2026-06-22 14:43:49.598296,CEDI-10,962583859,2026062236645,R-20260622-48,TRBT-006,15
2026-06-22 14:43:49.598296,CEDI-10,962583859,2026062236645,R-20260622-48,TRBT-010,20
2026-06-22 14:43:49.598296,CEDI-10,962583859,2026062236645,R-20260622-48,TRBT-008,35
2026-06-22 14:43:49.598296,CEDI-10,229813120,2026062271501,R-20260622-48,TRBT-008,30
2026-06-22 14:43:49.598296,CEDI-10,229813120,2026062271501,R-20260622-48,ACC-001,5
2026-06-22 14:43:49.598296,CEDI-10,229813120,2026062271501,R-20260622-48,TRBT-005,10
2026-06-22 14:43:49.598296,CEDI-10,229813120,2026062271501,R-20260622-48,TRBT-001,25
2026-06-22 14:43:49.598296,CEDI-10,229813120,2026062271501,R-20260622-48,TRBT-002,25
2026-06-22 14:43:49.598296,CEDI-10,229813120,2026062271501,R-20260622-48,CONS-003,20
2026-06-22 14:43:49.598296,CEDI-10,229813120,2026062271501,R-20260622-48,SVC-002,50
2026-06-22 14:43:49.598296,CEDI-10,229813120,2026062271501,R-20260622-48,CONS-002,45
2026-06-22 14:43:49.598296,CEDI-10,229813120,2026062271501,R-20260622-48,TRBT-010,45
2026-06-22 14:43:49.598296,CEDI-10,229813120,2026062271501,R-20260622-48,ACC-003,10
2026-06-22 14:43:49.598296,CEDI-11,766968864,2026062210894,R-20260622-47,ACC-004,20
2026-06-22 14:43:49.598296,CEDI-11,766968864,2026062210894,R-20260622-47,ACC-001,40
2026-06-22 14:43:49.598296,CEDI-11,766968864,2026062210894,R-20260622-47,CONS-001,30
2026-06-22 14:43:49.598296,CEDI-11,766968864,2026062210894,R-20260622-47,SVC-001,40
2026-06-22 14:43:49.598296,CEDI-11,766968864,2026062210894,R-20260622-47,TRBT-006,35
2026-06-22 14:43:49.598296,CEDI-11,766968864,2026062210894,R-20260622-47,ACC-002,30
2026-06-22 14:43:49.598296,CEDI-11,766968864,2026062210894,R-20260622-47,TRBT-010,20
2026-06-22 14:43:49.598296,CEDI-11,766968864,2026062210894,R-20260622-47,SVC-002,45
2026-06-22 14:43:49.598296,CEDI-11,766968864,2026062210894,R-20260622-47,CONS-002,20
2026-06-22 14:43:49.598296,CEDI-11,766968864,2026062210894,R-20260622-47,CONS-003,5
2026-06-22 14:43:49.598296,CEDI-11,564190029,2026062242228,R-20260622-47,CONS-001,10
2026-06-22 14:43:49.598296,CEDI-11,564190029,2026062242228,R-20260622-47,ACC-003,30
2026-06-22 14:43:49.598296,CEDI-11,564190029,2026062242228,R-20260622-47,TRBT-003,15
2026-06-22 14:43:49.598296,CEDI-11,564190029,2026062242228,R-20260622-47,TRBT-007,35
2026-06-22 14:43:49.598296,CEDI-11,564190029,2026062242228,R-20260622-47,ACC-002,30
2026-06-22 14:43:49.598296,CEDI-11,564190029,2026062242228,R-20260622-47,TRBT-002,40
2026-06-22 14:43:49.598296,CEDI-11,564190029,2026062242228,R-20260622-47,CONS-003,10
2026-06-22 14:43:49.598296,CEDI-11,564190029,2026062242228,R-20260622-47,TRBT-004,35
2026-06-22 14:43:49.598296,CEDI-11,564190029,2026062242228,R-20260622-47,SVC-001,15
2026-06-22 14:43:49.598296,CEDI-11,564190029,2026062242228,R-20260622-47,TRBT-008,45
2026-06-22 14:43:49.598296,CEDI-11,564190029,2026062242228,R-20260622-47,TRBT-009,45
2026-06-22 14:43:49.598296,CEDI-11,564190029,2026062242228,R-20260622-47,ACC-004,10
2026-06-22 14:43:49.598296,CEDI-11,564190029,2026062242228,R-20260622-47,CONS-002,50
2026-06-22 14:43:49.598296,CEDI-11,564190029,2026062242228,R-20260622-47,TRBT-006,10
2026-06-22 14:43:49.598296,CEDI-11,564190029,2026062242228,R-20260622-47,SVC-002,40
2026-06-22 14:43:49.598296,CEDI-11,564190029,2026062242228,R-20260622-47,TRBT-001,35
2026-06-22 14:43:49.598296,CEDI-11,564190029,2026062242228,R-20260622-47,TRBT-005,40
2026-06-22 14:43:49.598296,CEDI-11,564190029,2026062242228,R-20260622-47,TRBT-010,5
2026-06-22 14:43:49.598296,CEDI-11,564190029,2026062242228,R-20260622-47,ACC-001,35
2026-06-22 14:43:49.598296,CEDI-11,229165132,2026062282717,R-20260622-47,TRBT-009,50
2026-06-22 14:43:49.598296,CEDI-11,229165132,2026062282717,R-20260622-47,CONS-002,5
2026-06-22 14:43:49.598296,CEDI-11,229165132,2026062282717,R-20260622-47,TRBT-001,50
2026-06-22 14:43:49.598296,CEDI-11,229165132,2026062282717,R-20260622-47,CONS-001,50
2026-06-22 14:43:49.598296,CEDI-11,229165132,2026062282717,R-20260622-47,TRBT-007,40
2026-06-22 14:43:49.598296,CEDI-11,229165132,2026062282717,R-20260622-47,TRBT-005,10
2026-06-22 14:43:49.598296,CEDI-11,229165132,2026062282717,R-20260622-47,ACC-002,45
2026-06-22 14:43:49.598296,CEDI-11,229165132,2026062282717,R-20260622-47,ACC-004,20
2026-06-22 14:43:49.598296,CEDI-11,229165132,2026062282717,R-20260622-47,SVC-001,25
2026-06-22 14:43:49.598296,CEDI-11,229165132,2026062282717,R-20260622-47,TRBT-008,5
2026-06-22 14:43:49.598296,CEDI-11,229165132,2026062282717,R-20260622-47,TRBT-003,40
2026-06-22 14:43:49.598296,CEDI-11,229165132,2026062282717,R-20260622-47,CONS-003,5
2026-06-22 14:43:49.598296,CEDI-11,229165132,2026062282717,R-20260622-47,ACC-003,30
2026-06-22 14:43:49.598296,CEDI-11,229165132,2026062282717,R-20260622-47,ACC-001,45
2026-06-22 14:43:49.598296,CEDI-11,229165132,2026062282717,R-20260622-47,TRBT-002,10
2026-06-22 14:43:49.598296,CEDI-11,495080397,2026062222812,R-20260622-47,SVC-001,25
2026-06-22 14:43:49.598296,CEDI-11,495080397,2026062222812,R-20260622-47,TRBT-003,20
2026-06-22 14:43:49.598296,CEDI-11,495080397,2026062222812,R-20260622-47,TRBT-010,25
2026-06-22 14:43:49.598296,CEDI-11,763816084,2026062295262,R-20260622-47,TRBT-006,45
2026-06-22 14:43:49.598296,CEDI-11,763816084,2026062295262,R-20260622-47,TRBT-002,25
2026-06-22 14:43:49.598296,CEDI-11,763816084,2026062295262,R-20260622-47,CONS-003,10
2026-06-22 14:43:49.598296,CEDI-11,763816084,2026062295262,R-20260622-47,ACC-003,35
2026-06-22 14:43:49.598296,CEDI-11,763816084,2026062295262,R-20260622-47,TRBT-010,15
2026-06-22 14:43:49.598296,CEDI-11,763816084,2026062295262,R-20260622-47,ACC-001,5
2026-06-22 14:43:49.598296,CEDI-11,763816084,2026062295262,R-20260622-47,ACC-004,40
2026-06-22 14:43:49.598296,CEDI-11,763816084,2026062295262,R-20260622-47,TRBT-007,40
2026-06-22 14:43:49.598296,CEDI-11,763816084,2026062295262,R-20260622-47,TRBT-004,25
2026-06-22 14:43:49.598296,CEDI-11,763816084,2026062295262,R-20260622-47,CONS-002,15
2026-06-22 14:43:49.598296,CEDI-11,763816084,2026062295262,R-20260622-47,CONS-001,5
2026-06-22 14:43:49.598296,CEDI-11,763816084,2026062295262,R-20260622-47,TRBT-009,50
2026-06-22 14:43:49.598296,CEDI-11,763816084,2026062295262,R-20260622-47,TRBT-005,10
2026-06-22 14:43:49.598296,CEDI-11,763816084,2026062295262,R-20260622-47,SVC-001,40
2026-06-22 14:43:49.598296,CEDI-11,365385842,2026062270925,R-20260622-47,CONS-003,45
2026-06-22 14:43:49.598296,CEDI-11,365385842,2026062270925,R-20260622-47,SVC-001,30
2026-06-22 14:43:49.598296,CEDI-11,365385842,2026062270925,R-20260622-47,TRBT-008,25
2026-06-22 14:43:49.598296,CEDI-11,365385842,2026062270925,R-20260622-47,TRBT-006,50
2026-06-22 14:43:49.598296,CEDI-11,365385842,2026062270925,R-20260622-47,ACC-004,35
2026-06-22 14:43:49.598296,CEDI-11,365385842,2026062270925,R-20260622-47,ACC-002,25
2026-06-22 14:43:49.598296,CEDI-11,365385842,2026062270925,R-20260622-47,TRBT-010,35
2026-06-22 14:43:49.598296,CEDI-11,365385842,2026062270925,R-20260622-47,TRBT-005,5
2026-06-22 14:43:49.598296,CEDI-11,365385842,2026062270925,R-20260622-47,TRBT-001,10
2026-06-22 14:43:49.598296,CEDI-11,365385842,2026062270925,R-20260622-47,CONS-001,10
2026-06-22 14:43:49.598296,CEDI-11,365385842,2026062270925,R-20260622-47,TRBT-003,50
2026-06-22 14:43:49.598296,CEDI-11,365385842,2026062270925,R-20260622-47,ACC-003,25
2026-06-22 14:43:49.598296,CEDI-11,365385842,2026062270925,R-20260622-47,ACC-001,45
2026-06-22 14:43:49.598296,CEDI-11,365385842,2026062270925,R-20260622-47,TRBT-004,35
2026-06-22 14:43:49.598296,CEDI-11,155739663,2026062267393,R-20260622-47,CONS-003,20
2026-06-22 14:43:49.598296,CEDI-11,155739663,2026062267393,R-20260622-47,ACC-004,45
2026-06-22 14:43:49.598296,CEDI-11,155739663,2026062267393,R-20260622-47,TRBT-008,50
2026-06-22 14:43:49.598296,CEDI-11,155739663,2026062267393,R-20260622-47,TRBT-006,5
2026-06-22 14:43:49.598296,CEDI-11,155739663,2026062267393,R-20260622-47,TRBT-004,40
2026-06-22 14:43:49.598296,CEDI-11,155739663,2026062267393,R-20260622-47,SVC-002,40
2026-06-22 14:43:49.598296,CEDI-11,155739663,2026062267393,R-20260622-47,CONS-002,5
2026-06-22 14:43:49.598296,CEDI-11,155739663,2026062267393,R-20260622-47,ACC-003,10
2026-06-22 14:43:49.598296,CEDI-11,155739663,2026062267393,R-20260622-47,TRBT-003,35
2026-06-22 14:43:49.598296,CEDI-11,155739663,2026062267393,R-20260622-47,TRBT-002,25
2026-06-22 14:43:49.598296,CEDI-11,155739663,2026062267393,R-20260622-47,ACC-002,45
2026-06-22 14:43:49.598296,CEDI-11,155739663,2026062267393,R-20260622-47,TRBT-007,35
2026-06-22 14:43:49.598296,CEDI-11,155739663,2026062267393,R-20260622-47,TRBT-005,10
2026-06-22 14:43:49.598296,CEDI-11,155739663,2026062267393,R-20260622-47,TRBT-009,10
2026-06-22 14:43:49.598296,CEDI-11,155739663,2026062267393,R-20260622-47,TRBT-001,35
2026-06-22 14:43:49.598296,CEDI-11,155739663,2026062267393,R-20260622-47,TRBT-010,25
2026-06-22 14:43:49.598296,CEDI-11,155739663,2026062267393,R-20260622-47,CONS-001,10
2026-06-22 14:43:49.598296,CEDI-11,155739663,2026062267393,R-20260622-47,SVC-001,25
2026-06-22 14:43:49.598296,CEDI-11,882607882,2026062240467,R-20260622-47,TRBT-009,45
2026-06-22 14:43:49.598296,CEDI-11,882607882,2026062240467,R-20260622-47,SVC-002,35
2026-06-22 14:43:49.598296,CEDI-11,882607882,2026062240467,R-20260622-47,CONS-003,35
2026-06-22 14:43:49.598296,CEDI-11,882607882,2026062240467,R-20260622-47,TRBT-003,50
2026-06-22 14:43:49.598296,CEDI-11,882607882,2026062240467,R-20260622-47,TRBT-005,25
2026-06-22 14:43:49.598296,CEDI-11,882607882,2026062240467,R-20260622-47,TRBT-001,45
2026-06-22 14:43:49.598296,CEDI-11,882607882,2026062240467,R-20260622-47,SVC-001,40
2026-06-22 14:43:49.598296,CEDI-11,541329332,2026062297642,R-20260622-47,TRBT-008,35
2026-06-22 14:43:49.598296,CEDI-11,541329332,2026062297642,R-20260622-47,TRBT-003,45
2026-06-22 14:43:49.598296,CEDI-11,541329332,2026062297642,R-20260622-47,ACC-001,25
2026-06-22 14:43:49.598296,CEDI-11,541329332,2026062297642,R-20260622-47,ACC-004,30
2026-06-22 14:43:49.598296,CEDI-11,541329332,2026062297642,R-20260622-47,SVC-001,35
2026-06-22 14:43:49.598296,CEDI-11,435561744,2026062279226,R-20260622-47,TRBT-007,10
2026-06-22 14:43:49.598296,CEDI-11,435561744,2026062279226,R-20260622-47,TRBT-003,40
2026-06-22 14:43:49.598296,CEDI-11,435561744,2026062279226,R-20260622-47,TRBT-002,45
2026-06-22 14:43:49.598296,CEDI-11,435561744,2026062279226,R-20260622-47,TRBT-010,20
2026-06-22 14:43:49.598296,CEDI-11,435561744,2026062279226,R-20260622-47,TRBT-004,40
2026-06-22 14:43:49.598296,CEDI-11,435561744,2026062279226,R-20260622-47,SVC-002,15
2026-06-22 14:43:49.598296,CEDI-11,435561744,2026062279226,R-20260622-47,ACC-003,20
2026-06-22 14:43:49.598296,CEDI-11,165782727,2026062228758,R-20260622-47,TRBT-005,5
2026-06-22 14:43:49.598296,CEDI-11,165782727,2026062228758,R-20260622-47,TRBT-009,5
2026-06-22 14:43:49.598296,CEDI-11,165782727,2026062228758,R-20260622-47,TRBT-003,15
2026-06-22 14:43:49.598296,CEDI-11,165782727,2026062228758,R-20260622-47,TRBT-002,5
2026-06-22 14:43:49.598296,CEDI-11,165782727,2026062228758,R-20260622-47,TRBT-001,40
2026-06-22 14:43:49.598296,CEDI-11,165782727,2026062228758,R-20260622-47,CONS-003,40
2026-06-22 14:43:49.598296,CEDI-11,165782727,2026062228758,R-20260622-47,TRBT-007,5
2026-06-22 14:43:49.598296,CEDI-11,165782727,2026062228758,R-20260622-47,ACC-001,10
2026-06-22 14:43:49.598296,CEDI-11,165782727,2026062228758,R-20260622-47,TRBT-004,25
2026-06-22 14:43:49.598296,CEDI-11,165782727,2026062228758,R-20260622-47,CONS-002,40
2026-06-22 14:43:49.598296,CEDI-11,165782727,2026062228758,R-20260622-47,ACC-002,15
2026-06-22 14:43:49.598296,CEDI-11,165782727,2026062228758,R-20260622-47,TRBT-008,45
2026-06-22 14:43:49.598296,CEDI-11,429289397,2026062231319,R-20260622-47,SVC-001,45
2026-06-22 14:43:49.598296,CEDI-11,429289397,2026062231319,R-20260622-47,TRBT-004,50
2026-06-22 14:43:49.598296,CEDI-11,429289397,2026062231319,R-20260622-47,TRBT-010,35
2026-06-22 14:43:49.598296,CEDI-11,429289397,2026062231319,R-20260622-47,TRBT-001,40
2026-06-22 14:43:49.598296,CEDI-11,429289397,2026062231319,R-20260622-47,SVC-002,30
2026-06-22 14:43:49.598296,CEDI-11,429289397,2026062231319,R-20260622-47,CONS-001,5
2026-06-22 14:43:49.598296,CEDI-11,429289397,2026062231319,R-20260622-47,ACC-001,5
2026-06-22 14:43:49.598296,CEDI-11,429289397,2026062231319,R-20260622-47,TRBT-003,30
2026-06-22 14:43:49.598296,CEDI-11,429289397,2026062231319,R-20260622-47,TRBT-008,15
2026-06-22 14:43:49.598296,CEDI-11,429289397,2026062231319,R-20260622-47,ACC-004,15
2026-06-22 14:43:49.598296,CEDI-11,429289397,2026062231319,R-20260622-47,CONS-003,45
2026-06-22 14:43:49.598296,CEDI-11,429289397,2026062231319,R-20260622-47,TRBT-002,15
2026-06-22 14:43:49.598296,CEDI-11,429289397,2026062231319,R-20260622-47,ACC-002,25
2026-06-22 14:43:49.598296,CEDI-11,429289397,2026062231319,R-20260622-47,TRBT-007,15
2026-06-22 14:43:49.598296,CEDI-11,429289397,2026062231319,R-20260622-47,TRBT-009,10
2026-06-22 14:43:49.598296,CEDI-11,429289397,2026062231319,R-20260622-47,CONS-002,5
2026-06-22 14:43:49.598296,CEDI-11,214603840,2026062274952,R-20260622-47,ACC-003,20
2026-06-22 14:43:49.598296,CEDI-11,214603840,2026062274952,R-20260622-47,TRBT-001,45
2026-06-22 14:43:49.598296,CEDI-11,214603840,2026062274952,R-20260622-47,TRBT-010,45
2026-06-22 14:43:49.598296,CEDI-11,214603840,2026062274952,R-20260622-47,ACC-004,10
2026-06-22 14:43:49.598296,CEDI-11,214603840,2026062274952,R-20260622-47,TRBT-004,25
2026-06-22 14:43:49.598296,CEDI-11,214603840,2026062274952,R-20260622-47,ACC-002,40
2026-06-22 14:43:49.598296,CEDI-11,214603840,2026062274952,R-20260622-47,TRBT-006,25
2026-06-22 14:43:49.598296,CEDI-11,214603840,2026062274952,R-20260622-47,TRBT-007,40
2026-06-22 14:43:49.598296,CEDI-11,214603840,2026062274952,R-20260622-47,CONS-001,15
2026-06-22 14:43:49.598296,CEDI-11,214603840,2026062274952,R-20260622-47,TRBT-005,35
2026-06-22 14:43:49.598296,CEDI-11,214603840,2026062274952,R-20260622-47,SVC-001,35
2026-06-22 14:43:49.598296,CEDI-11,214603840,2026062274952,R-20260622-47,TRBT-009,35
2026-06-22 14:43:49.598296,CEDI-11,214603840,2026062274952,R-20260622-47,TRBT-008,35
2026-06-22 14:43:49.598296,CEDI-11,214603840,2026062274952,R-20260622-47,ACC-001,25
2026-06-22 14:43:49.598296,CEDI-11,214603840,2026062274952,R-20260622-47,SVC-002,20
2026-06-22 14:43:49.598296,CEDI-11,214603840,2026062274952,R-20260622-47,TRBT-002,45
2026-06-22 14:43:49.598296,CEDI-11,214603840,2026062274952,R-20260622-47,CONS-002,20
2026-06-22 14:43:49.598296,CEDI-11,214603840,2026062274952,R-20260622-47,CONS-003,25
2026-06-22 14:43:49.598296,CEDI-11,426430042,2026062247261,R-20260622-47,CONS-001,25
2026-06-22 14:43:49.598296,CEDI-11,426430042,2026062247261,R-20260622-47,TRBT-002,25
2026-06-22 14:43:49.598296,CEDI-11,426430042,2026062247261,R-20260622-47,TRBT-001,45
2026-06-22 14:43:49.598296,CEDI-11,426430042,2026062247261,R-20260622-47,ACC-001,15
2026-06-22 14:43:49.598296,CEDI-11,426430042,2026062247261,R-20260622-47,TRBT-009,25
2026-06-22 14:43:49.598296,CEDI-11,426430042,2026062247261,R-20260622-47,CONS-003,40
2026-06-22 14:43:49.598296,CEDI-11,426430042,2026062247261,R-20260622-47,ACC-003,40
2026-06-22 14:43:49.598296,CEDI-11,426430042,2026062247261,R-20260622-47,SVC-001,35
2026-06-22 14:43:49.598296,CEDI-11,802530883,2026062213797,R-20260622-47,TRBT-001,50
2026-06-22 14:43:49.598296,CEDI-11,802530883,2026062213797,R-20260622-47,TRBT-006,45
2026-06-22 14:43:49.598296,CEDI-11,802530883,2026062213797,R-20260622-47,ACC-001,5
2026-06-22 14:43:49.598296,CEDI-11,802530883,2026062213797,R-20260622-47,TRBT-007,5
2026-06-22 14:43:49.598296,CEDI-11,802530883,2026062213797,R-20260622-47,TRBT-010,20
2026-06-22 14:43:49.598296,CEDI-11,802530883,2026062213797,R-20260622-47,CONS-003,45
2026-06-22 14:43:49.598296,CEDI-11,802530883,2026062213797,R-20260622-47,TRBT-003,25
2026-06-22 14:43:49.598296,CEDI-11,802530883,2026062213797,R-20260622-47,TRBT-008,35
2026-06-22 14:43:49.598296,CEDI-11,802530883,2026062213797,R-20260622-47,CONS-001,35
2026-06-22 14:43:49.598296,CEDI-11,802530883,2026062213797,R-20260622-47,TRBT-002,20
2026-06-22 14:43:49.598296,CEDI-11,802530883,2026062213797,R-20260622-47,ACC-002,15
2026-06-22 14:43:49.598296,CEDI-11,802530883,2026062213797,R-20260622-47,SVC-001,50
2026-06-22 14:43:49.598296,CEDI-11,802530883,2026062213797,R-20260622-47,CONS-002,15
2026-06-22 14:43:49.598296,CEDI-11,802530883,2026062213797,R-20260622-47,TRBT-005,45
2026-06-22 14:43:49.598296,CEDI-11,802530883,2026062213797,R-20260622-47,TRBT-009,35
2026-06-22 14:43:49.598296,CEDI-11,802530883,2026062213797,R-20260622-47,TRBT-004,35
2026-06-22 14:43:49.598296,CEDI-11,802530883,2026062213797,R-20260622-47,SVC-002,30
2026-06-22 14:43:49.598296,CEDI-11,780615655,2026062217711,R-20260622-47,TRBT-001,50
2026-06-22 14:43:49.598296,CEDI-11,780615655,2026062217711,R-20260622-47,ACC-003,35
2026-06-22 14:43:49.598296,CEDI-11,780615655,2026062217711,R-20260622-47,TRBT-005,15
2026-06-22 14:43:49.598296,CEDI-11,780615655,2026062217711,R-20260622-47,ACC-004,50
2026-06-22 14:43:49.598296,CEDI-11,780615655,2026062217711,R-20260622-47,TRBT-003,5
2026-06-22 14:43:49.598296,CEDI-11,780615655,2026062217711,R-20260622-47,TRBT-006,50
2026-06-22 14:43:49.598296,CEDI-11,780615655,2026062217711,R-20260622-47,ACC-001,50
2026-06-22 14:43:49.598296,CEDI-11,780615655,2026062217711,R-20260622-47,TRBT-008,30
2026-06-22 14:43:49.598296,CEDI-11,780615655,2026062217711,R-20260622-47,TRBT-009,25
2026-06-22 14:43:49.598296,CEDI-11,780615655,2026062217711,R-20260622-47,ACC-002,45
2026-06-22 14:43:49.598296,CEDI-11,780615655,2026062217711,R-20260622-47,TRBT-007,35
2026-06-22 14:43:49.598296,CEDI-11,780615655,2026062217711,R-20260622-47,TRBT-010,45
2026-06-22 14:43:49.598296,CEDI-11,780615655,2026062217711,R-20260622-47,TRBT-004,15
2026-06-22 14:43:49.598296,CEDI-11,250997601,2026062238316,R-20260622-47,ACC-001,5
2026-06-22 14:43:49.598296,CEDI-11,250997601,2026062238316,R-20260622-47,ACC-004,30
2026-06-22 14:43:49.598296,CEDI-11,250997601,2026062238316,R-20260622-47,ACC-002,25
2026-06-22 14:43:49.598296,CEDI-11,250997601,2026062238316,R-20260622-47,ACC-003,50
2026-06-22 14:43:49.598296,CEDI-11,250997601,2026062238316,R-20260622-47,TRBT-001,40
2026-06-22 14:43:49.598296,CEDI-11,250997601,2026062238316,R-20260622-47,TRBT-007,25
2026-06-22 14:43:49.598296,CEDI-11,250997601,2026062238316,R-20260622-47,TRBT-005,10
2026-06-22 14:43:49.598296,CEDI-11,250997601,2026062238316,R-20260622-47,CONS-003,50
2026-06-22 14:43:49.598296,CEDI-11,250997601,2026062238316,R-20260622-47,TRBT-009,40
2026-06-22 14:43:49.598296,CEDI-11,250997601,2026062238316,R-20260622-47,TRBT-010,15
2026-06-22 14:43:49.598296,CEDI-11,250997601,2026062238316,R-20260622-47,TRBT-003,15
2026-06-22 14:43:49.598296,CEDI-11,250997601,2026062238316,R-20260622-47,CONS-002,5
2026-06-22 14:43:49.598296,CEDI-11,250997601,2026062238316,R-20260622-47,TRBT-002,15
2026-06-22 14:43:49.598296,CEDI-11,218177800,2026062275763,R-20260622-47,SVC-002,50
2026-06-22 14:43:49.598296,CEDI-11,218177800,2026062275763,R-20260622-47,TRBT-007,45
2026-06-22 14:43:49.598296,CEDI-11,294933342,2026062228531,R-20260622-47,TRBT-001,15
2026-06-22 14:43:49.598296,CEDI-11,294933342,2026062228531,R-20260622-47,TRBT-006,30
2026-06-22 14:43:49.598296,CEDI-11,294933342,2026062228531,R-20260622-47,TRBT-008,20
2026-06-22 14:43:49.598296,CEDI-11,294933342,2026062228531,R-20260622-47,SVC-001,15
2026-06-22 14:43:49.598296,CEDI-11,294933342,2026062228531,R-20260622-47,ACC-003,45
2026-06-22 14:43:49.598296,CEDI-11,294933342,2026062228531,R-20260622-47,CONS-003,30
2026-06-22 14:43:49.598296,CEDI-11,294933342,2026062228531,R-20260622-47,TRBT-005,20
2026-06-22 14:43:49.598296,CEDI-11,294933342,2026062228531,R-20260622-47,CONS-002,10
2026-06-22 14:43:49.598296,CEDI-11,294933342,2026062228531,R-20260622-47,ACC-002,45
2026-06-22 14:43:49.598296,CEDI-11,294933342,2026062228531,R-20260622-47,TRBT-004,50
2026-06-22 14:43:49.598296,CEDI-11,294933342,2026062228531,R-20260622-47,CONS-001,15
2026-06-22 14:43:49.598296,CEDI-11,294933342,2026062228531,R-20260622-47,ACC-001,10
2026-06-22 14:43:49.598296,CEDI-11,294933342,2026062228531,R-20260622-47,TRBT-007,25
2026-06-22 14:43:49.598296,CEDI-11,294933342,2026062228531,R-20260622-47,TRBT-009,5
2026-06-22 14:43:49.598296,CEDI-11,294933342,2026062228531,R-20260622-47,TRBT-003,25
2026-06-22 14:43:49.598296,CEDI-11,294933342,2026062228531,R-20260622-47,ACC-004,15
2026-06-22 14:43:49.598296,CEDI-11,294933342,2026062228531,R-20260622-47,TRBT-002,50
2026-06-22 14:43:49.598296,CEDI-11,294933342,2026062228531,R-20260622-47,SVC-002,50
2026-06-22 14:43:49.598296,CEDI-11,294933342,2026062228531,R-20260622-47,TRBT-010,5
2026-06-22 14:43:49.598296,CEDI-11,966385347,2026062268904,R-20260622-47,TRBT-003,50
2026-06-22 14:43:49.598296,CEDI-11,966385347,2026062268904,R-20260622-47,TRBT-007,35
2026-06-22 14:43:49.598296,CEDI-11,966385347,2026062268904,R-20260622-47,SVC-001,30
2026-06-22 14:43:49.598296,CEDI-11,966385347,2026062268904,R-20260622-47,CONS-002,10
2026-06-22 14:43:49.598296,CEDI-11,966385347,2026062268904,R-20260622-47,TRBT-005,25
2026-06-22 14:43:49.598296,CEDI-11,966385347,2026062268904,R-20260622-47,ACC-001,35
2026-06-22 14:43:49.598296,CEDI-11,966385347,2026062268904,R-20260622-47,TRBT-001,40
2026-06-22 14:43:49.598296,CEDI-11,966385347,2026062268904,R-20260622-47,TRBT-004,45
2026-06-22 14:43:49.598296,CEDI-11,966385347,2026062268904,R-20260622-47,CONS-001,40
2026-06-22 14:43:49.598296,CEDI-11,966385347,2026062268904,R-20260622-47,ACC-002,45
2026-06-22 14:43:49.598296,CEDI-11,966385347,2026062268904,R-20260622-47,CONS-003,15
2026-06-22 14:43:49.598296,CEDI-11,966385347,2026062268904,R-20260622-47,TRBT-009,30
2026-06-22 14:43:49.598296,CEDI-11,966385347,2026062268904,R-20260622-47,TRBT-006,15
2026-06-22 14:43:49.598296,CEDI-11,966385347,2026062268904,R-20260622-47,ACC-003,15
2026-06-22 14:43:49.598296,CEDI-11,966385347,2026062268904,R-20260622-47,SVC-002,15
2026-06-22 14:43:49.598296,CEDI-11,966385347,2026062268904,R-20260622-47,TRBT-008,50
2026-06-22 14:43:49.598296,CEDI-11,820608710,2026062213876,R-20260622-47,TRBT-004,40
2026-06-22 14:43:49.598296,CEDI-11,971987177,2026062239432,R-20260622-47,TRBT-010,15
2026-06-22 14:43:49.598296,CEDI-11,971987177,2026062239432,R-20260622-47,TRBT-007,20
2026-06-22 14:43:49.598296,CEDI-11,971987177,2026062239432,R-20260622-47,ACC-001,40
2026-06-22 14:43:49.598296,CEDI-11,971987177,2026062239432,R-20260622-47,ACC-004,20
2026-06-22 14:43:49.598296,CEDI-11,971987177,2026062239432,R-20260622-47,TRBT-001,25
2026-06-22 14:43:49.598296,CEDI-11,971987177,2026062239432,R-20260622-47,TRBT-009,10
2026-06-22 14:43:49.598296,CEDI-11,971987177,2026062239432,R-20260622-47,CONS-003,15
2026-06-22 14:43:49.598296,CEDI-11,971987177,2026062239432,R-20260622-47,SVC-002,15
2026-06-22 14:43:49.598296,CEDI-11,971987177,2026062239432,R-20260622-47,CONS-001,40
2026-06-22 14:43:49.598296,CEDI-11,971987177,2026062239432,R-20260622-47,CONS-002,25
2026-06-22 14:43:49.598296,CEDI-11,971987177,2026062239432,R-20260622-47,TRBT-008,10
2026-06-22 14:43:49.598296,CEDI-11,971987177,2026062239432,R-20260622-47,TRBT-006,45
2026-06-22 14:43:49.598296,CEDI-11,971987177,2026062239432,R-20260622-47,SVC-001,40
2026-06-22 14:43:49.598296,CEDI-11,971987177,2026062239432,R-20260622-47,TRBT-002,10
2026-06-22 14:43:49.598296,CEDI-11,971987177,2026062239432,R-20260622-47,TRBT-003,10
2026-06-22 14:43:49.598296,CEDI-11,971987177,2026062239432,R-20260622-47,TRBT-005,15
2026-06-22 14:43:49.598296,CEDI-11,740877476,2026062270126,R-20260622-47,ACC-002,10
2026-06-22 14:43:49.598296,CEDI-11,740877476,2026062270126,R-20260622-47,CONS-001,40
2026-06-22 14:43:49.598296,CEDI-11,740877476,2026062270126,R-20260622-47,TRBT-008,50
2026-06-22 14:43:49.598296,CEDI-11,740877476,2026062270126,R-20260622-47,TRBT-006,45
2026-06-22 14:43:49.598296,CEDI-11,740877476,2026062270126,R-20260622-47,TRBT-009,30
2026-06-22 14:43:49.598296,CEDI-11,740877476,2026062270126,R-20260622-47,ACC-003,50
2026-06-22 14:43:49.598296,CEDI-11,740877476,2026062270126,R-20260622-47,CONS-003,45
2026-06-22 14:43:49.598296,CEDI-11,740877476,2026062270126,R-20260622-47,TRBT-001,30
2026-06-22 14:43:49.598296,CEDI-11,740877476,2026062270126,R-20260622-47,TRBT-005,35
2026-06-22 14:43:49.598296,CEDI-11,740877476,2026062270126,R-20260622-47,TRBT-003,50
2026-06-22 14:43:49.598296,CEDI-11,740877476,2026062270126,R-20260622-47,SVC-002,15
2026-06-22 14:43:49.598296,CEDI-11,740877476,2026062270126,R-20260622-47,SVC-001,15
2026-06-22 14:43:49.598296,CEDI-11,740877476,2026062270126,R-20260622-47,TRBT-002,15
2026-06-22 14:43:49.598296,CEDI-11,740877476,2026062270126,R-20260622-47,CONS-002,15
2026-06-22 14:43:49.598296,CEDI-11,740877476,2026062270126,R-20260622-47,TRBT-004,35
2026-06-22 14:43:49.598296,CEDI-11,740877476,2026062270126,R-20260622-47,TRBT-010,5
2026-06-22 14:43:49.598296,CEDI-11,740877476,2026062270126,R-20260622-47,ACC-001,5
2026-06-22 14:43:49.598296,CEDI-11,740877476,2026062270126,R-20260622-47,TRBT-007,35
2026-06-22 14:43:49.598296,CEDI-11,740877476,2026062270126,R-20260622-47,ACC-004,35
2026-06-22 14:43:49.598296,CEDI-11,830094316,2026062272991,R-20260622-47,TRBT-007,5
2026-06-22 14:43:49.598296,CEDI-11,830094316,2026062272991,R-20260622-47,TRBT-009,40
2026-06-22 14:43:49.598296,CEDI-11,521310766,2026062227822,R-20260622-47,CONS-002,15
2026-06-22 14:43:49.598296,CEDI-11,521310766,2026062227822,R-20260622-47,TRBT-006,50
2026-06-22 14:43:49.598296,CEDI-11,521310766,2026062227822,R-20260622-47,CONS-003,30
2026-06-22 14:43:49.598296,CEDI-11,521310766,2026062227822,R-20260622-47,TRBT-007,50
2026-06-22 14:43:49.598296,CEDI-11,649860189,2026062218830,R-20260622-47,TRBT-009,30
2026-06-22 14:43:49.598296,CEDI-11,649860189,2026062218830,R-20260622-47,TRBT-005,35
2026-06-22 14:43:49.598296,CEDI-11,649860189,2026062218830,R-20260622-47,ACC-004,40
2026-06-22 14:43:49.598296,CEDI-11,649860189,2026062218830,R-20260622-47,TRBT-010,35
2026-06-22 14:43:49.598296,CEDI-11,649860189,2026062218830,R-20260622-47,TRBT-007,10
2026-06-22 14:43:49.598296,CEDI-11,649860189,2026062218830,R-20260622-47,TRBT-004,15
2026-06-22 14:43:49.598296,CEDI-11,649860189,2026062218830,R-20260622-47,TRBT-008,10
2026-06-22 14:43:49.598296,CEDI-11,649860189,2026062218830,R-20260622-47,ACC-002,45
2026-06-22 14:43:49.598296,CEDI-11,649860189,2026062218830,R-20260622-47,SVC-002,45
2026-06-22 14:43:49.598296,CEDI-11,649860189,2026062218830,R-20260622-47,CONS-003,5
2026-06-22 14:43:49.598296,CEDI-11,649860189,2026062218830,R-20260622-47,CONS-002,25
2026-06-22 14:43:49.598296,CEDI-11,649860189,2026062218830,R-20260622-47,ACC-001,30
2026-06-22 14:43:49.598296,CEDI-11,649860189,2026062218830,R-20260622-47,SVC-001,50
2026-06-22 14:43:49.598296,CEDI-11,649860189,2026062218830,R-20260622-47,TRBT-003,15
2026-06-22 14:43:49.598296,CEDI-11,649860189,2026062218830,R-20260622-47,TRBT-006,45
2026-06-22 14:43:49.598296,CEDI-11,649860189,2026062218830,R-20260622-47,ACC-003,20
2026-06-22 14:43:49.598296,CEDI-11,649860189,2026062218830,R-20260622-47,CONS-001,45
2026-06-22 14:43:49.598296,CEDI-11,649860189,2026062218830,R-20260622-47,TRBT-002,40
2026-06-22 14:43:49.598296,CEDI-11,649860189,2026062218830,R-20260622-47,TRBT-001,20
2026-06-22 14:43:49.598296,CEDI-11,634838889,2026062239032,R-20260622-47,ACC-004,15
2026-06-22 14:43:49.598296,CEDI-11,634838889,2026062239032,R-20260622-47,TRBT-010,5
2026-06-22 14:43:49.598296,CEDI-11,634838889,2026062239032,R-20260622-47,TRBT-001,25
2026-06-22 14:43:49.598296,CEDI-11,634838889,2026062239032,R-20260622-47,CONS-002,35
2026-06-22 14:43:49.598296,CEDI-11,634838889,2026062239032,R-20260622-47,TRBT-002,45
2026-06-22 14:43:49.598296,CEDI-11,634838889,2026062239032,R-20260622-47,CONS-001,40
2026-06-22 14:43:49.598296,CEDI-11,634838889,2026062239032,R-20260622-47,TRBT-008,5
2026-06-22 14:43:49.598296,CEDI-11,634838889,2026062239032,R-20260622-47,TRBT-006,40
2026-06-22 14:43:49.598296,CEDI-11,86908452,2026062284892,R-20260622-47,SVC-001,10
2026-06-22 14:43:49.598296,CEDI-11,86908452,2026062284892,R-20260622-47,TRBT-002,10
2026-06-22 14:43:49.598296,CEDI-11,86908452,2026062284892,R-20260622-47,ACC-004,25
2026-06-22 14:43:49.598296,CEDI-11,86908452,2026062284892,R-20260622-47,SVC-002,10
2026-06-22 14:43:49.598296,CEDI-11,760476761,2026062226531,R-20260622-47,TRBT-005,20
2026-06-22 14:43:49.598296,CEDI-11,760476761,2026062226531,R-20260622-47,SVC-001,35
2026-06-22 14:43:49.598296,CEDI-11,760476761,2026062226531,R-20260622-47,ACC-001,10
2026-06-22 14:43:49.598296,CEDI-11,760476761,2026062226531,R-20260622-47,ACC-004,35
2026-06-22 14:43:49.598296,CEDI-11,760476761,2026062226531,R-20260622-47,TRBT-003,25
2026-06-22 14:43:49.598296,CEDI-11,760476761,2026062226531,R-20260622-47,CONS-001,30
2026-06-22 14:43:49.598296,CEDI-11,760476761,2026062226531,R-20260622-47,CONS-003,15
2026-06-22 14:43:49.598296,CEDI-11,638944141,2026062230491,R-20260622-47,TRBT-007,50
2026-06-22 14:43:49.598296,CEDI-11,638944141,2026062230491,R-20260622-47,TRBT-001,10
2026-06-22 14:43:49.598296,CEDI-11,638944141,2026062230491,R-20260622-47,SVC-001,25
2026-06-22 14:43:49.598296,CEDI-11,638944141,2026062230491,R-20260622-47,TRBT-010,15
2026-06-22 14:43:49.598296,CEDI-11,638944141,2026062230491,R-20260622-47,TRBT-009,20
2026-06-22 14:43:49.598296,CEDI-11,638944141,2026062230491,R-20260622-47,ACC-004,50
2026-06-22 14:43:49.598296,CEDI-11,638944141,2026062230491,R-20260622-47,TRBT-002,20
2026-06-22 14:43:49.598296,CEDI-11,638944141,2026062230491,R-20260622-47,TRBT-008,45
2026-06-22 14:43:49.598296,CEDI-11,638944141,2026062230491,R-20260622-47,TRBT-003,20
2026-06-22 14:43:49.598296,CEDI-11,638944141,2026062230491,R-20260622-47,CONS-001,5
2026-06-22 14:43:49.598296,CEDI-11,638944141,2026062230491,R-20260622-47,CONS-003,10
2026-06-22 14:43:49.598296,CEDI-11,638944141,2026062230491,R-20260622-47,ACC-003,25
2026-06-22 14:43:49.598296,CEDI-11,638944141,2026062230491,R-20260622-47,ACC-002,30
2026-06-22 14:43:49.598296,CEDI-11,638944141,2026062230491,R-20260622-47,TRBT-006,45
2026-06-22 14:43:49.598296,CEDI-11,638944141,2026062230491,R-20260622-47,ACC-001,50
2026-06-22 14:43:49.598296,CEDI-11,67051749,2026062242642,R-20260622-47,CONS-002,15
2026-06-22 14:43:49.598296,CEDI-11,67051749,2026062242642,R-20260622-47,TRBT-005,15
2026-06-22 14:43:49.598296,CEDI-11,67051749,2026062242642,R-20260622-47,ACC-003,5
2026-06-22 14:43:49.598296,CEDI-11,67051749,2026062242642,R-20260622-47,TRBT-009,40
2026-06-22 14:43:49.598296,CEDI-11,67051749,2026062242642,R-20260622-47,ACC-001,10
2026-06-22 14:43:49.598296,CEDI-11,67051749,2026062242642,R-20260622-47,ACC-004,25
2026-06-22 14:43:49.598296,CEDI-11,67051749,2026062242642,R-20260622-47,TRBT-010,45
2026-06-22 14:43:49.598296,CEDI-11,67051749,2026062242642,R-20260622-47,ACC-002,45
2026-06-22 14:43:49.598296,CEDI-11,67051749,2026062242642,R-20260622-47,TRBT-006,5
2026-06-22 14:43:49.598296,CEDI-11,67051749,2026062242642,R-20260622-47,TRBT-003,35
2026-06-22 14:43:49.598296,CEDI-11,67051749,2026062242642,R-20260622-47,TRBT-001,40
2026-06-22 14:43:49.598296,CEDI-11,67051749,2026062242642,R-20260622-47,TRBT-008,5
2026-06-22 14:43:49.598296,CEDI-11,67051749,2026062242642,R-20260622-47,TRBT-007,10
2026-06-22 14:43:49.598296,CEDI-11,67051749,2026062242642,R-20260622-47,SVC-001,20
2026-06-22 14:43:49.598296,CEDI-11,227561974,2026062287188,R-20260622-47,TRBT-001,40
2026-06-22 14:43:49.598296,CEDI-11,227561974,2026062287188,R-20260622-47,TRBT-005,45
2026-06-22 14:43:49.598296,CEDI-11,227561974,2026062287188,R-20260622-47,CONS-001,50
2026-06-22 14:43:49.598296,CEDI-11,227561974,2026062287188,R-20260622-47,TRBT-007,40
2026-06-22 14:43:49.598296,CEDI-11,227561974,2026062287188,R-20260622-47,ACC-001,35
2026-06-22 14:43:49.598296,CEDI-11,227561974,2026062287188,R-20260622-47,SVC-002,45
2026-06-22 14:43:49.598296,CEDI-11,227561974,2026062287188,R-20260622-47,TRBT-009,15
2026-06-22 14:43:49.598296,CEDI-11,227561974,2026062287188,R-20260622-47,ACC-002,20
2026-06-22 14:43:49.598296,CEDI-11,227561974,2026062287188,R-20260622-47,SVC-001,30
2026-06-22 14:43:49.598296,CEDI-11,227561974,2026062287188,R-20260622-47,TRBT-006,30
2026-06-22 14:43:49.598296,CEDI-11,227561974,2026062287188,R-20260622-47,TRBT-002,30
2026-06-22 14:43:49.598296,CEDI-11,874254177,2026062266627,R-20260622-47,ACC-002,35
2026-06-22 14:43:49.598296,CEDI-11,874254177,2026062266627,R-20260622-47,CONS-002,45
2026-06-22 14:43:49.598296,CEDI-11,874254177,2026062266627,R-20260622-47,TRBT-003,20
2026-06-22 14:43:49.598296,CEDI-11,874254177,2026062266627,R-20260622-47,ACC-004,40
2026-06-22 14:43:49.598296,CEDI-11,874254177,2026062266627,R-20260622-47,CONS-003,20
2026-06-22 14:43:49.598296,CEDI-11,874254177,2026062266627,R-20260622-47,TRBT-002,40
2026-06-22 14:43:49.598296,CEDI-11,874254177,2026062266627,R-20260622-47,TRBT-006,35
2026-06-22 14:43:49.598296,CEDI-11,874254177,2026062266627,R-20260622-47,TRBT-009,50
2026-06-22 14:43:49.598296,CEDI-11,874254177,2026062266627,R-20260622-47,TRBT-001,25
2026-06-22 14:43:49.598296,CEDI-11,874254177,2026062266627,R-20260622-47,SVC-001,20
2026-06-22 14:43:49.598296,CEDI-11,874254177,2026062266627,R-20260622-47,TRBT-005,50
2026-06-22 14:43:49.598296,CEDI-11,874254177,2026062266627,R-20260622-47,TRBT-010,35
2026-06-22 14:43:49.598296,CEDI-11,874254177,2026062266627,R-20260622-47,TRBT-004,45
2026-06-22 14:43:49.598296,CEDI-11,874254177,2026062266627,R-20260622-47,CONS-001,20
2026-06-22 14:43:49.598296,CEDI-11,874254177,2026062266627,R-20260622-47,TRBT-007,15
2026-06-22 14:43:49.598296,CEDI-11,928152001,2026062261104,R-20260622-47,SVC-002,25
2026-06-22 14:43:49.598296,CEDI-11,928152001,2026062261104,R-20260622-47,ACC-002,45
2026-06-22 14:43:49.598296,CEDI-11,928152001,2026062261104,R-20260622-47,TRBT-003,30
2026-06-22 14:43:49.598296,CEDI-11,530438365,2026062276223,R-20260622-47,SVC-002,10
2026-06-22 14:43:49.598296,CEDI-11,530438365,2026062276223,R-20260622-47,CONS-003,20
2026-06-22 14:43:49.598296,CEDI-11,530438365,2026062276223,R-20260622-47,ACC-002,50
2026-06-22 14:43:49.598296,CEDI-12,739730064,2026062217681,R-20260622-48,ACC-004,20
2026-06-22 14:43:49.598296,CEDI-12,739730064,2026062217681,R-20260622-48,CONS-001,45
2026-06-22 14:43:49.598296,CEDI-12,739730064,2026062217681,R-20260622-48,SVC-001,50
2026-06-22 14:43:49.598296,CEDI-12,739730064,2026062217681,R-20260622-48,TRBT-005,45
2026-06-22 14:43:49.598296,CEDI-12,739730064,2026062217681,R-20260622-48,TRBT-006,45
2026-06-22 14:43:49.598296,CEDI-12,739730064,2026062217681,R-20260622-48,ACC-003,25
2026-06-22 14:43:49.598296,CEDI-12,739730064,2026062217681,R-20260622-48,ACC-002,50
2026-06-22 14:43:49.598296,CEDI-12,739730064,2026062217681,R-20260622-48,TRBT-009,15
2026-06-22 14:43:49.598296,CEDI-12,739730064,2026062217681,R-20260622-48,SVC-002,5
2026-06-22 14:43:49.598296,CEDI-12,739730064,2026062217681,R-20260622-48,TRBT-002,15
2026-06-22 14:43:49.598296,CEDI-12,701909743,2026062222080,R-20260622-48,TRBT-002,30
2026-06-22 14:43:49.598296,CEDI-12,701909743,2026062222080,R-20260622-48,TRBT-009,25
2026-06-22 14:43:49.598296,CEDI-12,701909743,2026062222080,R-20260622-48,TRBT-005,40
2026-06-22 14:43:49.598296,CEDI-12,701909743,2026062222080,R-20260622-48,TRBT-003,10
2026-06-22 14:43:49.598296,CEDI-12,701909743,2026062222080,R-20260622-48,SVC-002,25
2026-06-22 14:43:49.598296,CEDI-12,701909743,2026062222080,R-20260622-48,CONS-002,5
2026-06-22 14:43:49.598296,CEDI-12,701909743,2026062222080,R-20260622-48,TRBT-007,30
2026-06-22 14:43:49.598296,CEDI-12,701909743,2026062222080,R-20260622-48,CONS-003,25
2026-06-22 14:43:49.598296,CEDI-12,701909743,2026062222080,R-20260622-48,ACC-003,40
2026-06-22 14:43:49.598296,CEDI-12,701909743,2026062222080,R-20260622-48,TRBT-006,40
2026-06-22 14:43:49.598296,CEDI-12,149729052,2026062250310,R-20260622-48,TRBT-006,40
2026-06-22 14:43:49.598296,CEDI-12,149729052,2026062250310,R-20260622-48,TRBT-003,15
2026-06-22 14:43:49.598296,CEDI-12,149729052,2026062250310,R-20260622-48,ACC-002,30
2026-06-22 14:43:49.598296,CEDI-12,149729052,2026062250310,R-20260622-48,ACC-001,50
2026-06-22 14:43:49.598296,CEDI-12,149729052,2026062250310,R-20260622-48,TRBT-008,30
2026-06-22 14:43:49.598296,CEDI-12,149729052,2026062250310,R-20260622-48,TRBT-001,30
2026-06-22 14:43:49.598296,CEDI-12,149729052,2026062250310,R-20260622-48,TRBT-007,25
2026-06-22 14:43:49.598296,CEDI-12,149729052,2026062250310,R-20260622-48,SVC-001,15
2026-06-22 14:43:49.598296,CEDI-12,149729052,2026062250310,R-20260622-48,TRBT-010,15
2026-06-22 14:43:49.598296,CEDI-12,149729052,2026062250310,R-20260622-48,ACC-004,45
2026-06-22 14:43:49.598296,CEDI-12,149729052,2026062250310,R-20260622-48,ACC-003,15
2026-06-22 14:43:49.598296,CEDI-12,149729052,2026062250310,R-20260622-48,CONS-001,45
2026-06-22 14:43:49.598296,CEDI-12,149729052,2026062250310,R-20260622-48,CONS-002,10
2026-06-22 14:43:49.598296,CEDI-12,149729052,2026062250310,R-20260622-48,TRBT-004,30
2026-06-22 14:43:49.598296,CEDI-12,149729052,2026062250310,R-20260622-48,TRBT-009,20
2026-06-22 14:43:49.598296,CEDI-12,149729052,2026062250310,R-20260622-48,TRBT-002,40
2026-06-22 14:43:49.598296,CEDI-12,713665827,2026062265377,R-20260622-48,ACC-003,20
2026-06-22 14:43:49.598296,CEDI-12,713665827,2026062265377,R-20260622-48,ACC-004,10
2026-06-22 14:43:49.598296,CEDI-12,713665827,2026062265377,R-20260622-48,TRBT-009,20
2026-06-22 14:43:49.598296,CEDI-12,713665827,2026062265377,R-20260622-48,TRBT-006,25
2026-06-22 14:43:49.598296,CEDI-12,713665827,2026062265377,R-20260622-48,ACC-001,25
2026-06-22 14:43:49.598296,CEDI-12,713665827,2026062265377,R-20260622-48,TRBT-004,10
2026-06-22 14:43:49.598296,CEDI-12,713665827,2026062265377,R-20260622-48,CONS-002,10
2026-06-22 14:43:49.598296,CEDI-12,713665827,2026062265377,R-20260622-48,SVC-002,45
2026-06-22 14:43:49.598296,CEDI-12,713665827,2026062265377,R-20260622-48,TRBT-010,45
2026-06-22 14:43:49.598296,CEDI-12,713665827,2026062265377,R-20260622-48,TRBT-005,35
2026-06-22 14:43:49.598296,CEDI-12,713665827,2026062265377,R-20260622-48,TRBT-008,35
2026-06-22 14:43:49.598296,CEDI-12,713665827,2026062265377,R-20260622-48,TRBT-007,40
2026-06-22 14:43:49.598296,CEDI-12,713665827,2026062265377,R-20260622-48,TRBT-001,30
2026-06-22 14:43:49.598296,CEDI-12,713761864,2026062235402,R-20260622-48,TRBT-002,40
2026-06-22 14:43:49.598296,CEDI-12,713761864,2026062235402,R-20260622-48,CONS-002,45
2026-06-22 14:43:49.598296,CEDI-12,713761864,2026062235402,R-20260622-48,TRBT-006,30
2026-06-22 14:43:49.598296,CEDI-12,713761864,2026062235402,R-20260622-48,TRBT-003,15
2026-06-22 14:43:49.598296,CEDI-12,713761864,2026062235402,R-20260622-48,TRBT-004,30
2026-06-22 14:43:49.598296,CEDI-12,407199784,2026062259175,R-20260622-48,CONS-003,5
2026-06-22 14:43:49.598296,CEDI-12,407199784,2026062259175,R-20260622-48,TRBT-004,50
2026-06-22 14:43:49.598296,CEDI-12,407199784,2026062259175,R-20260622-48,TRBT-002,35
2026-06-22 14:43:49.598296,CEDI-12,407199784,2026062259175,R-20260622-48,ACC-002,10
2026-06-22 14:43:49.598296,CEDI-12,407199784,2026062259175,R-20260622-48,TRBT-009,50
2026-06-22 14:43:49.598296,CEDI-12,407199784,2026062259175,R-20260622-48,CONS-001,30
2026-06-22 14:43:49.598296,CEDI-12,407199784,2026062259175,R-20260622-48,CONS-002,15
2026-06-22 14:43:49.598296,CEDI-12,407199784,2026062259175,R-20260622-48,TRBT-005,20
2026-06-22 14:43:49.598296,CEDI-12,476797143,2026062276362,R-20260622-48,TRBT-006,15
2026-06-22 14:43:49.598296,CEDI-12,476797143,2026062276362,R-20260622-48,TRBT-008,40
2026-06-22 14:43:49.598296,CEDI-12,476797143,2026062276362,R-20260622-48,TRBT-002,45
2026-06-22 14:43:49.598296,CEDI-12,476797143,2026062276362,R-20260622-48,CONS-003,15
2026-06-22 14:43:49.598296,CEDI-12,476797143,2026062276362,R-20260622-48,TRBT-007,35
2026-06-22 14:43:49.598296,CEDI-12,476797143,2026062276362,R-20260622-48,ACC-002,20
2026-06-22 14:43:49.598296,CEDI-12,476797143,2026062276362,R-20260622-48,CONS-002,20
2026-06-22 14:43:49.598296,CEDI-12,476797143,2026062276362,R-20260622-48,SVC-001,45
2026-06-22 14:43:49.598296,CEDI-12,476797143,2026062276362,R-20260622-48,ACC-004,5
2026-06-22 14:43:49.598296,CEDI-12,476797143,2026062276362,R-20260622-48,SVC-002,30
2026-06-22 14:43:49.598296,CEDI-12,476797143,2026062276362,R-20260622-48,TRBT-009,40
2026-06-22 14:43:49.598296,CEDI-12,476797143,2026062276362,R-20260622-48,ACC-003,45
2026-06-22 14:43:49.598296,CEDI-12,476797143,2026062276362,R-20260622-48,ACC-001,15
2026-06-22 14:43:49.598296,CEDI-12,476797143,2026062276362,R-20260622-48,TRBT-010,5
2026-06-22 14:43:49.598296,CEDI-12,312408666,2026062215954,R-20260622-48,TRBT-003,10
2026-06-22 14:43:49.598296,CEDI-12,312408666,2026062215954,R-20260622-48,ACC-004,50
2026-06-22 14:43:49.598296,CEDI-12,312408666,2026062215954,R-20260622-48,SVC-002,50
2026-06-22 14:43:49.598296,CEDI-12,850630153,2026062299650,R-20260622-48,TRBT-001,10
2026-06-22 14:43:49.598296,CEDI-12,850630153,2026062299650,R-20260622-48,ACC-003,35
2026-06-22 14:43:49.598296,CEDI-12,850630153,2026062299650,R-20260622-48,TRBT-006,20
2026-06-22 14:43:49.598296,CEDI-12,686387381,2026062223332,R-20260622-48,ACC-002,50
2026-06-22 14:43:49.598296,CEDI-12,279229525,2026062266947,R-20260622-48,TRBT-008,35
2026-06-22 14:43:49.598296,CEDI-12,734912957,2026062295011,R-20260622-48,CONS-003,40
2026-06-22 14:43:49.598296,CEDI-12,734912957,2026062295011,R-20260622-48,ACC-002,25
2026-06-22 14:43:49.598296,CEDI-12,734912957,2026062295011,R-20260622-48,SVC-002,5
2026-06-22 14:43:49.598296,CEDI-12,734912957,2026062295011,R-20260622-48,CONS-001,45
2026-06-22 14:43:49.598296,CEDI-12,734912957,2026062295011,R-20260622-48,TRBT-010,40
2026-06-22 14:43:49.598296,CEDI-12,734912957,2026062295011,R-20260622-48,TRBT-005,45
2026-06-22 14:43:49.598296,CEDI-12,734912957,2026062295011,R-20260622-48,TRBT-008,5
2026-06-22 14:43:49.598296,CEDI-12,734912957,2026062295011,R-20260622-48,TRBT-009,5
2026-06-22 14:43:49.598296,CEDI-12,734912957,2026062295011,R-20260622-48,TRBT-001,30
2026-06-22 14:43:49.598296,CEDI-12,734912957,2026062295011,R-20260622-48,TRBT-004,15
2026-06-22 14:43:49.598296,CEDI-12,734912957,2026062295011,R-20260622-48,ACC-003,5
2026-06-22 14:43:49.598296,CEDI-12,734912957,2026062295011,R-20260622-48,SVC-001,5
2026-06-22 14:43:49.598296,CEDI-12,734912957,2026062295011,R-20260622-48,ACC-004,40
2026-06-22 14:43:49.598296,CEDI-12,734912957,2026062295011,R-20260622-48,ACC-001,40
2026-06-22 14:43:49.598296,CEDI-12,734912957,2026062295011,R-20260622-48,TRBT-003,40
2026-06-22 14:43:49.598296,CEDI-12,257565591,2026062219281,R-20260622-48,ACC-004,30
2026-06-22 14:43:49.598296,CEDI-12,257565591,2026062219281,R-20260622-48,SVC-002,5
2026-06-22 14:43:49.598296,CEDI-12,257565591,2026062219281,R-20260622-48,TRBT-008,20
2026-06-22 14:43:49.598296,CEDI-12,257565591,2026062219281,R-20260622-48,ACC-002,10
2026-06-22 14:43:49.598296,CEDI-12,257565591,2026062219281,R-20260622-48,TRBT-001,20
2026-06-22 14:43:49.598296,CEDI-12,257565591,2026062219281,R-20260622-48,TRBT-009,35
2026-06-22 14:43:49.598296,CEDI-12,257565591,2026062219281,R-20260622-48,CONS-003,30
2026-06-22 14:43:49.598296,CEDI-12,257565591,2026062219281,R-20260622-48,ACC-001,20
2026-06-22 14:43:49.598296,CEDI-12,257565591,2026062219281,R-20260622-48,CONS-002,20
2026-06-22 14:43:49.598296,CEDI-12,478127004,2026062222983,R-20260622-48,TRBT-005,50
2026-06-22 14:43:49.598296,CEDI-12,310495728,2026062252962,R-20260622-48,CONS-002,30
2026-06-22 14:43:49.598296,CEDI-12,310495728,2026062252962,R-20260622-48,TRBT-010,10
2026-06-22 14:43:49.598296,CEDI-12,310495728,2026062252962,R-20260622-48,ACC-004,30
2026-06-22 14:43:49.598296,CEDI-12,310495728,2026062252962,R-20260622-48,TRBT-005,35
2026-06-22 14:43:49.598296,CEDI-12,310495728,2026062252962,R-20260622-48,TRBT-001,35
2026-06-22 14:43:49.598296,CEDI-12,310495728,2026062252962,R-20260622-48,TRBT-009,5
2026-06-22 14:43:49.598296,CEDI-12,310495728,2026062252962,R-20260622-48,CONS-003,40
2026-06-22 14:43:49.598296,CEDI-12,310495728,2026062252962,R-20260622-48,TRBT-006,50
2026-06-22 14:43:49.598296,CEDI-12,310495728,2026062252962,R-20260622-48,TRBT-002,30
2026-06-22 14:43:49.598296,CEDI-12,310495728,2026062252962,R-20260622-48,SVC-001,50
2026-06-22 14:43:49.598296,CEDI-12,310495728,2026062252962,R-20260622-48,TRBT-007,25
2026-06-22 14:43:49.598296,CEDI-12,310495728,2026062252962,R-20260622-48,TRBT-004,50
2026-06-22 14:43:49.598296,CEDI-12,310495728,2026062252962,R-20260622-48,ACC-003,20
2026-06-22 14:43:49.598296,CEDI-12,310495728,2026062252962,R-20260622-48,ACC-001,15
2026-06-22 14:43:49.598296,CEDI-12,310495728,2026062252962,R-20260622-48,TRBT-008,30
2026-06-22 14:43:49.598296,CEDI-12,310495728,2026062252962,R-20260622-48,SVC-002,50
2026-06-22 14:43:49.598296,CEDI-12,310495728,2026062252962,R-20260622-48,CONS-001,25
2026-06-22 14:43:49.598296,CEDI-12,5377809,2026062251678,R-20260622-48,SVC-002,5
2026-06-22 14:43:49.598296,CEDI-12,5377809,2026062251678,R-20260622-48,TRBT-007,50
2026-06-22 14:43:49.598296,CEDI-12,5377809,2026062251678,R-20260622-48,ACC-003,25
2026-06-22 14:43:49.598296,CEDI-12,5377809,2026062251678,R-20260622-48,TRBT-005,45
2026-06-22 14:43:49.598296,CEDI-12,5377809,2026062251678,R-20260622-48,TRBT-003,10
2026-06-22 14:43:49.598296,CEDI-12,5377809,2026062251678,R-20260622-48,CONS-001,20
2026-06-22 14:43:49.598296,CEDI-12,5377809,2026062251678,R-20260622-48,CONS-002,20
2026-06-22 14:43:49.598296,CEDI-12,5377809,2026062251678,R-20260622-48,TRBT-004,50
2026-06-22 14:43:49.598296,CEDI-13,16249789,2026062282958,R-20260622-53,SVC-001,35
2026-06-22 14:43:49.598296,CEDI-13,16249789,2026062282958,R-20260622-53,CONS-003,35
2026-06-22 14:43:49.598296,CEDI-13,16249789,2026062282958,R-20260622-53,ACC-003,25
2026-06-22 14:43:49.598296,CEDI-13,16249789,2026062282958,R-20260622-53,TRBT-007,35
2026-06-22 14:43:49.598296,CEDI-13,16249789,2026062282958,R-20260622-53,ACC-004,45
2026-06-22 14:43:49.598296,CEDI-13,16249789,2026062282958,R-20260622-53,TRBT-004,45
2026-06-22 14:43:49.598296,CEDI-13,16249789,2026062282958,R-20260622-53,ACC-002,40
2026-06-22 14:43:49.598296,CEDI-13,16249789,2026062282958,R-20260622-53,TRBT-006,25
2026-06-22 14:43:49.598296,CEDI-13,57003722,2026062254525,R-20260622-53,TRBT-010,20
2026-06-22 14:43:49.598296,CEDI-13,57003722,2026062254525,R-20260622-53,TRBT-007,50
2026-06-22 14:43:49.598296,CEDI-13,57003722,2026062254525,R-20260622-53,TRBT-002,30
2026-06-22 14:43:49.598296,CEDI-13,57003722,2026062254525,R-20260622-53,TRBT-006,30
2026-06-22 14:43:49.598296,CEDI-13,57003722,2026062254525,R-20260622-53,SVC-002,30
2026-06-22 14:43:49.598296,CEDI-13,57003722,2026062254525,R-20260622-53,SVC-001,25
2026-06-22 14:43:49.598296,CEDI-13,57003722,2026062254525,R-20260622-53,TRBT-009,50
2026-06-22 14:43:49.598296,CEDI-13,57003722,2026062254525,R-20260622-53,TRBT-003,50
2026-06-22 14:43:49.598296,CEDI-13,57003722,2026062254525,R-20260622-53,CONS-001,20
2026-06-22 14:43:49.598296,CEDI-13,738047450,2026062295841,R-20260622-53,CONS-002,5
2026-06-22 14:43:49.598296,CEDI-13,738047450,2026062295841,R-20260622-53,ACC-001,35
2026-06-22 14:43:49.598296,CEDI-13,738047450,2026062295841,R-20260622-53,TRBT-003,45
2026-06-22 14:43:49.598296,CEDI-13,738047450,2026062295841,R-20260622-53,TRBT-006,15
2026-06-22 14:43:49.598296,CEDI-13,738047450,2026062295841,R-20260622-53,SVC-002,25
2026-06-22 14:43:49.598296,CEDI-13,738047450,2026062295841,R-20260622-53,TRBT-009,30
2026-06-22 14:43:49.598296,CEDI-13,223185794,2026062236169,R-20260622-53,TRBT-002,50
2026-06-22 14:43:49.598296,CEDI-13,223185794,2026062236169,R-20260622-53,CONS-003,45
2026-06-22 14:43:49.598296,CEDI-13,223185794,2026062236169,R-20260622-53,TRBT-004,5
2026-06-22 14:43:49.598296,CEDI-13,223185794,2026062236169,R-20260622-53,ACC-003,30
2026-06-22 14:43:49.598296,CEDI-13,223185794,2026062236169,R-20260622-53,TRBT-010,50
2026-06-22 14:43:49.598296,CEDI-13,223185794,2026062236169,R-20260622-53,SVC-001,20
2026-06-22 14:43:49.598296,CEDI-13,723824327,2026062248144,R-20260622-53,TRBT-001,10
2026-06-22 14:43:49.598296,CEDI-13,723824327,2026062248144,R-20260622-53,TRBT-009,30
2026-06-22 14:43:49.598296,CEDI-13,723824327,2026062248144,R-20260622-53,ACC-001,45
2026-06-22 14:43:49.598296,CEDI-13,723824327,2026062248144,R-20260622-53,TRBT-007,30
2026-06-22 14:43:49.598296,CEDI-13,307888562,2026062223104,R-20260622-53,TRBT-004,35
2026-06-22 14:43:49.598296,CEDI-13,307888562,2026062223104,R-20260622-53,CONS-003,50
2026-06-22 14:43:49.598296,CEDI-13,307888562,2026062223104,R-20260622-53,TRBT-005,5
2026-06-22 14:43:49.598296,CEDI-13,307888562,2026062223104,R-20260622-53,TRBT-003,40
2026-06-22 14:43:49.598296,CEDI-13,307888562,2026062223104,R-20260622-53,ACC-003,40
2026-06-22 14:43:49.598296,CEDI-13,307888562,2026062223104,R-20260622-53,TRBT-002,20
2026-06-22 14:43:49.598296,CEDI-13,307888562,2026062223104,R-20260622-53,TRBT-008,5
2026-06-22 14:43:49.598296,CEDI-13,307888562,2026062223104,R-20260622-53,TRBT-009,50
2026-06-22 14:43:49.598296,CEDI-13,307888562,2026062223104,R-20260622-53,TRBT-007,30
2026-06-22 14:43:49.598296,CEDI-13,307888562,2026062223104,R-20260622-53,TRBT-001,25
2026-06-22 14:43:49.598296,CEDI-13,307888562,2026062223104,R-20260622-53,CONS-002,15
2026-06-22 14:43:49.598296,CEDI-13,307888562,2026062223104,R-20260622-53,CONS-001,40
2026-06-22 14:43:49.598296,CEDI-13,307888562,2026062223104,R-20260622-53,ACC-002,30
2026-06-22 14:43:49.598296,CEDI-13,946132811,2026062254332,R-20260622-53,TRBT-004,30
2026-06-22 14:43:49.598296,CEDI-13,946132811,2026062254332,R-20260622-53,TRBT-008,5
2026-06-22 14:43:49.598296,CEDI-13,946132811,2026062254332,R-20260622-53,CONS-003,50
2026-06-22 14:43:49.598296,CEDI-13,946132811,2026062254332,R-20260622-53,TRBT-002,45
2026-06-22 14:43:49.598296,CEDI-13,946132811,2026062254332,R-20260622-53,TRBT-007,35
2026-06-22 14:43:49.598296,CEDI-13,946132811,2026062254332,R-20260622-53,TRBT-006,15
2026-06-22 14:43:49.598296,CEDI-13,946132811,2026062254332,R-20260622-53,TRBT-001,35
2026-06-22 14:43:49.598296,CEDI-13,946132811,2026062254332,R-20260622-53,SVC-001,25
2026-06-22 14:43:49.598296,CEDI-13,300988062,2026062253381,R-20260622-53,ACC-002,15
2026-06-22 14:43:49.598296,CEDI-13,300988062,2026062253381,R-20260622-53,TRBT-003,50
2026-06-22 14:43:49.598296,CEDI-13,300988062,2026062253381,R-20260622-53,ACC-001,50
2026-06-22 14:43:49.598296,CEDI-13,300988062,2026062253381,R-20260622-53,SVC-002,50
2026-06-22 14:43:49.598296,CEDI-13,300988062,2026062253381,R-20260622-53,ACC-004,40
2026-06-22 14:43:49.598296,CEDI-13,821619610,2026062247487,R-20260622-53,ACC-002,50
2026-06-22 14:43:49.598296,CEDI-13,821619610,2026062247487,R-20260622-53,TRBT-003,35
2026-06-22 14:43:49.598296,CEDI-13,821619610,2026062247487,R-20260622-53,TRBT-007,30
2026-06-22 14:43:49.598296,CEDI-13,821619610,2026062247487,R-20260622-53,TRBT-002,10
2026-06-22 14:43:49.598296,CEDI-13,821619610,2026062247487,R-20260622-53,CONS-001,45
2026-06-22 14:43:49.598296,CEDI-13,821619610,2026062247487,R-20260622-53,SVC-001,15
2026-06-22 14:43:49.598296,CEDI-13,821619610,2026062247487,R-20260622-53,TRBT-006,50
2026-06-22 14:43:49.598296,CEDI-13,821619610,2026062247487,R-20260622-53,CONS-003,5
2026-06-22 14:43:49.598296,CEDI-13,821619610,2026062247487,R-20260622-53,TRBT-009,45
2026-06-22 14:43:49.598296,CEDI-13,821619610,2026062247487,R-20260622-53,ACC-003,20
2026-06-22 14:43:49.598296,CEDI-13,821619610,2026062247487,R-20260622-53,TRBT-001,45
2026-06-22 14:43:49.598296,CEDI-13,821619610,2026062247487,R-20260622-53,SVC-002,45
2026-06-22 14:43:49.598296,CEDI-13,821619610,2026062247487,R-20260622-53,TRBT-004,5
2026-06-22 14:43:49.598296,CEDI-13,821619610,2026062247487,R-20260622-53,TRBT-005,45
2026-06-22 14:43:49.598296,CEDI-13,821619610,2026062247487,R-20260622-53,ACC-001,50
2026-06-22 14:43:49.598296,CEDI-13,448848708,2026062245453,R-20260622-53,ACC-003,20
2026-06-22 14:43:49.598296,CEDI-13,448848708,2026062245453,R-20260622-53,TRBT-009,5
2026-06-22 14:43:49.598296,CEDI-13,448848708,2026062245453,R-20260622-53,CONS-001,50
2026-06-22 14:43:49.598296,CEDI-13,448848708,2026062245453,R-20260622-53,SVC-001,10
2026-06-22 14:43:49.598296,CEDI-13,448848708,2026062245453,R-20260622-53,TRBT-002,30
2026-06-22 14:43:49.598296,CEDI-13,448848708,2026062245453,R-20260622-53,ACC-001,5
2026-06-22 14:43:49.598296,CEDI-13,448848708,2026062245453,R-20260622-53,TRBT-006,25
2026-06-22 14:43:49.598296,CEDI-13,448848708,2026062245453,R-20260622-53,CONS-002,30
2026-06-22 14:43:49.598296,CEDI-13,166603554,2026062239005,R-20260622-53,ACC-001,5
2026-06-22 14:43:49.598296,CEDI-13,166603554,2026062239005,R-20260622-53,TRBT-009,10
2026-06-22 14:43:49.598296,CEDI-13,601424715,2026062263626,R-20260622-53,TRBT-010,45
2026-06-22 14:43:49.598296,CEDI-13,601424715,2026062263626,R-20260622-53,TRBT-001,30
2026-06-22 14:43:49.598296,CEDI-13,601424715,2026062263626,R-20260622-53,TRBT-005,25
2026-06-22 14:43:49.598296,CEDI-13,601424715,2026062263626,R-20260622-53,TRBT-002,25
2026-06-22 14:43:49.598296,CEDI-13,601424715,2026062263626,R-20260622-53,TRBT-009,40
2026-06-22 14:43:49.598296,CEDI-13,601424715,2026062263626,R-20260622-53,ACC-004,45
2026-06-22 14:43:49.598296,CEDI-13,601424715,2026062263626,R-20260622-53,CONS-002,30
2026-06-22 14:43:49.598296,CEDI-13,601424715,2026062263626,R-20260622-53,SVC-001,25
2026-06-22 14:43:49.598296,CEDI-13,601424715,2026062263626,R-20260622-53,CONS-003,25
2026-06-22 14:43:49.598296,CEDI-13,601424715,2026062263626,R-20260622-53,TRBT-003,30
2026-06-22 14:43:49.598296,CEDI-13,601424715,2026062263626,R-20260622-53,CONS-001,25
2026-06-22 14:43:49.598296,CEDI-13,601424715,2026062263626,R-20260622-53,ACC-003,40
2026-06-22 14:43:49.598296,CEDI-13,601424715,2026062263626,R-20260622-53,TRBT-004,5
2026-06-22 14:43:49.598296,CEDI-13,601424715,2026062263626,R-20260622-53,TRBT-006,45
2026-06-22 14:43:49.598296,CEDI-13,601424715,2026062263626,R-20260622-53,TRBT-008,30
2026-06-22 14:43:49.598296,CEDI-13,400604327,2026062238349,R-20260622-53,TRBT-004,40
2026-06-22 14:43:49.598296,CEDI-13,400604327,2026062238349,R-20260622-53,TRBT-003,5
2026-06-22 14:43:49.598296,CEDI-13,439930953,2026062235235,R-20260622-53,ACC-001,45
2026-06-22 14:43:49.598296,CEDI-13,176544067,2026062294935,R-20260622-53,TRBT-006,35
2026-06-22 14:43:49.598296,CEDI-13,176544067,2026062294935,R-20260622-53,CONS-003,5
2026-06-22 14:43:49.598296,CEDI-13,176544067,2026062294935,R-20260622-53,TRBT-009,10
2026-06-22 14:43:49.598296,CEDI-13,176544067,2026062294935,R-20260622-53,TRBT-007,30
2026-06-22 14:43:49.598296,CEDI-13,176544067,2026062294935,R-20260622-53,TRBT-004,50
2026-06-22 14:43:49.598296,CEDI-13,532368637,2026062253359,R-20260622-53,TRBT-007,35
2026-06-22 14:43:49.598296,CEDI-13,532368637,2026062253359,R-20260622-53,ACC-001,30
2026-06-22 14:43:49.598296,CEDI-13,532368637,2026062253359,R-20260622-53,ACC-002,10
2026-06-22 14:43:49.598296,CEDI-13,532368637,2026062253359,R-20260622-53,TRBT-002,10
2026-06-22 14:43:49.598296,CEDI-13,532368637,2026062253359,R-20260622-53,SVC-001,10
2026-06-22 14:43:49.598296,CEDI-13,532368637,2026062253359,R-20260622-53,ACC-004,35
2026-06-22 14:43:49.598296,CEDI-13,532368637,2026062253359,R-20260622-53,TRBT-004,50
2026-06-22 14:43:49.598296,CEDI-13,532368637,2026062253359,R-20260622-53,CONS-003,20
2026-06-22 14:43:49.598296,CEDI-13,532368637,2026062253359,R-20260622-53,TRBT-001,15
2026-06-22 14:43:49.598296,CEDI-13,532368637,2026062253359,R-20260622-53,TRBT-009,25
2026-06-22 14:43:49.598296,CEDI-13,532368637,2026062253359,R-20260622-53,TRBT-008,45
2026-06-22 14:43:49.598296,CEDI-13,152014895,2026062217987,R-20260622-53,TRBT-004,15
2026-06-22 14:43:49.598296,CEDI-13,152014895,2026062217987,R-20260622-53,TRBT-008,20
2026-06-22 14:43:49.598296,CEDI-13,152014895,2026062217987,R-20260622-53,CONS-002,10
2026-06-22 14:43:49.598296,CEDI-13,152014895,2026062217987,R-20260622-53,TRBT-010,10
2026-06-22 14:43:49.598296,CEDI-13,152014895,2026062217987,R-20260622-53,TRBT-005,40
2026-06-22 14:43:49.598296,CEDI-13,152014895,2026062217987,R-20260622-53,SVC-002,25
2026-06-22 14:43:49.598296,CEDI-13,152014895,2026062217987,R-20260622-53,TRBT-006,35
2026-06-22 14:43:49.598296,CEDI-13,152014895,2026062217987,R-20260622-53,ACC-003,20
2026-06-22 14:43:49.598296,CEDI-13,152014895,2026062217987,R-20260622-53,TRBT-009,25
2026-06-22 14:43:49.598296,CEDI-13,729648266,2026062230290,R-20260622-53,CONS-002,50
2026-06-22 14:43:49.598296,CEDI-13,729648266,2026062230290,R-20260622-53,TRBT-002,35
2026-06-22 14:43:49.598296,CEDI-13,387430712,2026062244210,R-20260622-53,TRBT-003,35
2026-06-22 14:43:49.598296,CEDI-13,387430712,2026062244210,R-20260622-53,CONS-003,40
2026-06-22 14:43:49.598296,CEDI-13,387430712,2026062244210,R-20260622-53,TRBT-009,5
2026-06-22 14:43:49.598296,CEDI-13,387430712,2026062244210,R-20260622-53,ACC-003,45
2026-06-22 14:43:49.598296,CEDI-13,387430712,2026062244210,R-20260622-53,TRBT-004,20
2026-06-22 14:43:49.598296,CEDI-13,387430712,2026062244210,R-20260622-53,CONS-002,45
2026-06-22 14:43:49.598296,CEDI-13,387430712,2026062244210,R-20260622-53,CONS-001,30
2026-06-22 14:43:49.598296,CEDI-13,387430712,2026062244210,R-20260622-53,ACC-004,20
2026-06-22 14:43:49.598296,CEDI-13,387430712,2026062244210,R-20260622-53,ACC-001,10
2026-06-22 14:43:49.598296,CEDI-13,525594352,2026062260446,R-20260622-53,TRBT-003,30
2026-06-22 14:43:49.598296,CEDI-13,525594352,2026062260446,R-20260622-53,ACC-004,50
2026-06-22 14:43:49.598296,CEDI-13,525594352,2026062260446,R-20260622-53,TRBT-008,50
2026-06-22 14:43:49.598296,CEDI-13,525594352,2026062260446,R-20260622-53,ACC-002,45
2026-06-22 14:43:49.598296,CEDI-13,525594352,2026062260446,R-20260622-53,SVC-002,20
2026-06-22 14:43:49.598296,CEDI-13,525594352,2026062260446,R-20260622-53,ACC-003,45
2026-06-22 14:43:49.598296,CEDI-13,525594352,2026062260446,R-20260622-53,TRBT-010,5
2026-06-22 14:43:49.598296,CEDI-13,525594352,2026062260446,R-20260622-53,CONS-001,45
2026-06-22 14:43:49.598296,CEDI-13,525594352,2026062260446,R-20260622-53,TRBT-005,5
2026-06-22 14:43:49.598296,CEDI-13,525594352,2026062260446,R-20260622-53,TRBT-004,5
2026-06-22 14:43:49.598296,CEDI-13,525594352,2026062260446,R-20260622-53,CONS-003,10
2026-06-22 14:43:49.598296,CEDI-13,525594352,2026062260446,R-20260622-53,TRBT-007,30
2026-06-22 14:43:49.598296,CEDI-13,525594352,2026062260446,R-20260622-53,TRBT-006,30
2026-06-22 14:43:49.598296,CEDI-13,525594352,2026062260446,R-20260622-53,CONS-002,35
2026-06-22 14:43:49.598296,CEDI-13,752989776,2026062262204,R-20260622-53,TRBT-006,30
2026-06-22 14:43:49.598296,CEDI-13,752989776,2026062262204,R-20260622-53,TRBT-005,20
2026-06-22 14:43:49.598296,CEDI-13,752989776,2026062262204,R-20260622-53,TRBT-001,50
2026-06-22 14:43:49.598296,CEDI-13,752989776,2026062262204,R-20260622-53,TRBT-007,35
2026-06-22 14:43:49.598296,CEDI-13,752989776,2026062262204,R-20260622-53,CONS-002,50
2026-06-22 14:43:49.598296,CEDI-13,752989776,2026062262204,R-20260622-53,SVC-002,45
2026-06-22 14:43:49.598296,CEDI-13,752989776,2026062262204,R-20260622-53,SVC-001,40
2026-06-22 14:43:49.598296,CEDI-13,752989776,2026062262204,R-20260622-53,CONS-001,10
2026-06-22 14:43:49.598296,CEDI-13,752989776,2026062262204,R-20260622-53,ACC-003,15
2026-06-22 14:43:49.598296,CEDI-13,752989776,2026062262204,R-20260622-53,TRBT-002,25
2026-06-22 14:43:49.598296,CEDI-13,752989776,2026062262204,R-20260622-53,CONS-003,10
2026-06-22 14:43:49.598296,CEDI-13,752989776,2026062262204,R-20260622-53,TRBT-009,50
2026-06-22 14:43:49.598296,CEDI-13,752989776,2026062262204,R-20260622-53,ACC-004,10
2026-06-22 14:43:49.598296,CEDI-13,752989776,2026062262204,R-20260622-53,TRBT-010,10
2026-06-22 14:43:49.598296,CEDI-13,752989776,2026062262204,R-20260622-53,TRBT-008,35
2026-06-22 14:43:49.598296,CEDI-13,752989776,2026062262204,R-20260622-53,TRBT-004,35
2026-06-22 14:43:49.598296,CEDI-13,768525253,2026062287617,R-20260622-53,TRBT-001,35
2026-06-22 14:43:49.598296,CEDI-13,768525253,2026062287617,R-20260622-53,CONS-002,20
2026-06-22 14:43:49.598296,CEDI-13,768525253,2026062287617,R-20260622-53,CONS-003,40
2026-06-22 14:43:49.598296,CEDI-13,768525253,2026062287617,R-20260622-53,TRBT-007,25
2026-06-22 14:43:49.598296,CEDI-13,768525253,2026062287617,R-20260622-53,ACC-002,15
2026-06-22 14:43:49.598296,CEDI-13,768525253,2026062287617,R-20260622-53,SVC-002,45
2026-06-22 14:43:49.598296,CEDI-13,768525253,2026062287617,R-20260622-53,TRBT-003,50
2026-06-22 14:43:49.598296,CEDI-13,768525253,2026062287617,R-20260622-53,TRBT-002,5
2026-06-22 14:43:49.598296,CEDI-13,768525253,2026062287617,R-20260622-53,ACC-003,45
2026-06-22 14:43:49.598296,CEDI-13,768525253,2026062287617,R-20260622-53,TRBT-009,25
2026-06-22 14:43:49.598296,CEDI-13,768525253,2026062287617,R-20260622-53,TRBT-005,25
2026-06-22 14:43:49.598296,CEDI-13,768525253,2026062287617,R-20260622-53,TRBT-010,35
2026-06-22 14:43:49.598296,CEDI-13,768525253,2026062287617,R-20260622-53,CONS-001,50
2026-06-22 14:43:49.598296,CEDI-13,768525253,2026062287617,R-20260622-53,TRBT-008,5
2026-06-22 14:43:49.598296,CEDI-13,722794535,2026062264445,R-20260622-53,TRBT-005,25
2026-06-22 14:43:49.598296,CEDI-13,722794535,2026062264445,R-20260622-53,CONS-002,35
2026-06-22 14:43:49.598296,CEDI-13,722794535,2026062264445,R-20260622-53,TRBT-001,15
2026-06-22 14:43:49.598296,CEDI-13,722794535,2026062264445,R-20260622-53,ACC-002,10
2026-06-22 14:43:49.598296,CEDI-13,722794535,2026062264445,R-20260622-53,TRBT-004,15
2026-06-22 14:43:49.598296,CEDI-13,722794535,2026062264445,R-20260622-53,SVC-002,45
2026-06-22 14:43:49.598296,CEDI-13,722794535,2026062264445,R-20260622-53,TRBT-006,15
2026-06-22 14:43:49.598296,CEDI-13,722794535,2026062264445,R-20260622-53,CONS-003,10
2026-06-22 14:43:49.598296,CEDI-13,722794535,2026062264445,R-20260622-53,CONS-001,30
2026-06-22 14:43:49.598296,CEDI-13,722794535,2026062264445,R-20260622-53,ACC-001,45
2026-06-22 14:43:49.598296,CEDI-13,722794535,2026062264445,R-20260622-53,SVC-001,25
2026-06-22 14:43:49.598296,CEDI-13,722794535,2026062264445,R-20260622-53,TRBT-002,10
2026-06-22 14:43:49.598296,CEDI-13,722794535,2026062264445,R-20260622-53,ACC-004,5
2026-06-22 14:43:49.598296,CEDI-13,722794535,2026062264445,R-20260622-53,TRBT-010,45
2026-06-22 14:43:49.598296,CEDI-13,722794535,2026062264445,R-20260622-53,TRBT-007,5
2026-06-22 14:43:49.598296,CEDI-13,722794535,2026062264445,R-20260622-53,TRBT-009,20
2026-06-22 14:43:49.598296,CEDI-13,722794535,2026062264445,R-20260622-53,TRBT-003,35
2026-06-22 14:43:49.598296,CEDI-13,150252928,2026062224201,R-20260622-53,SVC-002,5
2026-06-22 14:43:49.598296,CEDI-13,150252928,2026062224201,R-20260622-53,ACC-003,25
2026-06-22 14:43:49.598296,CEDI-13,150252928,2026062224201,R-20260622-53,TRBT-005,20
2026-06-22 14:43:49.598296,CEDI-13,150252928,2026062224201,R-20260622-53,TRBT-009,25
2026-06-22 14:43:49.598296,CEDI-13,150252928,2026062224201,R-20260622-53,CONS-002,30
2026-06-22 14:43:49.598296,CEDI-13,150252928,2026062224201,R-20260622-53,ACC-001,15
2026-06-22 14:43:49.598296,CEDI-13,150252928,2026062224201,R-20260622-53,SVC-001,15
2026-06-22 14:43:49.598296,CEDI-13,150252928,2026062224201,R-20260622-53,TRBT-004,35
2026-06-22 14:43:49.598296,CEDI-13,150252928,2026062224201,R-20260622-53,TRBT-003,15
2026-06-22 14:43:49.598296,CEDI-13,150252928,2026062224201,R-20260622-53,CONS-001,35
2026-06-22 14:43:49.598296,CEDI-13,150252928,2026062224201,R-20260622-53,TRBT-010,20
2026-06-22 14:43:49.598296,CEDI-13,150252928,2026062224201,R-20260622-53,TRBT-002,5
2026-06-22 14:43:49.598296,CEDI-13,150252928,2026062224201,R-20260622-53,CONS-003,50
2026-06-22 14:43:49.598296,CEDI-13,150252928,2026062224201,R-20260622-53,TRBT-007,15
2026-06-22 14:43:49.598296,CEDI-13,150252928,2026062224201,R-20260622-53,TRBT-001,25
