date,warehouse_code,customer_id,order_id,route_id,sequence,product_id,quantity
2026-06-30,CEDI-01,0227896130,2026063068916,R-20260630-36,30,TRBT-002,10
2026-06-30,CEDI-01,0227896130,2026063068916,R-20260630-36,30,CONS-003,35
2026-06-30,CEDI-01,0227896130,2026063068916,R-20260630-36,30,CONS-002,10
2026-06-30,CEDI-01,0227896130,2026063068916,R-20260630-36,30,SVC-002,15
2026-06-30,CEDI-01,0227896130,2026063068916,R-20260630-36,30,TRBT-010,35
2026-06-30,CEDI-01,0227896130,2026063068916,R-20260630-36,30,TRBT-007,20
2026-06-30,CEDI-01,0227896130,2026063068916,R-20260630-36,30,TRBT-003,30
2026-06-30,CEDI-01,0227896130,2026063068916,R-20260630-36,30,ACC-001,50
2026-06-30,CEDI-01,0227896130,2026063068916,R-20260630-36,30,SVC-001,10
2026-06-30,CEDI-01,0227896130,2026063068916,R-20260630-36,30,ACC-004,10
2026-06-30,CEDI-01,0227896130,2026063068916,R-20260630-36,30,TRBT-006,50
2026-06-30,CEDI-01,0227896130,2026063068916,R-20260630-36,30,TRBT-005,45
2026-06-30,CEDI-01,0719547925,2026063076438,R-20260630-36,9,CONS-001,15
2026-06-30,CEDI-01,0719547925,2026063076438,R-20260630-36,9,SVC-002,5
2026-06-30,CEDI-01,0372557258,2026063052286,R-20260630-36,24,TRBT-009,10
2026-06-30,CEDI-01,0372557258,2026063052286,R-20260630-36,24,ACC-004,25
2026-06-30,CEDI-01,0372557258,2026063052286,R-20260630-36,24,TRBT-001,40
2026-06-30,CEDI-01,0372557258,2026063052286,R-20260630-36,24,ACC-001,45
2026-06-30,CEDI-01,0372557258,2026063052286,R-20260630-36,24,TRBT-004,40
2026-06-30,CEDI-01,0372557258,2026063052286,R-20260630-36,24,TRBT-006,30
2026-06-30,CEDI-01,0372557258,2026063052286,R-20260630-36,24,SVC-002,40
2026-06-30,CEDI-01,0372557258,2026063052286,R-20260630-36,24,ACC-003,5
2026-06-30,CEDI-01,0372557258,2026063052286,R-20260630-36,24,CONS-001,5
2026-06-30,CEDI-01,0444361850,2026063086883,R-20260630-36,20,ACC-001,50
2026-06-30,CEDI-01,0444361850,2026063086883,R-20260630-36,20,TRBT-002,45
2026-06-30,CEDI-01,0444361850,2026063086883,R-20260630-36,20,TRBT-003,15
2026-06-30,CEDI-01,0444361850,2026063086883,R-20260630-36,20,SVC-002,45
2026-06-30,CEDI-01,0418002867,2026063029928,R-20260630-36,22,TRBT-006,40
2026-06-30,CEDI-01,0418002867,2026063029928,R-20260630-36,22,TRBT-002,45
2026-06-30,CEDI-01,0418002867,2026063029928,R-20260630-36,22,TRBT-001,15
2026-06-30,CEDI-01,0418002867,2026063029928,R-20260630-36,22,ACC-004,40
2026-06-30,CEDI-01,0418002867,2026063029928,R-20260630-36,22,CONS-003,30
2026-06-30,CEDI-01,0418002867,2026063029928,R-20260630-36,22,SVC-001,20
2026-06-30,CEDI-01,0418002867,2026063029928,R-20260630-36,22,ACC-001,25
2026-06-30,CEDI-01,0418002867,2026063029928,R-20260630-36,22,SVC-002,35
2026-06-30,CEDI-01,0418002867,2026063029928,R-20260630-36,22,TRBT-007,45
2026-06-30,CEDI-01,0418002867,2026063029928,R-20260630-36,22,TRBT-010,5
2026-06-30,CEDI-01,0418002867,2026063029928,R-20260630-36,22,CONS-002,10
2026-06-30,CEDI-01,0418002867,2026063029928,R-20260630-36,22,ACC-002,5
2026-06-30,CEDI-01,0418002867,2026063029928,R-20260630-36,22,CONS-001,15
2026-06-30,CEDI-01,0418002867,2026063029928,R-20260630-36,22,TRBT-004,40
2026-06-30,CEDI-01,0418002867,2026063029928,R-20260630-36,22,TRBT-008,10
2026-06-30,CEDI-01,0418002867,2026063029928,R-20260630-36,22,TRBT-009,30
2026-06-30,CEDI-01,0418002867,2026063029928,R-20260630-36,22,ACC-003,40
2026-06-30,CEDI-01,0341928936,2026063045152,R-20260630-36,26,SVC-002,15
2026-06-30,CEDI-01,0341928936,2026063045152,R-20260630-36,26,CONS-002,25
2026-06-30,CEDI-01,0341928936,2026063045152,R-20260630-36,26,TRBT-010,10
2026-06-30,CEDI-01,0341928936,2026063045152,R-20260630-36,26,ACC-001,25
2026-06-30,CEDI-01,0341928936,2026063045152,R-20260630-36,26,ACC-004,50
2026-06-30,CEDI-01,0341928936,2026063045152,R-20260630-36,26,TRBT-009,15
2026-06-30,CEDI-01,0341928936,2026063045152,R-20260630-36,26,TRBT-007,50
2026-06-30,CEDI-01,0341928936,2026063045152,R-20260630-36,26,CONS-003,35
2026-06-30,CEDI-01,0341928936,2026063045152,R-20260630-36,26,SVC-001,50
2026-06-30,CEDI-01,0341928936,2026063045152,R-20260630-36,26,TRBT-003,50
2026-06-30,CEDI-01,0341928936,2026063045152,R-20260630-36,26,TRBT-004,40
2026-06-30,CEDI-01,0733438194,2026063089309,R-20260630-36,7,SVC-001,35
2026-06-30,CEDI-01,0733438194,2026063089309,R-20260630-36,7,TRBT-002,10
2026-06-30,CEDI-01,0733438194,2026063089309,R-20260630-36,7,CONS-003,10
2026-06-30,CEDI-01,0733438194,2026063089309,R-20260630-36,7,TRBT-001,20
2026-06-30,CEDI-01,0733438194,2026063089309,R-20260630-36,7,ACC-001,20
2026-06-30,CEDI-01,0733438194,2026063089309,R-20260630-36,7,TRBT-009,20
2026-06-30,CEDI-01,0733438194,2026063089309,R-20260630-36,7,ACC-003,40
2026-06-30,CEDI-01,0733438194,2026063089309,R-20260630-36,7,TRBT-003,15
2026-06-30,CEDI-01,0733438194,2026063089309,R-20260630-36,7,TRBT-006,35
2026-06-30,CEDI-01,0733438194,2026063089309,R-20260630-36,7,TRBT-005,15
2026-06-30,CEDI-01,0733438194,2026063089309,R-20260630-36,7,CONS-001,20
2026-06-30,CEDI-01,0733438194,2026063089309,R-20260630-36,7,TRBT-004,5
2026-06-30,CEDI-01,0733438194,2026063089309,R-20260630-36,7,SVC-002,30
2026-06-30,CEDI-01,0733438194,2026063089309,R-20260630-36,7,TRBT-008,25
2026-06-30,CEDI-01,0733438194,2026063089309,R-20260630-36,7,TRBT-007,45
2026-06-30,CEDI-01,0151251033,2026063040303,R-20260630-36,35,TRBT-003,25
2026-06-30,CEDI-01,0151251033,2026063040303,R-20260630-36,35,TRBT-001,25
2026-06-30,CEDI-01,0151251033,2026063040303,R-20260630-36,35,TRBT-002,5
2026-06-30,CEDI-01,0151251033,2026063040303,R-20260630-36,35,SVC-002,10
2026-06-30,CEDI-01,0151251033,2026063040303,R-20260630-36,35,SVC-001,45
2026-06-30,CEDI-01,0176716248,2026063069735,R-20260630-36,32,ACC-002,45
2026-06-30,CEDI-01,0176716248,2026063069735,R-20260630-36,32,TRBT-007,15
2026-06-30,CEDI-01,0176716248,2026063069735,R-20260630-36,32,TRBT-004,45
2026-06-30,CEDI-01,0176716248,2026063069735,R-20260630-36,32,TRBT-010,30
2026-06-30,CEDI-01,0176716248,2026063069735,R-20260630-36,32,TRBT-008,30
2026-06-30,CEDI-01,0176716248,2026063069735,R-20260630-36,32,ACC-001,35
2026-06-30,CEDI-01,0176716248,2026063069735,R-20260630-36,32,TRBT-009,40
2026-06-30,CEDI-01,0176716248,2026063069735,R-20260630-36,32,TRBT-006,20
2026-06-30,CEDI-01,0176716248,2026063069735,R-20260630-36,32,SVC-002,10
2026-06-30,CEDI-01,0176716248,2026063069735,R-20260630-36,32,ACC-003,40
2026-06-30,CEDI-01,0176716248,2026063069735,R-20260630-36,32,ACC-004,35
2026-06-30,CEDI-01,0176716248,2026063069735,R-20260630-36,32,TRBT-003,20
2026-06-30,CEDI-01,0176716248,2026063069735,R-20260630-36,32,SVC-001,20
2026-06-30,CEDI-01,0176716248,2026063069735,R-20260630-36,32,TRBT-002,25
2026-06-30,CEDI-01,0517603449,2026063017196,R-20260630-36,17,CONS-002,10
2026-06-30,CEDI-01,0517603449,2026063017196,R-20260630-36,17,TRBT-002,10
2026-06-30,CEDI-01,0517603449,2026063017196,R-20260630-36,17,ACC-003,40
2026-06-30,CEDI-01,0517603449,2026063017196,R-20260630-36,17,TRBT-001,50
2026-06-30,CEDI-01,0517603449,2026063017196,R-20260630-36,17,TRBT-003,10
2026-06-30,CEDI-01,0517603449,2026063017196,R-20260630-36,17,TRBT-005,35
2026-06-30,CEDI-01,0517603449,2026063017196,R-20260630-36,17,TRBT-006,45
2026-06-30,CEDI-01,0517603449,2026063017196,R-20260630-36,17,TRBT-009,45
2026-06-30,CEDI-01,0155003550,2026063052990,R-20260630-36,34,TRBT-005,20
2026-06-30,CEDI-01,0155003550,2026063052990,R-20260630-36,34,TRBT-006,40
2026-06-30,CEDI-01,0155003550,2026063052990,R-20260630-36,34,SVC-001,10
2026-06-30,CEDI-01,0110605431,2026063062428,R-20260630-36,37,SVC-001,50
2026-06-30,CEDI-01,0110605431,2026063062428,R-20260630-36,37,TRBT-009,25
2026-06-30,CEDI-01,0110605431,2026063062428,R-20260630-36,37,CONS-002,40
2026-06-30,CEDI-01,0110605431,2026063062428,R-20260630-36,37,TRBT-004,25
2026-06-30,CEDI-01,0110605431,2026063062428,R-20260630-36,37,TRBT-006,50
2026-06-30,CEDI-01,0110605431,2026063062428,R-20260630-36,37,TRBT-005,5
2026-06-30,CEDI-01,0796047564,2026063016359,R-20260630-36,5,TRBT-005,5
2026-06-30,CEDI-01,0796047564,2026063016359,R-20260630-36,5,TRBT-007,35
2026-06-30,CEDI-01,0796047564,2026063016359,R-20260630-36,5,SVC-001,30
2026-06-30,CEDI-01,0796047564,2026063016359,R-20260630-36,5,TRBT-009,25
2026-06-30,CEDI-01,0796047564,2026063016359,R-20260630-36,5,TRBT-008,45
2026-06-30,CEDI-01,0796047564,2026063016359,R-20260630-36,5,TRBT-006,45
2026-06-30,CEDI-01,0796047564,2026063016359,R-20260630-36,5,TRBT-002,25
2026-06-30,CEDI-01,0796047564,2026063016359,R-20260630-36,5,CONS-003,20
2026-06-30,CEDI-01,0796047564,2026063016359,R-20260630-36,5,ACC-002,20
2026-06-30,CEDI-01,0796047564,2026063016359,R-20260630-36,5,ACC-004,15
2026-06-30,CEDI-01,0796047564,2026063016359,R-20260630-36,5,TRBT-010,40
2026-06-30,CEDI-01,0796047564,2026063016359,R-20260630-36,5,TRBT-001,15
2026-06-30,CEDI-01,0796047564,2026063016359,R-20260630-36,5,CONS-001,15
2026-06-30,CEDI-01,0796047564,2026063016359,R-20260630-36,5,SVC-002,5
2026-06-30,CEDI-01,0796047564,2026063016359,R-20260630-36,5,CONS-002,15
2026-06-30,CEDI-01,0412236352,2026063040434,R-20260630-36,23,TRBT-001,35
2026-06-30,CEDI-01,0412236352,2026063040434,R-20260630-36,23,TRBT-007,10
2026-06-30,CEDI-01,0412236352,2026063040434,R-20260630-36,23,ACC-003,20
2026-06-30,CEDI-01,0412236352,2026063040434,R-20260630-36,23,SVC-001,45
2026-06-30,CEDI-01,0364355040,2026063033443,R-20260630-36,25,TRBT-010,35
2026-06-30,CEDI-01,0364355040,2026063033443,R-20260630-36,25,TRBT-003,40
2026-06-30,CEDI-01,0364355040,2026063033443,R-20260630-36,25,TRBT-002,5
2026-06-30,CEDI-01,0364355040,2026063033443,R-20260630-36,25,TRBT-001,35
2026-06-30,CEDI-01,0364355040,2026063033443,R-20260630-36,25,SVC-002,20
2026-06-30,CEDI-01,0364355040,2026063033443,R-20260630-36,25,ACC-001,50
2026-06-30,CEDI-01,0364355040,2026063033443,R-20260630-36,25,CONS-001,25
2026-06-30,CEDI-01,0364355040,2026063033443,R-20260630-36,25,TRBT-006,30
2026-06-30,CEDI-01,0364355040,2026063033443,R-20260630-36,25,CONS-003,15
2026-06-30,CEDI-01,0364355040,2026063033443,R-20260630-36,25,CONS-002,50
2026-06-30,CEDI-01,0364355040,2026063033443,R-20260630-36,25,ACC-003,40
2026-06-30,CEDI-01,0364355040,2026063033443,R-20260630-36,25,TRBT-009,45
2026-06-30,CEDI-01,0364355040,2026063033443,R-20260630-36,25,ACC-002,40
2026-06-30,CEDI-01,0364355040,2026063033443,R-20260630-36,25,TRBT-008,25
2026-06-30,CEDI-01,0364355040,2026063033443,R-20260630-36,25,ACC-004,50
2026-06-30,CEDI-01,0364355040,2026063033443,R-20260630-36,25,SVC-001,30
2026-06-30,CEDI-01,0364355040,2026063033443,R-20260630-36,25,TRBT-005,30
2026-06-30,CEDI-01,0364355040,2026063033443,R-20260630-36,25,TRBT-004,5
2026-06-30,CEDI-01,0364355040,2026063033443,R-20260630-36,25,TRBT-007,45
2026-06-30,CEDI-01,0240643671,2026063081595,R-20260630-36,28,TRBT-008,25
2026-06-30,CEDI-01,0240643671,2026063081595,R-20260630-36,28,ACC-003,20
2026-06-30,CEDI-01,0240643671,2026063081595,R-20260630-36,28,CONS-001,45
2026-06-30,CEDI-01,0240643671,2026063081595,R-20260630-36,28,TRBT-003,25
2026-06-30,CEDI-01,0240643671,2026063081595,R-20260630-36,28,TRBT-006,15
2026-06-30,CEDI-01,0240643671,2026063081595,R-20260630-36,28,TRBT-007,25
2026-06-30,CEDI-01,0120436169,2026063013048,R-20260630-36,36,TRBT-001,45
2026-06-30,CEDI-01,0120436169,2026063013048,R-20260630-36,36,ACC-001,25
2026-06-30,CEDI-01,0120436169,2026063013048,R-20260630-36,36,CONS-001,5
2026-06-30,CEDI-01,0120436169,2026063013048,R-20260630-36,36,TRBT-007,30
2026-06-30,CEDI-01,0120436169,2026063013048,R-20260630-36,36,ACC-003,35
2026-06-30,CEDI-01,0120436169,2026063013048,R-20260630-36,36,SVC-001,40
2026-06-30,CEDI-01,0120436169,2026063013048,R-20260630-36,36,TRBT-010,25
2026-06-30,CEDI-01,0120436169,2026063013048,R-20260630-36,36,TRBT-009,20
2026-06-30,CEDI-01,0120436169,2026063013048,R-20260630-36,36,TRBT-006,10
2026-06-30,CEDI-01,0120436169,2026063013048,R-20260630-36,36,ACC-002,45
2026-06-30,CEDI-01,0120436169,2026063013048,R-20260630-36,36,TRBT-003,45
2026-06-30,CEDI-01,0120436169,2026063013048,R-20260630-36,36,TRBT-008,50
2026-06-30,CEDI-01,0120436169,2026063013048,R-20260630-36,36,ACC-004,50
2026-06-30,CEDI-01,0120436169,2026063013048,R-20260630-36,36,TRBT-005,25
2026-06-30,CEDI-01,0120436169,2026063013048,R-20260630-36,36,TRBT-002,5
2026-06-30,CEDI-01,0190045448,2026063048214,R-20260630-36,31,TRBT-004,25
2026-06-30,CEDI-01,0190045448,2026063048214,R-20260630-36,31,TRBT-010,45
2026-06-30,CEDI-01,0190045448,2026063048214,R-20260630-36,31,ACC-001,50
2026-06-30,CEDI-01,0190045448,2026063048214,R-20260630-36,31,SVC-001,35
2026-06-30,CEDI-01,0190045448,2026063048214,R-20260630-36,31,TRBT-006,40
2026-06-30,CEDI-01,0190045448,2026063048214,R-20260630-36,31,TRBT-007,25
2026-06-30,CEDI-01,0190045448,2026063048214,R-20260630-36,31,CONS-003,45
2026-06-30,CEDI-01,0190045448,2026063048214,R-20260630-36,31,TRBT-008,30
2026-06-30,CEDI-01,0190045448,2026063048214,R-20260630-36,31,TRBT-002,45
2026-06-30,CEDI-01,0190045448,2026063048214,R-20260630-36,31,TRBT-009,45
2026-06-30,CEDI-01,0190045448,2026063048214,R-20260630-36,31,TRBT-001,5
2026-06-30,CEDI-01,0190045448,2026063048214,R-20260630-36,31,TRBT-003,5
2026-06-30,CEDI-01,0190045448,2026063048214,R-20260630-36,31,CONS-002,40
2026-06-30,CEDI-01,0190045448,2026063048214,R-20260630-36,31,ACC-003,20
2026-06-30,CEDI-01,0190045448,2026063048214,R-20260630-36,31,TRBT-005,25
2026-06-30,CEDI-01,0190045448,2026063048214,R-20260630-36,31,ACC-004,10
2026-06-30,CEDI-01,0190045448,2026063048214,R-20260630-36,31,SVC-002,40
2026-06-30,CEDI-01,0630268941,2026063095419,R-20260630-36,14,ACC-003,25
2026-06-30,CEDI-01,0630268941,2026063095419,R-20260630-36,14,CONS-001,25
2026-06-30,CEDI-01,0630268941,2026063095419,R-20260630-36,14,CONS-003,15
2026-06-30,CEDI-01,0630268941,2026063095419,R-20260630-36,14,TRBT-007,5
2026-06-30,CEDI-01,0630268941,2026063095419,R-20260630-36,14,TRBT-008,45
2026-06-30,CEDI-01,0630268941,2026063095419,R-20260630-36,14,ACC-001,45
2026-06-30,CEDI-01,0630268941,2026063095419,R-20260630-36,14,TRBT-002,5
2026-06-30,CEDI-01,0630268941,2026063095419,R-20260630-36,14,CONS-002,40
2026-06-30,CEDI-01,0630268941,2026063095419,R-20260630-36,14,TRBT-010,15
2026-06-30,CEDI-01,0630268941,2026063095419,R-20260630-36,14,ACC-004,50
2026-06-30,CEDI-01,0887307307,2026063047714,R-20260630-36,4,CONS-001,45
2026-06-30,CEDI-01,0887307307,2026063047714,R-20260630-36,4,SVC-002,50
2026-06-30,CEDI-01,0887307307,2026063047714,R-20260630-36,4,TRBT-001,25
2026-06-30,CEDI-01,0887307307,2026063047714,R-20260630-36,4,TRBT-006,35
2026-06-30,CEDI-01,0887307307,2026063047714,R-20260630-36,4,SVC-001,45
2026-06-30,CEDI-01,0887307307,2026063047714,R-20260630-36,4,ACC-004,45
2026-06-30,CEDI-01,0887307307,2026063047714,R-20260630-36,4,TRBT-010,20
2026-06-30,CEDI-01,0887307307,2026063047714,R-20260630-36,4,ACC-001,50
2026-06-30,CEDI-01,0887307307,2026063047714,R-20260630-36,4,TRBT-009,15
2026-06-30,CEDI-01,0887307307,2026063047714,R-20260630-36,4,TRBT-008,15
2026-06-30,CEDI-01,0887307307,2026063047714,R-20260630-36,4,CONS-003,5
2026-06-30,CEDI-01,0887307307,2026063047714,R-20260630-36,4,TRBT-002,35
2026-06-30,CEDI-01,0887307307,2026063047714,R-20260630-36,4,TRBT-005,15
2026-06-30,CEDI-01,0887307307,2026063047714,R-20260630-36,4,TRBT-007,10
2026-06-30,CEDI-01,0887307307,2026063047714,R-20260630-36,4,ACC-003,25
2026-06-30,CEDI-01,0887307307,2026063047714,R-20260630-36,4,CONS-002,30
2026-06-30,CEDI-01,0887307307,2026063047714,R-20260630-36,4,TRBT-003,50
2026-06-30,CEDI-01,0887307307,2026063047714,R-20260630-36,4,TRBT-004,30
2026-06-30,CEDI-01,0476992085,2026063011882,R-20260630-36,18,CONS-002,45
2026-06-30,CEDI-01,0476992085,2026063011882,R-20260630-36,18,TRBT-003,35
2026-06-30,CEDI-01,0476992085,2026063011882,R-20260630-36,18,TRBT-008,50
2026-06-30,CEDI-01,0476992085,2026063011882,R-20260630-36,18,TRBT-002,15
2026-06-30,CEDI-01,0476992085,2026063011882,R-20260630-36,18,TRBT-001,15
2026-06-30,CEDI-01,0476992085,2026063011882,R-20260630-36,18,TRBT-006,15
2026-06-30,CEDI-01,0476992085,2026063011882,R-20260630-36,18,CONS-003,40
2026-06-30,CEDI-01,0476992085,2026063011882,R-20260630-36,18,TRBT-007,20
2026-06-30,CEDI-01,0476992085,2026063011882,R-20260630-36,18,ACC-002,25
2026-06-30,CEDI-01,0476992085,2026063011882,R-20260630-36,18,TRBT-009,15
2026-06-30,CEDI-01,0476992085,2026063011882,R-20260630-36,18,ACC-003,45
2026-06-30,CEDI-01,0476992085,2026063011882,R-20260630-36,18,ACC-001,20
2026-06-30,CEDI-01,0476992085,2026063011882,R-20260630-36,18,TRBT-010,15
2026-06-30,CEDI-01,0476992085,2026063011882,R-20260630-36,18,TRBT-005,15
2026-06-30,CEDI-01,0476992085,2026063011882,R-20260630-36,18,SVC-001,45
2026-06-30,CEDI-01,0476992085,2026063011882,R-20260630-36,18,TRBT-004,30
2026-06-30,CEDI-01,0476992085,2026063011882,R-20260630-36,18,SVC-002,10
2026-06-30,CEDI-01,0476992085,2026063011882,R-20260630-36,18,ACC-004,25
2026-06-30,CEDI-01,0476992085,2026063011882,R-20260630-36,18,CONS-001,10
2026-06-30,CEDI-01,0793437208,2026063048753,R-20260630-36,6,TRBT-008,5
2026-06-30,CEDI-01,0793437208,2026063048753,R-20260630-36,6,SVC-002,35
2026-06-30,CEDI-01,0793437208,2026063048753,R-20260630-36,6,TRBT-007,10
2026-06-30,CEDI-01,0793437208,2026063048753,R-20260630-36,6,TRBT-004,5
2026-06-30,CEDI-01,0793437208,2026063048753,R-20260630-36,6,TRBT-006,20
2026-06-30,CEDI-01,0793437208,2026063048753,R-20260630-36,6,TRBT-002,10
2026-06-30,CEDI-01,0793437208,2026063048753,R-20260630-36,6,ACC-003,20
2026-06-30,CEDI-01,0793437208,2026063048753,R-20260630-36,6,ACC-002,20
2026-06-30,CEDI-01,0793437208,2026063048753,R-20260630-36,6,TRBT-003,25
2026-06-30,CEDI-01,0292450588,2026063049524,R-20260630-36,27,TRBT-008,15
2026-06-30,CEDI-01,0292450588,2026063049524,R-20260630-36,27,CONS-003,5
2026-06-30,CEDI-01,0292450588,2026063049524,R-20260630-36,27,ACC-002,40
2026-06-30,CEDI-01,0292450588,2026063049524,R-20260630-36,27,CONS-001,5
2026-06-30,CEDI-01,0292450588,2026063049524,R-20260630-36,27,SVC-002,30
2026-06-30,CEDI-01,0292450588,2026063049524,R-20260630-36,27,TRBT-005,35
2026-06-30,CEDI-01,0292450588,2026063049524,R-20260630-36,27,TRBT-007,45
2026-06-30,CEDI-01,0292450588,2026063049524,R-20260630-36,27,TRBT-003,35
2026-06-30,CEDI-01,0292450588,2026063049524,R-20260630-36,27,TRBT-009,10
2026-06-30,CEDI-01,0292450588,2026063049524,R-20260630-36,27,ACC-004,30
2026-06-30,CEDI-01,0292450588,2026063049524,R-20260630-36,27,TRBT-001,15
2026-06-30,CEDI-01,0292450588,2026063049524,R-20260630-36,27,TRBT-002,10
2026-06-30,CEDI-01,0687122596,2026063095430,R-20260630-36,10,ACC-004,15
2026-06-30,CEDI-01,0687122596,2026063095430,R-20260630-36,10,TRBT-004,50
2026-06-30,CEDI-01,0687122596,2026063095430,R-20260630-36,10,TRBT-006,45
2026-06-30,CEDI-01,0687122596,2026063095430,R-20260630-36,10,TRBT-005,20
2026-06-30,CEDI-01,0687122596,2026063095430,R-20260630-36,10,TRBT-009,30
2026-06-30,CEDI-01,0687122596,2026063095430,R-20260630-36,10,CONS-002,10
2026-06-30,CEDI-01,0687122596,2026063095430,R-20260630-36,10,ACC-001,10
2026-06-30,CEDI-01,0687122596,2026063095430,R-20260630-36,10,SVC-001,40
2026-06-30,CEDI-01,0687122596,2026063095430,R-20260630-36,10,SVC-002,45
2026-06-30,CEDI-01,0687122596,2026063095430,R-20260630-36,10,TRBT-002,30
2026-06-30,CEDI-01,0687122596,2026063095430,R-20260630-36,10,ACC-002,45
2026-06-30,CEDI-01,0687122596,2026063095430,R-20260630-36,10,TRBT-007,35
2026-06-30,CEDI-01,0687122596,2026063095430,R-20260630-36,10,TRBT-001,45
2026-06-30,CEDI-01,0687122596,2026063095430,R-20260630-36,10,TRBT-010,45
2026-06-30,CEDI-01,0687122596,2026063095430,R-20260630-36,10,ACC-003,30
2026-06-30,CEDI-01,0687122596,2026063095430,R-20260630-36,10,TRBT-003,25
2026-06-30,CEDI-01,0687122596,2026063095430,R-20260630-36,10,TRBT-008,20
2026-06-30,CEDI-01,0687122596,2026063095430,R-20260630-36,10,CONS-003,30
2026-06-30,CEDI-01,0459643680,2026063054148,R-20260630-36,19,SVC-002,40
2026-06-30,CEDI-01,0459643680,2026063054148,R-20260630-36,19,TRBT-007,40
2026-06-30,CEDI-01,0459643680,2026063054148,R-20260630-36,19,TRBT-006,15
2026-06-30,CEDI-01,0459643680,2026063054148,R-20260630-36,19,TRBT-005,10
2026-06-30,CEDI-01,0459643680,2026063054148,R-20260630-36,19,ACC-003,50
2026-06-30,CEDI-01,0459643680,2026063054148,R-20260630-36,19,TRBT-002,45
2026-06-30,CEDI-01,0459643680,2026063054148,R-20260630-36,19,TRBT-001,5
2026-06-30,CEDI-01,0459643680,2026063054148,R-20260630-36,19,ACC-001,30
2026-06-30,CEDI-01,0459643680,2026063054148,R-20260630-36,19,CONS-002,15
2026-06-30,CEDI-01,0459643680,2026063054148,R-20260630-36,19,TRBT-010,30
2026-06-30,CEDI-01,0459643680,2026063054148,R-20260630-36,19,SVC-001,50
2026-06-30,CEDI-01,0459643680,2026063054148,R-20260630-36,19,TRBT-003,50
2026-06-30,CEDI-01,0459643680,2026063054148,R-20260630-36,19,TRBT-008,25
2026-06-30,CEDI-01,0459643680,2026063054148,R-20260630-36,19,TRBT-009,25
2026-06-30,CEDI-01,0459643680,2026063054148,R-20260630-36,19,CONS-001,40
2026-06-30,CEDI-01,0459643680,2026063054148,R-20260630-36,19,ACC-004,45
2026-06-30,CEDI-01,0518475720,2026063021676,R-20260630-36,16,TRBT-004,30
2026-06-30,CEDI-01,0518475720,2026063021676,R-20260630-36,16,ACC-002,30
2026-06-30,CEDI-01,0680504148,2026063054535,R-20260630-36,11,TRBT-008,20
2026-06-30,CEDI-01,0680504148,2026063054535,R-20260630-36,11,ACC-004,10
2026-06-30,CEDI-01,0680504148,2026063054535,R-20260630-36,11,TRBT-007,15
2026-06-30,CEDI-01,0731514705,2026063010069,R-20260630-36,8,TRBT-003,10
2026-06-30,CEDI-01,0731514705,2026063010069,R-20260630-36,8,CONS-002,30
2026-06-30,CEDI-01,0731514705,2026063010069,R-20260630-36,8,TRBT-002,50
2026-06-30,CEDI-01,0731514705,2026063010069,R-20260630-36,8,TRBT-005,50
2026-06-30,CEDI-01,0731514705,2026063010069,R-20260630-36,8,TRBT-006,35
2026-06-30,CEDI-01,0731514705,2026063010069,R-20260630-36,8,TRBT-008,50
2026-06-30,CEDI-01,0065557012,2026063072673,R-20260630-36,39,TRBT-001,50
2026-06-30,CEDI-01,0065557012,2026063072673,R-20260630-36,39,SVC-002,35
2026-06-30,CEDI-01,0065557012,2026063072673,R-20260630-36,39,SVC-001,40
2026-06-30,CEDI-01,0065557012,2026063072673,R-20260630-36,39,ACC-003,30
2026-06-30,CEDI-01,0065557012,2026063072673,R-20260630-36,39,TRBT-004,15
2026-06-30,CEDI-01,0065557012,2026063072673,R-20260630-36,39,ACC-004,50
2026-06-30,CEDI-01,0065557012,2026063072673,R-20260630-36,39,ACC-001,20
2026-06-30,CEDI-01,0065557012,2026063072673,R-20260630-36,39,CONS-001,25
2026-06-30,CEDI-01,0065557012,2026063072673,R-20260630-36,39,TRBT-008,25
2026-06-30,CEDI-01,0065557012,2026063072673,R-20260630-36,39,CONS-002,25
2026-06-30,CEDI-01,0065557012,2026063072673,R-20260630-36,39,TRBT-002,30
2026-06-30,CEDI-01,0065557012,2026063072673,R-20260630-36,39,CONS-003,50
2026-06-30,CEDI-01,0065557012,2026063072673,R-20260630-36,39,TRBT-007,15
2026-06-30,CEDI-01,0065557012,2026063072673,R-20260630-36,39,TRBT-010,25
2026-06-30,CEDI-01,0065557012,2026063072673,R-20260630-36,39,TRBT-006,10
2026-06-30,CEDI-01,0065557012,2026063072673,R-20260630-36,39,ACC-002,5
2026-06-30,CEDI-01,0065557012,2026063072673,R-20260630-36,39,TRBT-003,10
2026-06-30,CEDI-01,0065557012,2026063072673,R-20260630-36,39,TRBT-009,30
2026-06-30,CEDI-01,0909845775,2026063034393,R-20260630-36,3,TRBT-007,45
2026-06-30,CEDI-01,0909845775,2026063034393,R-20260630-36,3,ACC-004,35
2026-06-30,CEDI-01,0909845775,2026063034393,R-20260630-36,3,TRBT-005,25
2026-06-30,CEDI-01,0909845775,2026063034393,R-20260630-36,3,TRBT-008,10
2026-06-30,CEDI-01,0909845775,2026063034393,R-20260630-36,3,ACC-002,50
2026-06-30,CEDI-01,0909845775,2026063034393,R-20260630-36,3,SVC-002,20
2026-06-30,CEDI-01,0909845775,2026063034393,R-20260630-36,3,CONS-002,30
2026-06-30,CEDI-01,0909845775,2026063034393,R-20260630-36,3,ACC-003,45
2026-06-30,CEDI-01,0092006338,2026063047050,R-20260630-36,38,TRBT-009,45
2026-06-30,CEDI-01,0092006338,2026063047050,R-20260630-36,38,SVC-002,5
2026-06-30,CEDI-01,0092006338,2026063047050,R-20260630-36,38,ACC-003,45
2026-06-30,CEDI-01,0092006338,2026063047050,R-20260630-36,38,SVC-001,20
2026-06-30,CEDI-01,0092006338,2026063047050,R-20260630-36,38,TRBT-005,25
2026-06-30,CEDI-01,0092006338,2026063047050,R-20260630-36,38,TRBT-001,10
2026-06-30,CEDI-01,0092006338,2026063047050,R-20260630-36,38,TRBT-004,25
2026-06-30,CEDI-01,0092006338,2026063047050,R-20260630-36,38,CONS-003,25
2026-06-30,CEDI-01,0059134859,2026063035815,R-20260630-36,40,SVC-001,25
2026-06-30,CEDI-01,0059134859,2026063035815,R-20260630-36,40,TRBT-006,45
2026-06-30,CEDI-01,0059134859,2026063035815,R-20260630-36,40,ACC-004,30
2026-06-30,CEDI-01,0059134859,2026063035815,R-20260630-36,40,TRBT-008,15
2026-06-30,CEDI-01,0059134859,2026063035815,R-20260630-36,40,CONS-003,40
2026-06-30,CEDI-01,0059134859,2026063035815,R-20260630-36,40,CONS-001,10
2026-06-30,CEDI-01,0059134859,2026063035815,R-20260630-36,40,ACC-001,30
2026-06-30,CEDI-01,0547731556,2026063062736,R-20260630-36,15,ACC-002,10
2026-06-30,CEDI-01,0547731556,2026063062736,R-20260630-36,15,TRBT-008,15
2026-06-30,CEDI-01,0547731556,2026063062736,R-20260630-36,15,TRBT-001,10
2026-06-30,CEDI-01,0547731556,2026063062736,R-20260630-36,15,SVC-002,5
2026-06-30,CEDI-01,0547731556,2026063062736,R-20260630-36,15,ACC-003,5
2026-06-30,CEDI-01,0547731556,2026063062736,R-20260630-36,15,TRBT-003,15
2026-06-30,CEDI-01,0547731556,2026063062736,R-20260630-36,15,CONS-003,5
2026-06-30,CEDI-01,0547731556,2026063062736,R-20260630-36,15,TRBT-009,45
2026-06-30,CEDI-01,0547731556,2026063062736,R-20260630-36,15,ACC-004,10
2026-06-30,CEDI-01,0547731556,2026063062736,R-20260630-36,15,TRBT-005,45
2026-06-30,CEDI-01,0547731556,2026063062736,R-20260630-36,15,TRBT-002,35
2026-06-30,CEDI-01,0547731556,2026063062736,R-20260630-36,15,CONS-001,45
2026-06-30,CEDI-01,0547731556,2026063062736,R-20260630-36,15,TRBT-006,15
2026-06-30,CEDI-01,0547731556,2026063062736,R-20260630-36,15,ACC-001,5
2026-06-30,CEDI-01,0999644574,2026063097489,R-20260630-36,1,TRBT-002,40
2026-06-30,CEDI-01,0999644574,2026063097489,R-20260630-36,1,TRBT-001,30
2026-06-30,CEDI-01,0999644574,2026063097489,R-20260630-36,1,CONS-003,10
2026-06-30,CEDI-01,0999644574,2026063097489,R-20260630-36,1,ACC-001,5
2026-06-30,CEDI-01,0999644574,2026063097489,R-20260630-36,1,ACC-004,30
2026-06-30,CEDI-01,0999644574,2026063097489,R-20260630-36,1,ACC-003,30
2026-06-30,CEDI-01,0999644574,2026063097489,R-20260630-36,1,TRBT-007,45
2026-06-30,CEDI-01,0999644574,2026063097489,R-20260630-36,1,CONS-002,45
2026-06-30,CEDI-01,0230407481,2026063044774,R-20260630-36,29,ACC-002,25
2026-06-30,CEDI-01,0230407481,2026063044774,R-20260630-36,29,TRBT-009,15
2026-06-30,CEDI-01,0230407481,2026063044774,R-20260630-36,29,ACC-003,15
2026-06-30,CEDI-01,0230407481,2026063044774,R-20260630-36,29,CONS-002,25
2026-06-30,CEDI-01,0230407481,2026063044774,R-20260630-36,29,TRBT-004,40
2026-06-30,CEDI-01,0674816961,2026063033761,R-20260630-36,12,TRBT-002,35
2026-06-30,CEDI-01,0674816961,2026063033761,R-20260630-36,12,CONS-002,15
2026-06-30,CEDI-01,0644216463,2026063076362,R-20260630-36,13,CONS-003,30
2026-06-30,CEDI-01,0644216463,2026063076362,R-20260630-36,13,ACC-003,25
2026-06-30,CEDI-01,0644216463,2026063076362,R-20260630-36,13,TRBT-004,10
2026-06-30,CEDI-01,0644216463,2026063076362,R-20260630-36,13,CONS-002,10
2026-06-30,CEDI-01,0644216463,2026063076362,R-20260630-36,13,TRBT-001,50
2026-06-30,CEDI-01,0644216463,2026063076362,R-20260630-36,13,TRBT-002,40
2026-06-30,CEDI-01,0644216463,2026063076362,R-20260630-36,13,TRBT-007,30
2026-06-30,CEDI-01,0644216463,2026063076362,R-20260630-36,13,ACC-002,45
2026-06-30,CEDI-01,0644216463,2026063076362,R-20260630-36,13,TRBT-009,40
2026-06-30,CEDI-01,0644216463,2026063076362,R-20260630-36,13,TRBT-006,35
2026-06-30,CEDI-01,0644216463,2026063076362,R-20260630-36,13,SVC-002,50
2026-06-30,CEDI-01,0166968735,2026063018826,R-20260630-36,33,ACC-004,40
2026-06-30,CEDI-01,0166968735,2026063018826,R-20260630-36,33,TRBT-002,20
2026-06-30,CEDI-01,0429556654,2026063032516,R-20260630-36,21,ACC-001,50
2026-06-30,CEDI-01,0429556654,2026063032516,R-20260630-36,21,ACC-002,15
2026-06-30,CEDI-01,0429556654,2026063032516,R-20260630-36,21,TRBT-004,10
2026-06-30,CEDI-01,0429556654,2026063032516,R-20260630-36,21,TRBT-003,45
2026-06-30,CEDI-01,0429556654,2026063032516,R-20260630-36,21,TRBT-008,35
2026-06-30,CEDI-01,0429556654,2026063032516,R-20260630-36,21,SVC-002,35
2026-06-30,CEDI-01,0429556654,2026063032516,R-20260630-36,21,ACC-004,50
2026-06-30,CEDI-01,0429556654,2026063032516,R-20260630-36,21,TRBT-001,40
2026-06-30,CEDI-01,0429556654,2026063032516,R-20260630-36,21,SVC-001,10
2026-06-30,CEDI-01,0996129767,2026063032486,R-20260630-36,2,ACC-004,45
2026-06-30,CEDI-01,0996129767,2026063032486,R-20260630-36,2,TRBT-003,40
2026-06-30,CEDI-01,0996129767,2026063032486,R-20260630-36,2,ACC-001,5
2026-06-30,CEDI-01,0996129767,2026063032486,R-20260630-36,2,ACC-003,25
2026-06-30,CEDI-01,0996129767,2026063032486,R-20260630-36,2,TRBT-004,35
2026-06-30,CEDI-01,0996129767,2026063032486,R-20260630-36,2,TRBT-005,50
2026-06-30,CEDI-02,0906842609,2026063051120,R-20260630-32,2,TRBT-001,40
2026-06-30,CEDI-02,0906842609,2026063051120,R-20260630-32,2,TRBT-003,10
2026-06-30,CEDI-02,0906842609,2026063051120,R-20260630-32,2,TRBT-004,45
2026-06-30,CEDI-02,0906842609,2026063051120,R-20260630-32,2,SVC-001,35
2026-06-30,CEDI-02,0906842609,2026063051120,R-20260630-32,2,ACC-003,25
2026-06-30,CEDI-02,0906842609,2026063051120,R-20260630-32,2,CONS-001,50
2026-06-30,CEDI-02,0906842609,2026063051120,R-20260630-32,2,TRBT-007,50
2026-06-30,CEDI-02,0906842609,2026063051120,R-20260630-32,2,TRBT-005,25
2026-06-30,CEDI-02,0657938226,2026063031800,R-20260630-32,8,TRBT-002,45
2026-06-30,CEDI-02,0657938226,2026063031800,R-20260630-32,8,CONS-003,35
2026-06-30,CEDI-02,0657938226,2026063031800,R-20260630-32,8,CONS-002,25
2026-06-30,CEDI-02,0657938226,2026063031800,R-20260630-32,8,TRBT-004,45
2026-06-30,CEDI-02,0159863028,2026063034893,R-20260630-32,15,TRBT-010,15
2026-06-30,CEDI-02,0159863028,2026063034893,R-20260630-32,15,TRBT-008,25
2026-06-30,CEDI-02,0159863028,2026063034893,R-20260630-32,15,ACC-003,30
2026-06-30,CEDI-02,0159863028,2026063034893,R-20260630-32,15,SVC-002,15
2026-06-30,CEDI-02,0159863028,2026063034893,R-20260630-32,15,TRBT-004,10
2026-06-30,CEDI-02,0159863028,2026063034893,R-20260630-32,15,TRBT-007,20
2026-06-30,CEDI-02,0159863028,2026063034893,R-20260630-32,15,TRBT-002,30
2026-06-30,CEDI-02,0159863028,2026063034893,R-20260630-32,15,CONS-003,10
2026-06-30,CEDI-02,0159863028,2026063034893,R-20260630-32,15,TRBT-006,5
2026-06-30,CEDI-02,0159863028,2026063034893,R-20260630-32,15,TRBT-009,15
2026-06-30,CEDI-02,0159863028,2026063034893,R-20260630-32,15,ACC-002,50
2026-06-30,CEDI-02,0723123946,2026063079124,R-20260630-32,6,TRBT-004,35
2026-06-30,CEDI-02,0723123946,2026063079124,R-20260630-32,6,SVC-002,20
2026-06-30,CEDI-02,0723123946,2026063079124,R-20260630-32,6,CONS-001,10
2026-06-30,CEDI-02,0723123946,2026063079124,R-20260630-32,6,TRBT-002,15
2026-06-30,CEDI-02,0723123946,2026063079124,R-20260630-32,6,TRBT-006,50
2026-06-30,CEDI-02,0723123946,2026063079124,R-20260630-32,6,TRBT-008,40
2026-06-30,CEDI-02,0723123946,2026063079124,R-20260630-32,6,TRBT-005,5
2026-06-30,CEDI-02,0723123946,2026063079124,R-20260630-32,6,ACC-003,20
2026-06-30,CEDI-02,0723123946,2026063079124,R-20260630-32,6,TRBT-010,50
2026-06-30,CEDI-02,0723123946,2026063079124,R-20260630-32,6,TRBT-003,25
2026-06-30,CEDI-02,0723123946,2026063079124,R-20260630-32,6,TRBT-009,20
2026-06-30,CEDI-02,0723123946,2026063079124,R-20260630-32,6,TRBT-001,5
2026-06-30,CEDI-02,0723123946,2026063079124,R-20260630-32,6,SVC-001,20
2026-06-30,CEDI-02,0723123946,2026063079124,R-20260630-32,6,ACC-002,40
2026-06-30,CEDI-02,0662773635,2026063060924,R-20260630-32,7,TRBT-001,25
2026-06-30,CEDI-02,0662773635,2026063060924,R-20260630-32,7,TRBT-009,5
2026-06-30,CEDI-02,0662773635,2026063060924,R-20260630-32,7,TRBT-008,20
2026-06-30,CEDI-02,0662773635,2026063060924,R-20260630-32,7,TRBT-010,40
2026-06-30,CEDI-02,0662773635,2026063060924,R-20260630-32,7,CONS-001,10
2026-06-30,CEDI-02,0388303464,2026063024995,R-20260630-32,13,ACC-003,5
2026-06-30,CEDI-02,0388303464,2026063024995,R-20260630-32,13,TRBT-004,25
2026-06-30,CEDI-02,0388303464,2026063024995,R-20260630-32,13,ACC-004,30
2026-06-30,CEDI-02,0388303464,2026063024995,R-20260630-32,13,TRBT-003,45
2026-06-30,CEDI-02,0388303464,2026063024995,R-20260630-32,13,TRBT-010,50
2026-06-30,CEDI-02,0388303464,2026063024995,R-20260630-32,13,TRBT-001,20
2026-06-30,CEDI-02,0388303464,2026063024995,R-20260630-32,13,TRBT-002,30
2026-06-30,CEDI-02,0388303464,2026063024995,R-20260630-32,13,TRBT-008,20
2026-06-30,CEDI-02,0388303464,2026063024995,R-20260630-32,13,TRBT-007,50
2026-06-30,CEDI-02,0654302845,2026063030603,R-20260630-32,9,TRBT-005,50
2026-06-30,CEDI-02,0654302845,2026063030603,R-20260630-32,9,TRBT-004,30
2026-06-30,CEDI-02,0654302845,2026063030603,R-20260630-32,9,TRBT-002,35
2026-06-30,CEDI-02,0654302845,2026063030603,R-20260630-32,9,TRBT-006,10
2026-06-30,CEDI-02,0654302845,2026063030603,R-20260630-32,9,ACC-002,15
2026-06-30,CEDI-02,0654302845,2026063030603,R-20260630-32,9,ACC-001,10
2026-06-30,CEDI-02,0654302845,2026063030603,R-20260630-32,9,TRBT-003,50
2026-06-30,CEDI-02,0654302845,2026063030603,R-20260630-32,9,ACC-004,5
2026-06-30,CEDI-02,0654302845,2026063030603,R-20260630-32,9,ACC-003,15
2026-06-30,CEDI-02,0654302845,2026063030603,R-20260630-32,9,CONS-002,20
2026-06-30,CEDI-02,0654302845,2026063030603,R-20260630-32,9,TRBT-009,10
2026-06-30,CEDI-02,0654302845,2026063030603,R-20260630-32,9,CONS-001,5
2026-06-30,CEDI-02,0535011495,2026063052855,R-20260630-32,11,TRBT-001,10
2026-06-30,CEDI-02,0535011495,2026063052855,R-20260630-32,11,TRBT-006,45
2026-06-30,CEDI-02,0535011495,2026063052855,R-20260630-32,11,TRBT-003,15
2026-06-30,CEDI-02,0535011495,2026063052855,R-20260630-32,11,SVC-002,45
2026-06-30,CEDI-02,0535011495,2026063052855,R-20260630-32,11,CONS-001,5
2026-06-30,CEDI-02,0535011495,2026063052855,R-20260630-32,11,SVC-001,35
2026-06-30,CEDI-02,0535011495,2026063052855,R-20260630-32,11,ACC-004,50
2026-06-30,CEDI-02,0751167499,2026063073595,R-20260630-32,5,TRBT-004,40
2026-06-30,CEDI-02,0533721685,2026063098019,R-20260630-32,12,CONS-003,10
2026-06-30,CEDI-02,0533721685,2026063098019,R-20260630-32,12,TRBT-001,35
2026-06-30,CEDI-02,0533721685,2026063098019,R-20260630-32,12,TRBT-003,45
2026-06-30,CEDI-02,0533721685,2026063098019,R-20260630-32,12,ACC-004,10
2026-06-30,CEDI-02,0533721685,2026063098019,R-20260630-32,12,ACC-002,25
2026-06-30,CEDI-02,0533721685,2026063098019,R-20260630-32,12,TRBT-005,50
2026-06-30,CEDI-02,0533721685,2026063098019,R-20260630-32,12,CONS-001,45
2026-06-30,CEDI-02,0533721685,2026063098019,R-20260630-32,12,TRBT-004,15
2026-06-30,CEDI-02,0533721685,2026063098019,R-20260630-32,12,ACC-001,15
2026-06-30,CEDI-02,0533721685,2026063098019,R-20260630-32,12,SVC-001,35
2026-06-30,CEDI-02,0533721685,2026063098019,R-20260630-32,12,TRBT-009,40
2026-06-30,CEDI-02,0533721685,2026063098019,R-20260630-32,12,TRBT-002,25
2026-06-30,CEDI-02,0533721685,2026063098019,R-20260630-32,12,TRBT-006,45
2026-06-30,CEDI-02,0533721685,2026063098019,R-20260630-32,12,TRBT-008,50
2026-06-30,CEDI-02,0533721685,2026063098019,R-20260630-32,12,ACC-003,45
2026-06-30,CEDI-02,0533721685,2026063098019,R-20260630-32,12,SVC-002,45
2026-06-30,CEDI-02,0533721685,2026063098019,R-20260630-32,12,TRBT-007,30
2026-06-30,CEDI-02,0622294943,2026063019197,R-20260630-32,10,CONS-001,10
2026-06-30,CEDI-02,0622294943,2026063019197,R-20260630-32,10,TRBT-010,40
2026-06-30,CEDI-02,0622294943,2026063019197,R-20260630-32,10,TRBT-008,30
2026-06-30,CEDI-02,0622294943,2026063019197,R-20260630-32,10,TRBT-003,15
2026-06-30,CEDI-02,0622294943,2026063019197,R-20260630-32,10,ACC-002,40
2026-06-30,CEDI-02,0622294943,2026063019197,R-20260630-32,10,SVC-001,30
2026-06-30,CEDI-02,0622294943,2026063019197,R-20260630-32,10,TRBT-007,35
2026-06-30,CEDI-02,0622294943,2026063019197,R-20260630-32,10,ACC-001,20
2026-06-30,CEDI-02,0622294943,2026063019197,R-20260630-32,10,TRBT-001,45
2026-06-30,CEDI-02,0622294943,2026063019197,R-20260630-32,10,CONS-002,10
2026-06-30,CEDI-02,0622294943,2026063019197,R-20260630-32,10,TRBT-006,40
2026-06-30,CEDI-02,0622294943,2026063019197,R-20260630-32,10,ACC-004,50
2026-06-30,CEDI-02,0622294943,2026063019197,R-20260630-32,10,TRBT-004,20
2026-06-30,CEDI-02,0117241282,2026063049682,R-20260630-32,16,CONS-002,50
2026-06-30,CEDI-02,0117241282,2026063049682,R-20260630-32,16,TRBT-004,35
2026-06-30,CEDI-02,0117241282,2026063049682,R-20260630-32,16,TRBT-005,5
2026-06-30,CEDI-02,0117241282,2026063049682,R-20260630-32,16,CONS-001,25
2026-06-30,CEDI-02,0117241282,2026063049682,R-20260630-32,16,SVC-001,25
2026-06-30,CEDI-02,0117241282,2026063049682,R-20260630-32,16,TRBT-010,35
2026-06-30,CEDI-02,0117241282,2026063049682,R-20260630-32,16,TRBT-006,20
2026-06-30,CEDI-02,0117241282,2026063049682,R-20260630-32,16,SVC-002,30
2026-06-30,CEDI-02,0117241282,2026063049682,R-20260630-32,16,TRBT-003,50
2026-06-30,CEDI-02,0117241282,2026063049682,R-20260630-32,16,TRBT-002,15
2026-06-30,CEDI-02,0117241282,2026063049682,R-20260630-32,16,TRBT-009,35
2026-06-30,CEDI-02,0117241282,2026063049682,R-20260630-32,16,TRBT-001,10
2026-06-30,CEDI-02,0117241282,2026063049682,R-20260630-32,16,ACC-001,5
2026-06-30,CEDI-02,0117241282,2026063049682,R-20260630-32,16,TRBT-008,10
2026-06-30,CEDI-02,0117241282,2026063049682,R-20260630-32,16,ACC-002,45
2026-06-30,CEDI-02,0117241282,2026063049682,R-20260630-32,16,CONS-003,30
2026-06-30,CEDI-02,0867061692,2026063024793,R-20260630-32,4,TRBT-005,20
2026-06-30,CEDI-02,0867061692,2026063024793,R-20260630-32,4,CONS-003,20
2026-06-30,CEDI-02,0867061692,2026063024793,R-20260630-32,4,TRBT-006,15
2026-06-30,CEDI-02,0867061692,2026063024793,R-20260630-32,4,ACC-003,30
2026-06-30,CEDI-02,0867061692,2026063024793,R-20260630-32,4,ACC-004,10
2026-06-30,CEDI-02,0867061692,2026063024793,R-20260630-32,4,ACC-002,35
2026-06-30,CEDI-02,0867061692,2026063024793,R-20260630-32,4,SVC-001,40
2026-06-30,CEDI-02,0867061692,2026063024793,R-20260630-32,4,CONS-002,50
2026-06-30,CEDI-02,0867061692,2026063024793,R-20260630-32,4,SVC-002,15
2026-06-30,CEDI-02,0955063880,2026063029960,R-20260630-32,1,TRBT-010,45
2026-06-30,CEDI-02,0955063880,2026063029960,R-20260630-32,1,TRBT-002,35
2026-06-30,CEDI-02,0955063880,2026063029960,R-20260630-32,1,CONS-001,25
2026-06-30,CEDI-02,0955063880,2026063029960,R-20260630-32,1,TRBT-005,15
2026-06-30,CEDI-02,0955063880,2026063029960,R-20260630-32,1,TRBT-001,25
2026-06-30,CEDI-02,0955063880,2026063029960,R-20260630-32,1,TRBT-003,45
2026-06-30,CEDI-02,0369344732,2026063092382,R-20260630-32,14,ACC-002,35
2026-06-30,CEDI-02,0369344732,2026063092382,R-20260630-32,14,SVC-001,50
2026-06-30,CEDI-02,0369344732,2026063092382,R-20260630-32,14,TRBT-004,30
2026-06-30,CEDI-02,0369344732,2026063092382,R-20260630-32,14,CONS-001,5
2026-06-30,CEDI-02,0369344732,2026063092382,R-20260630-32,14,TRBT-008,20
2026-06-30,CEDI-02,0369344732,2026063092382,R-20260630-32,14,TRBT-009,25
2026-06-30,CEDI-02,0369344732,2026063092382,R-20260630-32,14,TRBT-010,35
2026-06-30,CEDI-02,0369344732,2026063092382,R-20260630-32,14,TRBT-007,10
2026-06-30,CEDI-02,0369344732,2026063092382,R-20260630-32,14,ACC-003,10
2026-06-30,CEDI-02,0369344732,2026063092382,R-20260630-32,14,ACC-004,45
2026-06-30,CEDI-02,0369344732,2026063092382,R-20260630-32,14,TRBT-002,15
2026-06-30,CEDI-02,0869239284,2026063067613,R-20260630-32,3,CONS-002,50
2026-06-30,CEDI-02,0869239284,2026063067613,R-20260630-32,3,ACC-004,15
2026-06-30,CEDI-02,0869239284,2026063067613,R-20260630-32,3,TRBT-001,5
2026-06-30,CEDI-02,0869239284,2026063067613,R-20260630-32,3,ACC-002,10
2026-06-30,CEDI-02,0869239284,2026063067613,R-20260630-32,3,TRBT-002,25
2026-06-30,CEDI-03,0087645209,2026063015769,R-20260630-27,36,TRBT-001,50
2026-06-30,CEDI-03,0087645209,2026063015769,R-20260630-27,36,SVC-002,25
2026-06-30,CEDI-03,0087645209,2026063015769,R-20260630-27,36,TRBT-003,25
2026-06-30,CEDI-03,0087645209,2026063015769,R-20260630-27,36,TRBT-008,15
2026-06-30,CEDI-03,0087645209,2026063015769,R-20260630-27,36,CONS-002,50
2026-06-30,CEDI-03,0087645209,2026063015769,R-20260630-27,36,TRBT-007,40
2026-06-30,CEDI-03,0087645209,2026063015769,R-20260630-27,36,CONS-003,30
2026-06-30,CEDI-03,0772280361,2026063074976,R-20260630-27,9,CONS-001,15
2026-06-30,CEDI-03,0772280361,2026063074976,R-20260630-27,9,TRBT-003,25
2026-06-30,CEDI-03,0772280361,2026063074976,R-20260630-27,9,TRBT-001,30
2026-06-30,CEDI-03,0772280361,2026063074976,R-20260630-27,9,ACC-004,50
2026-06-30,CEDI-03,0772280361,2026063074976,R-20260630-27,9,ACC-001,30
2026-06-30,CEDI-03,0597947031,2026063067732,R-20260630-27,19,TRBT-005,50
2026-06-30,CEDI-03,0597947031,2026063067732,R-20260630-27,19,ACC-002,5
2026-06-30,CEDI-03,0597947031,2026063067732,R-20260630-27,19,CONS-001,10
2026-06-30,CEDI-03,0597947031,2026063067732,R-20260630-27,19,CONS-002,10
2026-06-30,CEDI-03,0597947031,2026063067732,R-20260630-27,19,SVC-001,20
2026-06-30,CEDI-03,0597947031,2026063067732,R-20260630-27,19,TRBT-007,30
2026-06-30,CEDI-03,0597947031,2026063067732,R-20260630-27,19,ACC-003,15
2026-06-30,CEDI-03,0597947031,2026063067732,R-20260630-27,19,ACC-001,50
2026-06-30,CEDI-03,0597947031,2026063067732,R-20260630-27,19,CONS-003,45
2026-06-30,CEDI-03,0597947031,2026063067732,R-20260630-27,19,TRBT-004,35
2026-06-30,CEDI-03,0653092759,2026063011033,R-20260630-27,16,CONS-002,15
2026-06-30,CEDI-03,0653092759,2026063011033,R-20260630-27,16,CONS-001,5
2026-06-30,CEDI-03,0653092759,2026063011033,R-20260630-27,16,TRBT-007,45
2026-06-30,CEDI-03,0653092759,2026063011033,R-20260630-27,16,TRBT-004,15
2026-06-30,CEDI-03,0653092759,2026063011033,R-20260630-27,16,ACC-002,45
2026-06-30,CEDI-03,0653092759,2026063011033,R-20260630-27,16,TRBT-010,15
2026-06-30,CEDI-03,0653092759,2026063011033,R-20260630-27,16,TRBT-008,5
2026-06-30,CEDI-03,0653092759,2026063011033,R-20260630-27,16,TRBT-009,35
2026-06-30,CEDI-03,0653092759,2026063011033,R-20260630-27,16,ACC-004,40
2026-06-30,CEDI-03,0653092759,2026063011033,R-20260630-27,16,TRBT-005,10
2026-06-30,CEDI-03,0653092759,2026063011033,R-20260630-27,16,TRBT-006,15
2026-06-30,CEDI-03,0494711477,2026063034423,R-20260630-27,21,TRBT-010,30
2026-06-30,CEDI-03,0494711477,2026063034423,R-20260630-27,21,TRBT-003,15
2026-06-30,CEDI-03,0494711477,2026063034423,R-20260630-27,21,ACC-001,40
2026-06-30,CEDI-03,0494711477,2026063034423,R-20260630-27,21,SVC-002,35
2026-06-30,CEDI-03,0494711477,2026063034423,R-20260630-27,21,CONS-002,35
2026-06-30,CEDI-03,0494711477,2026063034423,R-20260630-27,21,ACC-003,25
2026-06-30,CEDI-03,0007263659,2026063054574,R-20260630-27,40,TRBT-003,15
2026-06-30,CEDI-03,0007263659,2026063054574,R-20260630-27,40,ACC-001,50
2026-06-30,CEDI-03,0007263659,2026063054574,R-20260630-27,40,TRBT-002,10
2026-06-30,CEDI-03,0007263659,2026063054574,R-20260630-27,40,CONS-003,45
2026-06-30,CEDI-03,0007263659,2026063054574,R-20260630-27,40,SVC-001,5
2026-06-30,CEDI-03,0007263659,2026063054574,R-20260630-27,40,ACC-003,40
2026-06-30,CEDI-03,0007263659,2026063054574,R-20260630-27,40,CONS-001,30
2026-06-30,CEDI-03,0007263659,2026063054574,R-20260630-27,40,TRBT-006,5
2026-06-30,CEDI-03,0007263659,2026063054574,R-20260630-27,40,TRBT-004,15
2026-06-30,CEDI-03,0007263659,2026063054574,R-20260630-27,40,CONS-002,50
2026-06-30,CEDI-03,0007263659,2026063054574,R-20260630-27,40,TRBT-008,20
2026-06-30,CEDI-03,0007263659,2026063054574,R-20260630-27,40,SVC-002,35
2026-06-30,CEDI-03,0007263659,2026063054574,R-20260630-27,40,TRBT-010,5
2026-06-30,CEDI-03,0007263659,2026063054574,R-20260630-27,40,TRBT-001,35
2026-06-30,CEDI-03,0007263659,2026063054574,R-20260630-27,40,ACC-002,40
2026-06-30,CEDI-03,0621492754,2026063064827,R-20260630-27,18,ACC-003,40
2026-06-30,CEDI-03,0621492754,2026063064827,R-20260630-27,18,TRBT-007,10
2026-06-30,CEDI-03,0621492754,2026063064827,R-20260630-27,18,ACC-004,35
2026-06-30,CEDI-03,0621492754,2026063064827,R-20260630-27,18,TRBT-008,35
2026-06-30,CEDI-03,0621492754,2026063064827,R-20260630-27,18,CONS-002,35
2026-06-30,CEDI-03,0621492754,2026063064827,R-20260630-27,18,CONS-003,5
2026-06-30,CEDI-03,0621492754,2026063064827,R-20260630-27,18,TRBT-010,50
2026-06-30,CEDI-03,0119661897,2026063033247,R-20260630-27,34,TRBT-003,50
2026-06-30,CEDI-03,0119661897,2026063033247,R-20260630-27,34,SVC-002,20
2026-06-30,CEDI-03,0119661897,2026063033247,R-20260630-27,34,TRBT-010,40
2026-06-30,CEDI-03,0119661897,2026063033247,R-20260630-27,34,CONS-002,45
2026-06-30,CEDI-03,0119661897,2026063033247,R-20260630-27,34,ACC-004,10
2026-06-30,CEDI-03,0119661897,2026063033247,R-20260630-27,34,TRBT-001,50
2026-06-30,CEDI-03,0119661897,2026063033247,R-20260630-27,34,TRBT-008,10
2026-06-30,CEDI-03,0119661897,2026063033247,R-20260630-27,34,SVC-001,45
2026-06-30,CEDI-03,0366398828,2026063017952,R-20260630-27,27,TRBT-002,15
2026-06-30,CEDI-03,0366398828,2026063017952,R-20260630-27,27,TRBT-005,5
2026-06-30,CEDI-03,0366398828,2026063017952,R-20260630-27,27,TRBT-001,50
2026-06-30,CEDI-03,0366398828,2026063017952,R-20260630-27,27,CONS-001,15
2026-06-30,CEDI-03,0366398828,2026063017952,R-20260630-27,27,ACC-004,50
2026-06-30,CEDI-03,0366398828,2026063017952,R-20260630-27,27,CONS-003,5
2026-06-30,CEDI-03,0366398828,2026063017952,R-20260630-27,27,ACC-003,45
2026-06-30,CEDI-03,0366398828,2026063017952,R-20260630-27,27,TRBT-006,50
2026-06-30,CEDI-03,0366398828,2026063017952,R-20260630-27,27,ACC-001,25
2026-06-30,CEDI-03,0366398828,2026063017952,R-20260630-27,27,TRBT-010,45
2026-06-30,CEDI-03,0366398828,2026063017952,R-20260630-27,27,SVC-001,25
2026-06-30,CEDI-03,0366398828,2026063017952,R-20260630-27,27,TRBT-008,20
2026-06-30,CEDI-03,0366398828,2026063017952,R-20260630-27,27,TRBT-004,10
2026-06-30,CEDI-03,0366398828,2026063017952,R-20260630-27,27,TRBT-009,5
2026-06-30,CEDI-03,0366398828,2026063017952,R-20260630-27,27,CONS-002,40
2026-06-30,CEDI-03,0366398828,2026063017952,R-20260630-27,27,SVC-002,35
2026-06-30,CEDI-03,0495051902,2026063010438,R-20260630-27,20,TRBT-006,50
2026-06-30,CEDI-03,0495051902,2026063010438,R-20260630-27,20,TRBT-007,25
2026-06-30,CEDI-03,0495051902,2026063010438,R-20260630-27,20,ACC-004,10
2026-06-30,CEDI-03,0495051902,2026063010438,R-20260630-27,20,CONS-002,15
2026-06-30,CEDI-03,0495051902,2026063010438,R-20260630-27,20,ACC-003,10
2026-06-30,CEDI-03,0495051902,2026063010438,R-20260630-27,20,TRBT-003,30
2026-06-30,CEDI-03,0495051902,2026063010438,R-20260630-27,20,TRBT-008,25
2026-06-30,CEDI-03,0495051902,2026063010438,R-20260630-27,20,SVC-002,35
2026-06-30,CEDI-03,0495051902,2026063010438,R-20260630-27,20,ACC-001,25
2026-06-30,CEDI-03,0495051902,2026063010438,R-20260630-27,20,TRBT-010,50
2026-06-30,CEDI-03,0495051902,2026063010438,R-20260630-27,20,TRBT-005,50
2026-06-30,CEDI-03,0495051902,2026063010438,R-20260630-27,20,ACC-002,50
2026-06-30,CEDI-03,0495051902,2026063010438,R-20260630-27,20,SVC-001,20
2026-06-30,CEDI-03,0495051902,2026063010438,R-20260630-27,20,CONS-003,40
2026-06-30,CEDI-03,0401603416,2026063078305,R-20260630-27,25,TRBT-006,50
2026-06-30,CEDI-03,0401603416,2026063078305,R-20260630-27,25,ACC-003,40
2026-06-30,CEDI-03,0401603416,2026063078305,R-20260630-27,25,TRBT-003,5
2026-06-30,CEDI-03,0401603416,2026063078305,R-20260630-27,25,SVC-002,20
2026-06-30,CEDI-03,0401603416,2026063078305,R-20260630-27,25,CONS-002,5
2026-06-30,CEDI-03,0401603416,2026063078305,R-20260630-27,25,TRBT-008,10
2026-06-30,CEDI-03,0401603416,2026063078305,R-20260630-27,25,TRBT-010,35
2026-06-30,CEDI-03,0138324534,2026063010696,R-20260630-27,33,ACC-003,30
2026-06-30,CEDI-03,0138324534,2026063010696,R-20260630-27,33,TRBT-008,50
2026-06-30,CEDI-03,0138324534,2026063010696,R-20260630-27,33,SVC-001,30
2026-06-30,CEDI-03,0138324534,2026063010696,R-20260630-27,33,CONS-002,30
2026-06-30,CEDI-03,0138324534,2026063010696,R-20260630-27,33,ACC-001,15
2026-06-30,CEDI-03,0138324534,2026063010696,R-20260630-27,33,TRBT-009,25
2026-06-30,CEDI-03,0138324534,2026063010696,R-20260630-27,33,TRBT-010,45
2026-06-30,CEDI-03,0138324534,2026063010696,R-20260630-27,33,CONS-003,20
2026-06-30,CEDI-03,0138324534,2026063010696,R-20260630-27,33,TRBT-005,45
2026-06-30,CEDI-03,0138324534,2026063010696,R-20260630-27,33,TRBT-003,25
2026-06-30,CEDI-03,0138324534,2026063010696,R-20260630-27,33,TRBT-004,25
2026-06-30,CEDI-03,0138324534,2026063010696,R-20260630-27,33,CONS-001,45
2026-06-30,CEDI-03,0138324534,2026063010696,R-20260630-27,33,TRBT-006,35
2026-06-30,CEDI-03,0138324534,2026063010696,R-20260630-27,33,TRBT-001,10
2026-06-30,CEDI-03,0138324534,2026063010696,R-20260630-27,33,ACC-004,25
2026-06-30,CEDI-03,0138324534,2026063010696,R-20260630-27,33,SVC-002,40
2026-06-30,CEDI-03,0138324534,2026063010696,R-20260630-27,33,TRBT-007,50
2026-06-30,CEDI-03,0979431103,2026063052317,R-20260630-27,2,ACC-003,25
2026-06-30,CEDI-03,0979431103,2026063052317,R-20260630-27,2,TRBT-007,50
2026-06-30,CEDI-03,0979431103,2026063052317,R-20260630-27,2,TRBT-006,30
2026-06-30,CEDI-03,0979431103,2026063052317,R-20260630-27,2,TRBT-001,35
2026-06-30,CEDI-03,0979431103,2026063052317,R-20260630-27,2,TRBT-005,40
2026-06-30,CEDI-03,0979431103,2026063052317,R-20260630-27,2,SVC-001,25
2026-06-30,CEDI-03,0979431103,2026063052317,R-20260630-27,2,TRBT-009,30
2026-06-30,CEDI-03,0979431103,2026063052317,R-20260630-27,2,TRBT-004,10
2026-06-30,CEDI-03,0730400302,2026063039351,R-20260630-27,10,TRBT-010,20
2026-06-30,CEDI-03,0730400302,2026063039351,R-20260630-27,10,TRBT-009,35
2026-06-30,CEDI-03,0730400302,2026063039351,R-20260630-27,10,TRBT-006,5
2026-06-30,CEDI-03,0661342471,2026063012712,R-20260630-27,14,TRBT-005,5
2026-06-30,CEDI-03,0852000496,2026063096905,R-20260630-27,6,CONS-001,35
2026-06-30,CEDI-03,0852000496,2026063096905,R-20260630-27,6,TRBT-010,30
2026-06-30,CEDI-03,0852000496,2026063096905,R-20260630-27,6,TRBT-003,50
2026-06-30,CEDI-03,0852000496,2026063096905,R-20260630-27,6,SVC-002,50
2026-06-30,CEDI-03,0094565005,2026063083920,R-20260630-27,35,TRBT-005,10
2026-06-30,CEDI-03,0094565005,2026063083920,R-20260630-27,35,ACC-002,10
2026-06-30,CEDI-03,0094565005,2026063083920,R-20260630-27,35,SVC-002,20
2026-06-30,CEDI-03,0094565005,2026063083920,R-20260630-27,35,TRBT-010,45
2026-06-30,CEDI-03,0094565005,2026063083920,R-20260630-27,35,TRBT-007,40
2026-06-30,CEDI-03,0094565005,2026063083920,R-20260630-27,35,TRBT-004,45
2026-06-30,CEDI-03,0094565005,2026063083920,R-20260630-27,35,CONS-001,15
2026-06-30,CEDI-03,0094565005,2026063083920,R-20260630-27,35,ACC-001,25
2026-06-30,CEDI-03,0634549898,2026063071135,R-20260630-27,17,TRBT-005,25
2026-06-30,CEDI-03,0634549898,2026063071135,R-20260630-27,17,TRBT-006,30
2026-06-30,CEDI-03,0634549898,2026063071135,R-20260630-27,17,TRBT-003,45
2026-06-30,CEDI-03,0634549898,2026063071135,R-20260630-27,17,CONS-003,35
2026-06-30,CEDI-03,0634549898,2026063071135,R-20260630-27,17,TRBT-010,30
2026-06-30,CEDI-03,0634549898,2026063071135,R-20260630-27,17,TRBT-001,50
2026-06-30,CEDI-03,0634549898,2026063071135,R-20260630-27,17,CONS-001,10
2026-06-30,CEDI-03,0634549898,2026063071135,R-20260630-27,17,TRBT-007,45
2026-06-30,CEDI-03,0634549898,2026063071135,R-20260630-27,17,ACC-004,30
2026-06-30,CEDI-03,0658856141,2026063068511,R-20260630-27,15,ACC-001,15
2026-06-30,CEDI-03,0658856141,2026063068511,R-20260630-27,15,TRBT-007,20
2026-06-30,CEDI-03,0658856141,2026063068511,R-20260630-27,15,SVC-001,30
2026-06-30,CEDI-03,0658856141,2026063068511,R-20260630-27,15,SVC-002,20
2026-06-30,CEDI-03,0658856141,2026063068511,R-20260630-27,15,TRBT-004,20
2026-06-30,CEDI-03,0658856141,2026063068511,R-20260630-27,15,TRBT-009,35
2026-06-30,CEDI-03,0658856141,2026063068511,R-20260630-27,15,ACC-003,15
2026-06-30,CEDI-03,0658856141,2026063068511,R-20260630-27,15,TRBT-008,45
2026-06-30,CEDI-03,0658856141,2026063068511,R-20260630-27,15,TRBT-005,35
2026-06-30,CEDI-03,0658856141,2026063068511,R-20260630-27,15,CONS-002,35
2026-06-30,CEDI-03,0658856141,2026063068511,R-20260630-27,15,TRBT-002,50
2026-06-30,CEDI-03,0658856141,2026063068511,R-20260630-27,15,CONS-003,20
2026-06-30,CEDI-03,0701140004,2026063021498,R-20260630-27,11,TRBT-009,30
2026-06-30,CEDI-03,0672218694,2026063097705,R-20260630-27,13,ACC-003,40
2026-06-30,CEDI-03,0672218694,2026063097705,R-20260630-27,13,TRBT-004,15
2026-06-30,CEDI-03,0672218694,2026063097705,R-20260630-27,13,TRBT-006,40
2026-06-30,CEDI-03,0672218694,2026063097705,R-20260630-27,13,TRBT-010,25
2026-06-30,CEDI-03,0672218694,2026063097705,R-20260630-27,13,CONS-002,5
2026-06-30,CEDI-03,0672218694,2026063097705,R-20260630-27,13,ACC-004,50
2026-06-30,CEDI-03,0672218694,2026063097705,R-20260630-27,13,ACC-002,5
2026-06-30,CEDI-03,0672218694,2026063097705,R-20260630-27,13,TRBT-009,40
2026-06-30,CEDI-03,0672218694,2026063097705,R-20260630-27,13,TRBT-002,25
2026-06-30,CEDI-03,0672218694,2026063097705,R-20260630-27,13,ACC-001,40
2026-06-30,CEDI-03,0672218694,2026063097705,R-20260630-27,13,CONS-003,10
2026-06-30,CEDI-03,0672218694,2026063097705,R-20260630-27,13,SVC-002,15
2026-06-30,CEDI-03,0672218694,2026063097705,R-20260630-27,13,CONS-001,5
2026-06-30,CEDI-03,0672218694,2026063097705,R-20260630-27,13,TRBT-005,45
2026-06-30,CEDI-03,0672218694,2026063097705,R-20260630-27,13,TRBT-001,45
2026-06-30,CEDI-03,0672218694,2026063097705,R-20260630-27,13,SVC-001,45
2026-06-30,CEDI-03,0672218694,2026063097705,R-20260630-27,13,TRBT-008,40
2026-06-30,CEDI-03,0672218694,2026063097705,R-20260630-27,13,TRBT-007,30
2026-06-30,CEDI-03,0672218694,2026063097705,R-20260630-27,13,TRBT-003,30
2026-06-30,CEDI-03,0971882713,2026063068480,R-20260630-27,3,ACC-004,15
2026-06-30,CEDI-03,0971882713,2026063068480,R-20260630-27,3,TRBT-002,35
2026-06-30,CEDI-03,0971882713,2026063068480,R-20260630-27,3,TRBT-005,45
2026-06-30,CEDI-03,0971882713,2026063068480,R-20260630-27,3,TRBT-007,40
2026-06-30,CEDI-03,0971882713,2026063068480,R-20260630-27,3,TRBT-006,30
2026-06-30,CEDI-03,0971882713,2026063068480,R-20260630-27,3,TRBT-009,30
2026-06-30,CEDI-03,0971882713,2026063068480,R-20260630-27,3,TRBT-010,5
2026-06-30,CEDI-03,0971882713,2026063068480,R-20260630-27,3,TRBT-003,50
2026-06-30,CEDI-03,0971882713,2026063068480,R-20260630-27,3,ACC-001,40
2026-06-30,CEDI-03,0971882713,2026063068480,R-20260630-27,3,CONS-001,40
2026-06-30,CEDI-03,0971882713,2026063068480,R-20260630-27,3,CONS-003,40
2026-06-30,CEDI-03,0971882713,2026063068480,R-20260630-27,3,ACC-002,40
2026-06-30,CEDI-03,0971882713,2026063068480,R-20260630-27,3,ACC-003,20
2026-06-30,CEDI-03,0971882713,2026063068480,R-20260630-27,3,SVC-001,45
2026-06-30,CEDI-03,0086889463,2026063048917,R-20260630-27,37,ACC-002,40
2026-06-30,CEDI-03,0086889463,2026063048917,R-20260630-27,37,SVC-001,40
2026-06-30,CEDI-03,0086889463,2026063048917,R-20260630-27,37,ACC-004,10
2026-06-30,CEDI-03,0086889463,2026063048917,R-20260630-27,37,CONS-002,10
2026-06-30,CEDI-03,0086889463,2026063048917,R-20260630-27,37,TRBT-008,35
2026-06-30,CEDI-03,0086889463,2026063048917,R-20260630-27,37,TRBT-003,15
2026-06-30,CEDI-03,0086889463,2026063048917,R-20260630-27,37,SVC-002,35
2026-06-30,CEDI-03,0086889463,2026063048917,R-20260630-27,37,TRBT-009,5
2026-06-30,CEDI-03,0086889463,2026063048917,R-20260630-27,37,CONS-001,15
2026-06-30,CEDI-03,0139386852,2026063094516,R-20260630-27,32,ACC-002,10
2026-06-30,CEDI-03,0139386852,2026063094516,R-20260630-27,32,ACC-004,30
2026-06-30,CEDI-03,0139386852,2026063094516,R-20260630-27,32,TRBT-007,50
2026-06-30,CEDI-03,0139386852,2026063094516,R-20260630-27,32,ACC-003,40
2026-06-30,CEDI-03,0139386852,2026063094516,R-20260630-27,32,CONS-003,15
2026-06-30,CEDI-03,0139386852,2026063094516,R-20260630-27,32,TRBT-004,10
2026-06-30,CEDI-03,0139386852,2026063094516,R-20260630-27,32,CONS-002,5
2026-06-30,CEDI-03,0139386852,2026063094516,R-20260630-27,32,SVC-002,30
2026-06-30,CEDI-03,0139386852,2026063094516,R-20260630-27,32,SVC-001,40
2026-06-30,CEDI-03,0139386852,2026063094516,R-20260630-27,32,TRBT-006,50
2026-06-30,CEDI-03,0139386852,2026063094516,R-20260630-27,32,CONS-001,35
2026-06-30,CEDI-03,0139386852,2026063094516,R-20260630-27,32,ACC-001,5
2026-06-30,CEDI-03,0139386852,2026063094516,R-20260630-27,32,TRBT-005,45
2026-06-30,CEDI-03,0139386852,2026063094516,R-20260630-27,32,TRBT-001,50
2026-06-30,CEDI-03,0139386852,2026063094516,R-20260630-27,32,TRBT-003,15
2026-06-30,CEDI-03,0139386852,2026063094516,R-20260630-27,32,TRBT-008,10
2026-06-30,CEDI-03,0139386852,2026063094516,R-20260630-27,32,TRBT-009,20
2026-06-30,CEDI-03,0464921661,2026063084059,R-20260630-27,22,TRBT-008,30
2026-06-30,CEDI-03,0464921661,2026063084059,R-20260630-27,22,ACC-002,25
2026-06-30,CEDI-03,0464921661,2026063084059,R-20260630-27,22,CONS-003,35
2026-06-30,CEDI-03,0464921661,2026063084059,R-20260630-27,22,TRBT-003,40
2026-06-30,CEDI-03,0464921661,2026063084059,R-20260630-27,22,SVC-002,35
2026-06-30,CEDI-03,0464921661,2026063084059,R-20260630-27,22,TRBT-007,30
2026-06-30,CEDI-03,0464921661,2026063084059,R-20260630-27,22,SVC-001,5
2026-06-30,CEDI-03,0464921661,2026063084059,R-20260630-27,22,CONS-001,10
2026-06-30,CEDI-03,0464921661,2026063084059,R-20260630-27,22,TRBT-010,35
2026-06-30,CEDI-03,0464921661,2026063084059,R-20260630-27,22,TRBT-001,45
2026-06-30,CEDI-03,0464921661,2026063084059,R-20260630-27,22,ACC-003,15
2026-06-30,CEDI-03,0464921661,2026063084059,R-20260630-27,22,TRBT-004,50
2026-06-30,CEDI-03,0464921661,2026063084059,R-20260630-27,22,ACC-004,25
2026-06-30,CEDI-03,0464921661,2026063084059,R-20260630-27,22,TRBT-005,50
2026-06-30,CEDI-03,0464921661,2026063084059,R-20260630-27,22,CONS-002,20
2026-06-30,CEDI-03,0464921661,2026063084059,R-20260630-27,22,ACC-001,5
2026-06-30,CEDI-03,0464921661,2026063084059,R-20260630-27,22,TRBT-009,40
2026-06-30,CEDI-03,0028779163,2026063089672,R-20260630-27,38,TRBT-002,10
2026-06-30,CEDI-03,0028779163,2026063089672,R-20260630-27,38,TRBT-003,45
2026-06-30,CEDI-03,0859917447,2026063045975,R-20260630-27,4,CONS-003,50
2026-06-30,CEDI-03,0859917447,2026063045975,R-20260630-27,4,CONS-001,40
2026-06-30,CEDI-03,0859917447,2026063045975,R-20260630-27,4,TRBT-009,40
2026-06-30,CEDI-03,0188431991,2026063060549,R-20260630-27,30,CONS-003,15
2026-06-30,CEDI-03,0188431991,2026063060549,R-20260630-27,30,TRBT-001,5
2026-06-30,CEDI-03,0188431991,2026063060549,R-20260630-27,30,TRBT-010,5
2026-06-30,CEDI-03,0188431991,2026063060549,R-20260630-27,30,TRBT-004,5
2026-06-30,CEDI-03,0188431991,2026063060549,R-20260630-27,30,TRBT-006,50
2026-06-30,CEDI-03,0188431991,2026063060549,R-20260630-27,30,ACC-004,25
2026-06-30,CEDI-03,0188431991,2026063060549,R-20260630-27,30,TRBT-008,35
2026-06-30,CEDI-03,0188431991,2026063060549,R-20260630-27,30,CONS-001,50
2026-06-30,CEDI-03,0188431991,2026063060549,R-20260630-27,30,SVC-001,25
2026-06-30,CEDI-03,0013127710,2026063085486,R-20260630-27,39,TRBT-004,40
2026-06-30,CEDI-03,0013127710,2026063085486,R-20260630-27,39,TRBT-008,35
2026-06-30,CEDI-03,0013127710,2026063085486,R-20260630-27,39,TRBT-002,25
2026-06-30,CEDI-03,0013127710,2026063085486,R-20260630-27,39,ACC-003,45
2026-06-30,CEDI-03,0013127710,2026063085486,R-20260630-27,39,SVC-001,50
2026-06-30,CEDI-03,0013127710,2026063085486,R-20260630-27,39,TRBT-005,50
2026-06-30,CEDI-03,0013127710,2026063085486,R-20260630-27,39,CONS-002,25
2026-06-30,CEDI-03,0013127710,2026063085486,R-20260630-27,39,TRBT-006,50
2026-06-30,CEDI-03,0013127710,2026063085486,R-20260630-27,39,CONS-001,5
2026-06-30,CEDI-03,0013127710,2026063085486,R-20260630-27,39,TRBT-003,5
2026-06-30,CEDI-03,0013127710,2026063085486,R-20260630-27,39,TRBT-001,5
2026-06-30,CEDI-03,0013127710,2026063085486,R-20260630-27,39,TRBT-010,25
2026-06-30,CEDI-03,0013127710,2026063085486,R-20260630-27,39,TRBT-007,5
2026-06-30,CEDI-03,0013127710,2026063085486,R-20260630-27,39,SVC-002,25
2026-06-30,CEDI-03,0013127710,2026063085486,R-20260630-27,39,ACC-004,35
2026-06-30,CEDI-03,0013127710,2026063085486,R-20260630-27,39,ACC-001,30
2026-06-30,CEDI-03,0353712132,2026063067637,R-20260630-27,28,TRBT-004,10
2026-06-30,CEDI-03,0353712132,2026063067637,R-20260630-27,28,TRBT-006,25
2026-06-30,CEDI-03,0353712132,2026063067637,R-20260630-27,28,TRBT-001,45
2026-06-30,CEDI-03,0444198597,2026063077362,R-20260630-27,24,SVC-001,20
2026-06-30,CEDI-03,0444198597,2026063077362,R-20260630-27,24,CONS-002,5
2026-06-30,CEDI-03,0444198597,2026063077362,R-20260630-27,24,TRBT-010,30
2026-06-30,CEDI-03,0444198597,2026063077362,R-20260630-27,24,ACC-001,5
2026-06-30,CEDI-03,0444198597,2026063077362,R-20260630-27,24,TRBT-003,15
2026-06-30,CEDI-03,0979520629,2026063048682,R-20260630-27,1,CONS-002,30
2026-06-30,CEDI-03,0979520629,2026063048682,R-20260630-27,1,ACC-004,45
2026-06-30,CEDI-03,0979520629,2026063048682,R-20260630-27,1,TRBT-003,30
2026-06-30,CEDI-03,0979520629,2026063048682,R-20260630-27,1,SVC-002,10
2026-06-30,CEDI-03,0979520629,2026063048682,R-20260630-27,1,ACC-003,45
2026-06-30,CEDI-03,0979520629,2026063048682,R-20260630-27,1,CONS-003,35
2026-06-30,CEDI-03,0979520629,2026063048682,R-20260630-27,1,TRBT-001,40
2026-06-30,CEDI-03,0979520629,2026063048682,R-20260630-27,1,ACC-001,40
2026-06-30,CEDI-03,0979520629,2026063048682,R-20260630-27,1,TRBT-009,35
2026-06-30,CEDI-03,0979520629,2026063048682,R-20260630-27,1,TRBT-008,25
2026-06-30,CEDI-03,0979520629,2026063048682,R-20260630-27,1,CONS-001,25
2026-06-30,CEDI-03,0979520629,2026063048682,R-20260630-27,1,TRBT-006,20
2026-06-30,CEDI-03,0979520629,2026063048682,R-20260630-27,1,TRBT-002,30
2026-06-30,CEDI-03,0400170503,2026063070072,R-20260630-27,26,TRBT-007,15
2026-06-30,CEDI-03,0400170503,2026063070072,R-20260630-27,26,TRBT-001,50
2026-06-30,CEDI-03,0400170503,2026063070072,R-20260630-27,26,TRBT-002,15
2026-06-30,CEDI-03,0400170503,2026063070072,R-20260630-27,26,TRBT-005,15
2026-06-30,CEDI-03,0400170503,2026063070072,R-20260630-27,26,TRBT-004,50
2026-06-30,CEDI-03,0400170503,2026063070072,R-20260630-27,26,TRBT-006,20
2026-06-30,CEDI-03,0400170503,2026063070072,R-20260630-27,26,CONS-002,20
2026-06-30,CEDI-03,0400170503,2026063070072,R-20260630-27,26,TRBT-010,40
2026-06-30,CEDI-03,0308291700,2026063098589,R-20260630-27,29,SVC-002,35
2026-06-30,CEDI-03,0308291700,2026063098589,R-20260630-27,29,CONS-001,10
2026-06-30,CEDI-03,0308291700,2026063098589,R-20260630-27,29,ACC-001,30
2026-06-30,CEDI-03,0308291700,2026063098589,R-20260630-27,29,TRBT-001,50
2026-06-30,CEDI-03,0308291700,2026063098589,R-20260630-27,29,TRBT-006,20
2026-06-30,CEDI-03,0308291700,2026063098589,R-20260630-27,29,TRBT-010,40
2026-06-30,CEDI-03,0308291700,2026063098589,R-20260630-27,29,TRBT-007,20
2026-06-30,CEDI-03,0308291700,2026063098589,R-20260630-27,29,ACC-002,35
2026-06-30,CEDI-03,0308291700,2026063098589,R-20260630-27,29,TRBT-008,45
2026-06-30,CEDI-03,0308291700,2026063098589,R-20260630-27,29,ACC-003,15
2026-06-30,CEDI-03,0308291700,2026063098589,R-20260630-27,29,SVC-001,50
2026-06-30,CEDI-03,0308291700,2026063098589,R-20260630-27,29,TRBT-003,5
2026-06-30,CEDI-03,0308291700,2026063098589,R-20260630-27,29,CONS-003,15
2026-06-30,CEDI-03,0308291700,2026063098589,R-20260630-27,29,CONS-002,45
2026-06-30,CEDI-03,0308291700,2026063098589,R-20260630-27,29,TRBT-004,35
2026-06-30,CEDI-03,0308291700,2026063098589,R-20260630-27,29,TRBT-009,30
2026-06-30,CEDI-03,0308291700,2026063098589,R-20260630-27,29,TRBT-005,5
2026-06-30,CEDI-03,0859877736,2026063075838,R-20260630-27,5,TRBT-004,50
2026-06-30,CEDI-03,0859877736,2026063075838,R-20260630-27,5,SVC-002,35
2026-06-30,CEDI-03,0859877736,2026063075838,R-20260630-27,5,TRBT-001,5
2026-06-30,CEDI-03,0859877736,2026063075838,R-20260630-27,5,TRBT-007,45
2026-06-30,CEDI-03,0859877736,2026063075838,R-20260630-27,5,CONS-001,15
2026-06-30,CEDI-03,0859877736,2026063075838,R-20260630-27,5,TRBT-002,50
2026-06-30,CEDI-03,0859877736,2026063075838,R-20260630-27,5,TRBT-005,50
2026-06-30,CEDI-03,0859877736,2026063075838,R-20260630-27,5,ACC-001,10
2026-06-30,CEDI-03,0859877736,2026063075838,R-20260630-27,5,TRBT-003,5
2026-06-30,CEDI-03,0859877736,2026063075838,R-20260630-27,5,TRBT-009,35
2026-06-30,CEDI-03,0187432358,2026063087624,R-20260630-27,31,CONS-002,20
2026-06-30,CEDI-03,0187432358,2026063087624,R-20260630-27,31,TRBT-005,30
2026-06-30,CEDI-03,0187432358,2026063087624,R-20260630-27,31,TRBT-007,20
2026-06-30,CEDI-03,0187432358,2026063087624,R-20260630-27,31,CONS-003,45
2026-06-30,CEDI-03,0187432358,2026063087624,R-20260630-27,31,TRBT-006,30
2026-06-30,CEDI-03,0187432358,2026063087624,R-20260630-27,31,TRBT-008,15
2026-06-30,CEDI-03,0187432358,2026063087624,R-20260630-27,31,TRBT-003,15
2026-06-30,CEDI-03,0847519121,2026063015049,R-20260630-27,8,CONS-002,30
2026-06-30,CEDI-03,0847519121,2026063015049,R-20260630-27,8,SVC-001,35
2026-06-30,CEDI-03,0847519121,2026063015049,R-20260630-27,8,TRBT-006,10
2026-06-30,CEDI-03,0453704203,2026063056334,R-20260630-27,23,TRBT-010,25
2026-06-30,CEDI-03,0453704203,2026063056334,R-20260630-27,23,CONS-002,45
2026-06-30,CEDI-03,0453704203,2026063056334,R-20260630-27,23,CONS-001,5
2026-06-30,CEDI-03,0453704203,2026063056334,R-20260630-27,23,ACC-002,5
2026-06-30,CEDI-03,0453704203,2026063056334,R-20260630-27,23,ACC-001,25
2026-06-30,CEDI-03,0453704203,2026063056334,R-20260630-27,23,TRBT-002,20
2026-06-30,CEDI-03,0453704203,2026063056334,R-20260630-27,23,TRBT-001,50
2026-06-30,CEDI-03,0453704203,2026063056334,R-20260630-27,23,TRBT-003,50
2026-06-30,CEDI-03,0453704203,2026063056334,R-20260630-27,23,TRBT-005,25
2026-06-30,CEDI-03,0453704203,2026063056334,R-20260630-27,23,ACC-004,20
2026-06-30,CEDI-03,0453704203,2026063056334,R-20260630-27,23,TRBT-009,30
2026-06-30,CEDI-03,0453704203,2026063056334,R-20260630-27,23,TRBT-007,25
2026-06-30,CEDI-03,0453704203,2026063056334,R-20260630-27,23,TRBT-004,50
2026-06-30,CEDI-03,0453704203,2026063056334,R-20260630-27,23,TRBT-008,50
2026-06-30,CEDI-03,0453704203,2026063056334,R-20260630-27,23,CONS-003,20
2026-06-30,CEDI-03,0453704203,2026063056334,R-20260630-27,23,SVC-001,10
2026-06-30,CEDI-03,0453704203,2026063056334,R-20260630-27,23,SVC-002,5
2026-06-30,CEDI-03,0677515201,2026063083624,R-20260630-27,12,CONS-001,25
2026-06-30,CEDI-03,0677515201,2026063083624,R-20260630-27,12,TRBT-007,50
2026-06-30,CEDI-03,0677515201,2026063083624,R-20260630-27,12,ACC-001,15
2026-06-30,CEDI-03,0677515201,2026063083624,R-20260630-27,12,SVC-002,45
2026-06-30,CEDI-03,0677515201,2026063083624,R-20260630-27,12,ACC-002,10
2026-06-30,CEDI-03,0677515201,2026063083624,R-20260630-27,12,TRBT-005,25
2026-06-30,CEDI-03,0677515201,2026063083624,R-20260630-27,12,TRBT-001,25
2026-06-30,CEDI-03,0677515201,2026063083624,R-20260630-27,12,ACC-004,5
2026-06-30,CEDI-03,0677515201,2026063083624,R-20260630-27,12,CONS-003,30
2026-06-30,CEDI-03,0677515201,2026063083624,R-20260630-27,12,TRBT-008,5
2026-06-30,CEDI-03,0677515201,2026063083624,R-20260630-27,12,SVC-001,15
2026-06-30,CEDI-03,0677515201,2026063083624,R-20260630-27,12,TRBT-009,15
2026-06-30,CEDI-03,0677515201,2026063083624,R-20260630-27,12,TRBT-010,20
2026-06-30,CEDI-03,0677515201,2026063083624,R-20260630-27,12,TRBT-002,25
2026-06-30,CEDI-03,0677515201,2026063083624,R-20260630-27,12,CONS-002,50
2026-06-30,CEDI-03,0677515201,2026063083624,R-20260630-27,12,TRBT-004,20
2026-06-30,CEDI-03,0677515201,2026063083624,R-20260630-27,12,TRBT-006,50
2026-06-30,CEDI-03,0848062459,2026063059603,R-20260630-27,7,TRBT-006,35
2026-06-30,CEDI-03,0848062459,2026063059603,R-20260630-27,7,ACC-003,5
2026-06-30,CEDI-03,0848062459,2026063059603,R-20260630-27,7,TRBT-009,25
2026-06-30,CEDI-03,0848062459,2026063059603,R-20260630-27,7,TRBT-005,30
2026-06-30,CEDI-03,0848062459,2026063059603,R-20260630-27,7,TRBT-004,15
2026-06-30,CEDI-03,0848062459,2026063059603,R-20260630-27,7,SVC-001,5
2026-06-30,CEDI-03,0848062459,2026063059603,R-20260630-27,7,SVC-002,30
2026-06-30,CEDI-03,0848062459,2026063059603,R-20260630-27,7,TRBT-010,50
2026-06-30,CEDI-03,0848062459,2026063059603,R-20260630-27,7,TRBT-001,45
2026-06-30,CEDI-03,0848062459,2026063059603,R-20260630-27,7,ACC-004,35
2026-06-30,CEDI-03,0848062459,2026063059603,R-20260630-27,7,CONS-003,10
2026-06-30,CEDI-03,0848062459,2026063059603,R-20260630-27,7,CONS-002,45
2026-06-30,CEDI-03,0848062459,2026063059603,R-20260630-27,7,ACC-002,45
2026-06-30,CEDI-03,0848062459,2026063059603,R-20260630-27,7,TRBT-003,50
2026-06-30,CEDI-03,0848062459,2026063059603,R-20260630-27,7,TRBT-002,50
2026-06-30,CEDI-03,0848062459,2026063059603,R-20260630-27,7,ACC-001,35
2026-06-30,CEDI-03,0848062459,2026063059603,R-20260630-27,7,TRBT-007,15
2026-06-30,CEDI-04,0385922984,2026063080758,R-20260630-70,25,TRBT-008,25
2026-06-30,CEDI-04,0385922984,2026063080758,R-20260630-70,25,TRBT-006,50
2026-06-30,CEDI-04,0385922984,2026063080758,R-20260630-70,25,CONS-001,20
2026-06-30,CEDI-04,0385922984,2026063080758,R-20260630-70,25,ACC-004,5
2026-06-30,CEDI-04,0181305118,2026063014234,R-20260630-70,31,TRBT-005,10
2026-06-30,CEDI-04,0181305118,2026063014234,R-20260630-70,31,CONS-002,45
2026-06-30,CEDI-04,0649378396,2026063026208,R-20260630-70,15,ACC-004,45
2026-06-30,CEDI-04,0649378396,2026063026208,R-20260630-70,15,TRBT-005,25
2026-06-30,CEDI-04,0649378396,2026063026208,R-20260630-70,15,TRBT-004,10
2026-06-30,CEDI-04,0649378396,2026063026208,R-20260630-70,15,TRBT-001,50
2026-06-30,CEDI-04,0649378396,2026063026208,R-20260630-70,15,SVC-002,30
2026-06-30,CEDI-04,0649378396,2026063026208,R-20260630-70,15,ACC-002,25
2026-06-30,CEDI-04,0649378396,2026063026208,R-20260630-70,15,TRBT-006,50
2026-06-30,CEDI-04,0649378396,2026063026208,R-20260630-70,15,TRBT-009,5
2026-06-30,CEDI-04,0649378396,2026063026208,R-20260630-70,15,SVC-001,5
2026-06-30,CEDI-04,0649378396,2026063026208,R-20260630-70,15,TRBT-008,50
2026-06-30,CEDI-04,0649378396,2026063026208,R-20260630-70,15,TRBT-003,5
2026-06-30,CEDI-04,0649378396,2026063026208,R-20260630-70,15,TRBT-010,20
2026-06-30,CEDI-04,0649378396,2026063026208,R-20260630-70,15,CONS-003,15
2026-06-30,CEDI-04,0649378396,2026063026208,R-20260630-70,15,TRBT-002,30
2026-06-30,CEDI-04,0649378396,2026063026208,R-20260630-70,15,CONS-001,50
2026-06-30,CEDI-04,0649378396,2026063026208,R-20260630-70,15,ACC-003,20
2026-06-30,CEDI-04,0649378396,2026063026208,R-20260630-70,15,TRBT-007,5
2026-06-30,CEDI-04,0649378396,2026063026208,R-20260630-70,15,CONS-002,15
2026-06-30,CEDI-04,0703639071,2026063075033,R-20260630-70,12,TRBT-003,25
2026-06-30,CEDI-04,0703639071,2026063075033,R-20260630-70,12,SVC-001,15
2026-06-30,CEDI-04,0703639071,2026063075033,R-20260630-70,12,TRBT-009,30
2026-06-30,CEDI-04,0703639071,2026063075033,R-20260630-70,12,TRBT-007,20
2026-06-30,CEDI-04,0703639071,2026063075033,R-20260630-70,12,CONS-003,20
2026-06-30,CEDI-04,0703639071,2026063075033,R-20260630-70,12,SVC-002,10
2026-06-30,CEDI-04,0703639071,2026063075033,R-20260630-70,12,CONS-002,15
2026-06-30,CEDI-04,0703639071,2026063075033,R-20260630-70,12,ACC-002,15
2026-06-30,CEDI-04,0703639071,2026063075033,R-20260630-70,12,TRBT-010,40
2026-06-30,CEDI-04,0703639071,2026063075033,R-20260630-70,12,TRBT-001,10
2026-06-30,CEDI-04,0703639071,2026063075033,R-20260630-70,12,TRBT-002,30
2026-06-30,CEDI-04,0703639071,2026063075033,R-20260630-70,12,TRBT-004,35
2026-06-30,CEDI-04,0981079976,2026063095060,R-20260630-70,1,TRBT-005,30
2026-06-30,CEDI-04,0981079976,2026063095060,R-20260630-70,1,CONS-002,45
2026-06-30,CEDI-04,0981079976,2026063095060,R-20260630-70,1,ACC-002,20
2026-06-30,CEDI-04,0981079976,2026063095060,R-20260630-70,1,CONS-003,5
2026-06-30,CEDI-04,0981079976,2026063095060,R-20260630-70,1,TRBT-010,45
2026-06-30,CEDI-04,0981079976,2026063095060,R-20260630-70,1,TRBT-002,30
2026-06-30,CEDI-04,0981079976,2026063095060,R-20260630-70,1,TRBT-007,30
2026-06-30,CEDI-04,0981079976,2026063095060,R-20260630-70,1,ACC-001,40
2026-06-30,CEDI-04,0981079976,2026063095060,R-20260630-70,1,TRBT-004,30
2026-06-30,CEDI-04,0981079976,2026063095060,R-20260630-70,1,CONS-001,5
2026-06-30,CEDI-04,0971429843,2026063030469,R-20260630-70,2,ACC-003,35
2026-06-30,CEDI-04,0971429843,2026063030469,R-20260630-70,2,TRBT-008,10
2026-06-30,CEDI-04,0971429843,2026063030469,R-20260630-70,2,TRBT-005,25
2026-06-30,CEDI-04,0971429843,2026063030469,R-20260630-70,2,CONS-001,30
2026-06-30,CEDI-04,0971429843,2026063030469,R-20260630-70,2,TRBT-004,35
2026-06-30,CEDI-04,0971429843,2026063030469,R-20260630-70,2,TRBT-009,20
2026-06-30,CEDI-04,0971429843,2026063030469,R-20260630-70,2,TRBT-007,25
2026-06-30,CEDI-04,0971429843,2026063030469,R-20260630-70,2,ACC-001,15
2026-06-30,CEDI-04,0971429843,2026063030469,R-20260630-70,2,CONS-002,25
2026-06-30,CEDI-04,0971429843,2026063030469,R-20260630-70,2,ACC-004,30
2026-06-30,CEDI-04,0971429843,2026063030469,R-20260630-70,2,TRBT-006,15
2026-06-30,CEDI-04,0971429843,2026063030469,R-20260630-70,2,TRBT-002,15
2026-06-30,CEDI-04,0189026115,2026063070288,R-20260630-70,28,TRBT-005,40
2026-06-30,CEDI-04,0189026115,2026063070288,R-20260630-70,28,CONS-001,45
2026-06-30,CEDI-04,0189026115,2026063070288,R-20260630-70,28,TRBT-006,15
2026-06-30,CEDI-04,0189026115,2026063070288,R-20260630-70,28,TRBT-008,10
2026-06-30,CEDI-04,0189026115,2026063070288,R-20260630-70,28,SVC-001,35
2026-06-30,CEDI-04,0189026115,2026063070288,R-20260630-70,28,SVC-002,50
2026-06-30,CEDI-04,0189026115,2026063070288,R-20260630-70,28,TRBT-009,25
2026-06-30,CEDI-04,0189026115,2026063070288,R-20260630-70,28,ACC-004,50
2026-06-30,CEDI-04,0189026115,2026063070288,R-20260630-70,28,TRBT-003,5
2026-06-30,CEDI-04,0189026115,2026063070288,R-20260630-70,28,TRBT-007,25
2026-06-30,CEDI-04,0189026115,2026063070288,R-20260630-70,28,TRBT-004,20
2026-06-30,CEDI-04,0189026115,2026063070288,R-20260630-70,28,TRBT-010,40
2026-06-30,CEDI-04,0189026115,2026063070288,R-20260630-70,28,CONS-003,40
2026-06-30,CEDI-04,0189026115,2026063070288,R-20260630-70,28,CONS-002,40
2026-06-30,CEDI-04,0180667469,2026063061191,R-20260630-70,32,TRBT-006,40
2026-06-30,CEDI-04,0180667469,2026063061191,R-20260630-70,32,TRBT-004,50
2026-06-30,CEDI-04,0180667469,2026063061191,R-20260630-70,32,SVC-001,35
2026-06-30,CEDI-04,0180667469,2026063061191,R-20260630-70,32,ACC-001,45
2026-06-30,CEDI-04,0180667469,2026063061191,R-20260630-70,32,TRBT-005,25
2026-06-30,CEDI-04,0180667469,2026063061191,R-20260630-70,32,TRBT-009,25
2026-06-30,CEDI-04,0180667469,2026063061191,R-20260630-70,32,CONS-002,20
2026-06-30,CEDI-04,0180667469,2026063061191,R-20260630-70,32,ACC-004,45
2026-06-30,CEDI-04,0180667469,2026063061191,R-20260630-70,32,ACC-002,35
2026-06-30,CEDI-04,0180667469,2026063061191,R-20260630-70,32,CONS-001,25
2026-06-30,CEDI-04,0180667469,2026063061191,R-20260630-70,32,TRBT-008,25
2026-06-30,CEDI-04,0180667469,2026063061191,R-20260630-70,32,SVC-002,5
2026-06-30,CEDI-04,0180667469,2026063061191,R-20260630-70,32,TRBT-002,35
2026-06-30,CEDI-04,0180667469,2026063061191,R-20260630-70,32,TRBT-010,15
2026-06-30,CEDI-04,0180667469,2026063061191,R-20260630-70,32,TRBT-007,30
2026-06-30,CEDI-04,0800718225,2026063012173,R-20260630-70,6,TRBT-010,30
2026-06-30,CEDI-04,0800718225,2026063012173,R-20260630-70,6,TRBT-009,50
2026-06-30,CEDI-04,0800718225,2026063012173,R-20260630-70,6,TRBT-001,40
2026-06-30,CEDI-04,0800718225,2026063012173,R-20260630-70,6,CONS-002,15
2026-06-30,CEDI-04,0800718225,2026063012173,R-20260630-70,6,TRBT-004,40
2026-06-30,CEDI-04,0800718225,2026063012173,R-20260630-70,6,CONS-003,50
2026-06-30,CEDI-04,0658730724,2026063010692,R-20260630-70,14,TRBT-001,45
2026-06-30,CEDI-04,0658730724,2026063010692,R-20260630-70,14,TRBT-004,30
2026-06-30,CEDI-04,0658730724,2026063010692,R-20260630-70,14,CONS-001,25
2026-06-30,CEDI-04,0658730724,2026063010692,R-20260630-70,14,TRBT-003,5
2026-06-30,CEDI-04,0658730724,2026063010692,R-20260630-70,14,TRBT-002,50
2026-06-30,CEDI-04,0658730724,2026063010692,R-20260630-70,14,ACC-004,20
2026-06-30,CEDI-04,0823924749,2026063070921,R-20260630-70,5,CONS-001,50
2026-06-30,CEDI-04,0823924749,2026063070921,R-20260630-70,5,TRBT-003,5
2026-06-30,CEDI-04,0533065722,2026063047713,R-20260630-70,18,TRBT-004,40
2026-06-30,CEDI-04,0533065722,2026063047713,R-20260630-70,18,SVC-001,45
2026-06-30,CEDI-04,0533065722,2026063047713,R-20260630-70,18,ACC-002,20
2026-06-30,CEDI-04,0533065722,2026063047713,R-20260630-70,18,CONS-002,30
2026-06-30,CEDI-04,0533065722,2026063047713,R-20260630-70,18,CONS-003,10
2026-06-30,CEDI-04,0533065722,2026063047713,R-20260630-70,18,TRBT-003,50
2026-06-30,CEDI-04,0533065722,2026063047713,R-20260630-70,18,SVC-002,50
2026-06-30,CEDI-04,0533065722,2026063047713,R-20260630-70,18,TRBT-009,35
2026-06-30,CEDI-04,0533065722,2026063047713,R-20260630-70,18,TRBT-008,5
2026-06-30,CEDI-04,0533065722,2026063047713,R-20260630-70,18,ACC-001,15
2026-06-30,CEDI-04,0533065722,2026063047713,R-20260630-70,18,TRBT-005,20
2026-06-30,CEDI-04,0533065722,2026063047713,R-20260630-70,18,ACC-004,35
2026-06-30,CEDI-04,0533065722,2026063047713,R-20260630-70,18,TRBT-001,20
2026-06-30,CEDI-04,0533065722,2026063047713,R-20260630-70,18,CONS-001,15
2026-06-30,CEDI-04,0533065722,2026063047713,R-20260630-70,18,TRBT-002,40
2026-06-30,CEDI-04,0533065722,2026063047713,R-20260630-70,18,ACC-003,15
2026-06-30,CEDI-04,0455406399,2026063056278,R-20260630-70,22,TRBT-004,30
2026-06-30,CEDI-04,0455406399,2026063056278,R-20260630-70,22,SVC-001,35
2026-06-30,CEDI-04,0455406399,2026063056278,R-20260630-70,22,TRBT-009,30
2026-06-30,CEDI-04,0455406399,2026063056278,R-20260630-70,22,TRBT-007,25
2026-06-30,CEDI-04,0890957974,2026063016631,R-20260630-70,4,CONS-001,5
2026-06-30,CEDI-04,0890957974,2026063016631,R-20260630-70,4,TRBT-008,40
2026-06-30,CEDI-04,0890957974,2026063016631,R-20260630-70,4,TRBT-004,15
2026-06-30,CEDI-04,0890957974,2026063016631,R-20260630-70,4,CONS-002,35
2026-06-30,CEDI-04,0890957974,2026063016631,R-20260630-70,4,SVC-001,30
2026-06-30,CEDI-04,0890957974,2026063016631,R-20260630-70,4,TRBT-001,45
2026-06-30,CEDI-04,0890957974,2026063016631,R-20260630-70,4,TRBT-002,30
2026-06-30,CEDI-04,0890957974,2026063016631,R-20260630-70,4,ACC-003,35
2026-06-30,CEDI-04,0890957974,2026063016631,R-20260630-70,4,ACC-002,20
2026-06-30,CEDI-04,0890957974,2026063016631,R-20260630-70,4,ACC-001,50
2026-06-30,CEDI-04,0742680211,2026063055606,R-20260630-70,10,CONS-001,15
2026-06-30,CEDI-04,0742680211,2026063055606,R-20260630-70,10,CONS-002,5
2026-06-30,CEDI-04,0742680211,2026063055606,R-20260630-70,10,ACC-004,45
2026-06-30,CEDI-04,0742680211,2026063055606,R-20260630-70,10,SVC-002,20
2026-06-30,CEDI-04,0742680211,2026063055606,R-20260630-70,10,TRBT-001,10
2026-06-30,CEDI-04,0742680211,2026063055606,R-20260630-70,10,TRBT-002,35
2026-06-30,CEDI-04,0742680211,2026063055606,R-20260630-70,10,TRBT-005,5
2026-06-30,CEDI-04,0742680211,2026063055606,R-20260630-70,10,SVC-001,5
2026-06-30,CEDI-04,0742680211,2026063055606,R-20260630-70,10,TRBT-008,10
2026-06-30,CEDI-04,0742680211,2026063055606,R-20260630-70,10,ACC-003,40
2026-06-30,CEDI-04,0742680211,2026063055606,R-20260630-70,10,ACC-002,5
2026-06-30,CEDI-04,0742680211,2026063055606,R-20260630-70,10,CONS-003,40
2026-06-30,CEDI-04,0754116423,2026063010964,R-20260630-70,7,TRBT-009,40
2026-06-30,CEDI-04,0754116423,2026063010964,R-20260630-70,7,ACC-001,40
2026-06-30,CEDI-04,0754116423,2026063010964,R-20260630-70,7,CONS-002,20
2026-06-30,CEDI-04,0754116423,2026063010964,R-20260630-70,7,ACC-002,45
2026-06-30,CEDI-04,0754116423,2026063010964,R-20260630-70,7,TRBT-010,5
2026-06-30,CEDI-04,0754116423,2026063010964,R-20260630-70,7,TRBT-008,25
2026-06-30,CEDI-04,0754116423,2026063010964,R-20260630-70,7,CONS-001,30
2026-06-30,CEDI-04,0754116423,2026063010964,R-20260630-70,7,SVC-001,50
2026-06-30,CEDI-04,0754116423,2026063010964,R-20260630-70,7,SVC-002,25
2026-06-30,CEDI-04,0754116423,2026063010964,R-20260630-70,7,TRBT-006,30
2026-06-30,CEDI-04,0754116423,2026063010964,R-20260630-70,7,TRBT-003,50
2026-06-30,CEDI-04,0754116423,2026063010964,R-20260630-70,7,ACC-003,25
2026-06-30,CEDI-04,0754116423,2026063010964,R-20260630-70,7,TRBT-002,15
2026-06-30,CEDI-04,0754116423,2026063010964,R-20260630-70,7,TRBT-001,35
2026-06-30,CEDI-04,0754116423,2026063010964,R-20260630-70,7,TRBT-005,25
2026-06-30,CEDI-04,0753683524,2026063038544,R-20260630-70,8,TRBT-005,30
2026-06-30,CEDI-04,0464097181,2026063041496,R-20260630-70,21,TRBT-006,40
2026-06-30,CEDI-04,0464097181,2026063041496,R-20260630-70,21,TRBT-002,10
2026-06-30,CEDI-04,0464097181,2026063041496,R-20260630-70,21,CONS-001,20
2026-06-30,CEDI-04,0464097181,2026063041496,R-20260630-70,21,TRBT-008,35
2026-06-30,CEDI-04,0464097181,2026063041496,R-20260630-70,21,TRBT-004,45
2026-06-30,CEDI-04,0464097181,2026063041496,R-20260630-70,21,SVC-002,30
2026-06-30,CEDI-04,0464097181,2026063041496,R-20260630-70,21,TRBT-003,30
2026-06-30,CEDI-04,0464097181,2026063041496,R-20260630-70,21,ACC-002,30
2026-06-30,CEDI-04,0464097181,2026063041496,R-20260630-70,21,ACC-004,45
2026-06-30,CEDI-04,0464097181,2026063041496,R-20260630-70,21,TRBT-007,45
2026-06-30,CEDI-04,0464097181,2026063041496,R-20260630-70,21,TRBT-005,50
2026-06-30,CEDI-04,0464097181,2026063041496,R-20260630-70,21,CONS-002,35
2026-06-30,CEDI-04,0464097181,2026063041496,R-20260630-70,21,CONS-003,35
2026-06-30,CEDI-04,0464097181,2026063041496,R-20260630-70,21,TRBT-009,5
2026-06-30,CEDI-04,0464097181,2026063041496,R-20260630-70,21,TRBT-010,10
2026-06-30,CEDI-04,0464097181,2026063041496,R-20260630-70,21,ACC-001,15
2026-06-30,CEDI-04,0464097181,2026063041496,R-20260630-70,21,TRBT-001,10
2026-06-30,CEDI-04,0464097181,2026063041496,R-20260630-70,21,ACC-003,35
2026-06-30,CEDI-04,0552026444,2026063012860,R-20260630-70,16,CONS-002,45
2026-06-30,CEDI-04,0552026444,2026063012860,R-20260630-70,16,TRBT-010,30
2026-06-30,CEDI-04,0552026444,2026063012860,R-20260630-70,16,TRBT-009,30
2026-06-30,CEDI-04,0552026444,2026063012860,R-20260630-70,16,ACC-003,25
2026-06-30,CEDI-04,0552026444,2026063012860,R-20260630-70,16,TRBT-003,45
2026-06-30,CEDI-04,0552026444,2026063012860,R-20260630-70,16,TRBT-006,40
2026-06-30,CEDI-04,0134342654,2026063016900,R-20260630-70,33,TRBT-004,30
2026-06-30,CEDI-04,0134342654,2026063016900,R-20260630-70,33,TRBT-006,50
2026-06-30,CEDI-04,0134342654,2026063016900,R-20260630-70,33,CONS-001,25
2026-06-30,CEDI-04,0134342654,2026063016900,R-20260630-70,33,SVC-001,5
2026-06-30,CEDI-04,0134342654,2026063016900,R-20260630-70,33,ACC-003,10
2026-06-30,CEDI-04,0134342654,2026063016900,R-20260630-70,33,TRBT-008,45
2026-06-30,CEDI-04,0134342654,2026063016900,R-20260630-70,33,TRBT-001,50
2026-06-30,CEDI-04,0134342654,2026063016900,R-20260630-70,33,TRBT-003,25
2026-06-30,CEDI-04,0134342654,2026063016900,R-20260630-70,33,CONS-002,50
2026-06-30,CEDI-04,0134342654,2026063016900,R-20260630-70,33,CONS-003,30
2026-06-30,CEDI-04,0134342654,2026063016900,R-20260630-70,33,ACC-004,20
2026-06-30,CEDI-04,0134342654,2026063016900,R-20260630-70,33,SVC-002,15
2026-06-30,CEDI-04,0134342654,2026063016900,R-20260630-70,33,TRBT-010,30
2026-06-30,CEDI-04,0134342654,2026063016900,R-20260630-70,33,TRBT-005,5
2026-06-30,CEDI-04,0134342654,2026063016900,R-20260630-70,33,TRBT-007,30
2026-06-30,CEDI-04,0134342654,2026063016900,R-20260630-70,33,TRBT-009,30
2026-06-30,CEDI-04,0134342654,2026063016900,R-20260630-70,33,ACC-001,50
2026-06-30,CEDI-04,0134342654,2026063016900,R-20260630-70,33,ACC-002,40
2026-06-30,CEDI-04,0134342654,2026063016900,R-20260630-70,33,TRBT-002,20
2026-06-30,CEDI-04,0522525660,2026063031200,R-20260630-70,19,ACC-002,25
2026-06-30,CEDI-04,0522525660,2026063031200,R-20260630-70,19,CONS-003,10
2026-06-30,CEDI-04,0522525660,2026063031200,R-20260630-70,19,SVC-001,10
2026-06-30,CEDI-04,0522525660,2026063031200,R-20260630-70,19,TRBT-001,25
2026-06-30,CEDI-04,0522525660,2026063031200,R-20260630-70,19,CONS-002,40
2026-06-30,CEDI-04,0522525660,2026063031200,R-20260630-70,19,SVC-002,15
2026-06-30,CEDI-04,0674269182,2026063042991,R-20260630-70,13,TRBT-005,35
2026-06-30,CEDI-04,0674269182,2026063042991,R-20260630-70,13,ACC-004,20
2026-06-30,CEDI-04,0674269182,2026063042991,R-20260630-70,13,TRBT-010,45
2026-06-30,CEDI-04,0674269182,2026063042991,R-20260630-70,13,ACC-002,30
2026-06-30,CEDI-04,0674269182,2026063042991,R-20260630-70,13,CONS-001,35
2026-06-30,CEDI-04,0674269182,2026063042991,R-20260630-70,13,TRBT-008,35
2026-06-30,CEDI-04,0674269182,2026063042991,R-20260630-70,13,SVC-002,30
2026-06-30,CEDI-04,0674269182,2026063042991,R-20260630-70,13,CONS-002,50
2026-06-30,CEDI-04,0674269182,2026063042991,R-20260630-70,13,TRBT-004,35
2026-06-30,CEDI-04,0674269182,2026063042991,R-20260630-70,13,TRBT-001,10
2026-06-30,CEDI-04,0674269182,2026063042991,R-20260630-70,13,CONS-003,50
2026-06-30,CEDI-04,0674269182,2026063042991,R-20260630-70,13,SVC-001,35
2026-06-30,CEDI-04,0187494270,2026063087408,R-20260630-70,29,SVC-002,15
2026-06-30,CEDI-04,0187494270,2026063087408,R-20260630-70,29,TRBT-007,40
2026-06-30,CEDI-04,0187494270,2026063087408,R-20260630-70,29,CONS-001,50
2026-06-30,CEDI-04,0187494270,2026063087408,R-20260630-70,29,TRBT-005,20
2026-06-30,CEDI-04,0519184029,2026063030685,R-20260630-70,20,CONS-001,20
2026-06-30,CEDI-04,0519184029,2026063030685,R-20260630-70,20,CONS-002,35
2026-06-30,CEDI-04,0519184029,2026063030685,R-20260630-70,20,CONS-003,15
2026-06-30,CEDI-04,0519184029,2026063030685,R-20260630-70,20,SVC-002,10
2026-06-30,CEDI-04,0519184029,2026063030685,R-20260630-70,20,TRBT-008,10
2026-06-30,CEDI-04,0519184029,2026063030685,R-20260630-70,20,ACC-003,15
2026-06-30,CEDI-04,0519184029,2026063030685,R-20260630-70,20,ACC-002,20
2026-06-30,CEDI-04,0519184029,2026063030685,R-20260630-70,20,TRBT-009,20
2026-06-30,CEDI-04,0519184029,2026063030685,R-20260630-70,20,SVC-001,15
2026-06-30,CEDI-04,0110887158,2026063094737,R-20260630-70,35,TRBT-006,5
2026-06-30,CEDI-04,0110887158,2026063094737,R-20260630-70,35,TRBT-007,25
2026-06-30,CEDI-04,0110887158,2026063094737,R-20260630-70,35,CONS-001,35
2026-06-30,CEDI-04,0110887158,2026063094737,R-20260630-70,35,TRBT-005,25
2026-06-30,CEDI-04,0446321069,2026063098879,R-20260630-70,23,TRBT-003,30
2026-06-30,CEDI-04,0446321069,2026063098879,R-20260630-70,23,TRBT-005,45
2026-06-30,CEDI-04,0747149961,2026063027464,R-20260630-70,9,SVC-002,50
2026-06-30,CEDI-04,0747149961,2026063027464,R-20260630-70,9,TRBT-003,30
2026-06-30,CEDI-04,0966691783,2026063017910,R-20260630-70,3,CONS-001,5
2026-06-30,CEDI-04,0966691783,2026063017910,R-20260630-70,3,CONS-003,30
2026-06-30,CEDI-04,0966691783,2026063017910,R-20260630-70,3,ACC-003,5
2026-06-30,CEDI-04,0966691783,2026063017910,R-20260630-70,3,TRBT-001,5
2026-06-30,CEDI-04,0966691783,2026063017910,R-20260630-70,3,ACC-001,15
2026-06-30,CEDI-04,0966691783,2026063017910,R-20260630-70,3,SVC-001,40
2026-06-30,CEDI-04,0966691783,2026063017910,R-20260630-70,3,ACC-004,45
2026-06-30,CEDI-04,0966691783,2026063017910,R-20260630-70,3,ACC-002,50
2026-06-30,CEDI-04,0966691783,2026063017910,R-20260630-70,3,TRBT-004,30
2026-06-30,CEDI-04,0966691783,2026063017910,R-20260630-70,3,TRBT-002,35
2026-06-30,CEDI-04,0966691783,2026063017910,R-20260630-70,3,TRBT-006,5
2026-06-30,CEDI-04,0966691783,2026063017910,R-20260630-70,3,SVC-002,40
2026-06-30,CEDI-04,0966691783,2026063017910,R-20260630-70,3,TRBT-007,30
2026-06-30,CEDI-04,0966691783,2026063017910,R-20260630-70,3,TRBT-008,25
2026-06-30,CEDI-04,0549798406,2026063066107,R-20260630-70,17,CONS-003,40
2026-06-30,CEDI-04,0549798406,2026063066107,R-20260630-70,17,TRBT-010,35
2026-06-30,CEDI-04,0549798406,2026063066107,R-20260630-70,17,ACC-004,5
2026-06-30,CEDI-04,0549798406,2026063066107,R-20260630-70,17,TRBT-002,40
2026-06-30,CEDI-04,0549798406,2026063066107,R-20260630-70,17,ACC-002,15
2026-06-30,CEDI-04,0549798406,2026063066107,R-20260630-70,17,TRBT-007,10
2026-06-30,CEDI-04,0281532302,2026063034702,R-20260630-70,27,SVC-002,5
2026-06-30,CEDI-04,0281532302,2026063034702,R-20260630-70,27,TRBT-010,35
2026-06-30,CEDI-04,0281532302,2026063034702,R-20260630-70,27,CONS-001,40
2026-06-30,CEDI-04,0281532302,2026063034702,R-20260630-70,27,CONS-002,25
2026-06-30,CEDI-04,0281532302,2026063034702,R-20260630-70,27,TRBT-001,50
2026-06-30,CEDI-04,0281532302,2026063034702,R-20260630-70,27,TRBT-006,5
2026-06-30,CEDI-04,0281532302,2026063034702,R-20260630-70,27,CONS-003,25
2026-06-30,CEDI-04,0281532302,2026063034702,R-20260630-70,27,TRBT-003,5
2026-06-30,CEDI-04,0281532302,2026063034702,R-20260630-70,27,TRBT-005,40
2026-06-30,CEDI-04,0281532302,2026063034702,R-20260630-70,27,TRBT-008,30
2026-06-30,CEDI-04,0281532302,2026063034702,R-20260630-70,27,TRBT-002,10
2026-06-30,CEDI-04,0416084147,2026063026013,R-20260630-70,24,TRBT-001,25
2026-06-30,CEDI-04,0709837043,2026063048223,R-20260630-70,11,CONS-001,35
2026-06-30,CEDI-04,0709837043,2026063048223,R-20260630-70,11,CONS-003,5
2026-06-30,CEDI-04,0709837043,2026063048223,R-20260630-70,11,ACC-002,50
2026-06-30,CEDI-04,0709837043,2026063048223,R-20260630-70,11,TRBT-005,15
2026-06-30,CEDI-04,0709837043,2026063048223,R-20260630-70,11,ACC-003,25
2026-06-30,CEDI-04,0709837043,2026063048223,R-20260630-70,11,CONS-002,25
2026-06-30,CEDI-04,0709837043,2026063048223,R-20260630-70,11,TRBT-008,15
2026-06-30,CEDI-04,0709837043,2026063048223,R-20260630-70,11,SVC-001,45
2026-06-30,CEDI-04,0709837043,2026063048223,R-20260630-70,11,ACC-001,25
2026-06-30,CEDI-04,0709837043,2026063048223,R-20260630-70,11,SVC-002,35
2026-06-30,CEDI-04,0709837043,2026063048223,R-20260630-70,11,TRBT-010,50
2026-06-30,CEDI-04,0311285915,2026063082883,R-20260630-70,26,TRBT-005,30
2026-06-30,CEDI-04,0311285915,2026063082883,R-20260630-70,26,TRBT-006,15
2026-06-30,CEDI-04,0311285915,2026063082883,R-20260630-70,26,CONS-003,5
2026-06-30,CEDI-04,0311285915,2026063082883,R-20260630-70,26,TRBT-007,45
2026-06-30,CEDI-04,0311285915,2026063082883,R-20260630-70,26,CONS-002,10
2026-06-30,CEDI-04,0311285915,2026063082883,R-20260630-70,26,ACC-001,40
2026-06-30,CEDI-04,0311285915,2026063082883,R-20260630-70,26,TRBT-002,15
2026-06-30,CEDI-04,0311285915,2026063082883,R-20260630-70,26,TRBT-008,50
2026-06-30,CEDI-04,0311285915,2026063082883,R-20260630-70,26,TRBT-009,15
2026-06-30,CEDI-04,0311285915,2026063082883,R-20260630-70,26,ACC-004,5
2026-06-30,CEDI-04,0311285915,2026063082883,R-20260630-70,26,TRBT-003,25
2026-06-30,CEDI-04,0311285915,2026063082883,R-20260630-70,26,CONS-001,15
2026-06-30,CEDI-04,0311285915,2026063082883,R-20260630-70,26,TRBT-010,45
2026-06-30,CEDI-04,0311285915,2026063082883,R-20260630-70,26,ACC-002,40
2026-06-30,CEDI-04,0311285915,2026063082883,R-20260630-70,26,SVC-002,30
2026-06-30,CEDI-04,0311285915,2026063082883,R-20260630-70,26,TRBT-001,40
2026-06-30,CEDI-04,0114632141,2026063077882,R-20260630-70,34,TRBT-004,30
2026-06-30,CEDI-04,0114632141,2026063077882,R-20260630-70,34,TRBT-007,50
2026-06-30,CEDI-04,0114632141,2026063077882,R-20260630-70,34,TRBT-001,45
2026-06-30,CEDI-04,0114632141,2026063077882,R-20260630-70,34,TRBT-010,10
2026-06-30,CEDI-04,0114632141,2026063077882,R-20260630-70,34,TRBT-008,50
2026-06-30,CEDI-04,0114632141,2026063077882,R-20260630-70,34,TRBT-006,20
2026-06-30,CEDI-04,0114632141,2026063077882,R-20260630-70,34,CONS-003,15
2026-06-30,CEDI-04,0114632141,2026063077882,R-20260630-70,34,ACC-001,25
2026-06-30,CEDI-04,0114632141,2026063077882,R-20260630-70,34,TRBT-005,50
2026-06-30,CEDI-04,0114632141,2026063077882,R-20260630-70,34,TRBT-003,10
2026-06-30,CEDI-04,0114632141,2026063077882,R-20260630-70,34,TRBT-002,30
2026-06-30,CEDI-04,0114632141,2026063077882,R-20260630-70,34,TRBT-009,30
2026-06-30,CEDI-04,0114632141,2026063077882,R-20260630-70,34,ACC-004,50
2026-06-30,CEDI-04,0114632141,2026063077882,R-20260630-70,34,ACC-003,45
2026-06-30,CEDI-04,0185220459,2026063064602,R-20260630-70,30,ACC-002,50
2026-06-30,CEDI-04,0185220459,2026063064602,R-20260630-70,30,CONS-001,45
2026-06-30,CEDI-04,0185220459,2026063064602,R-20260630-70,30,TRBT-009,5
2026-06-30,CEDI-04,0185220459,2026063064602,R-20260630-70,30,TRBT-003,30
2026-06-30,CEDI-04,0185220459,2026063064602,R-20260630-70,30,CONS-003,5
2026-06-30,CEDI-04,0185220459,2026063064602,R-20260630-70,30,ACC-001,45
2026-06-30,CEDI-04,0185220459,2026063064602,R-20260630-70,30,ACC-003,30
2026-06-30,CEDI-04,0185220459,2026063064602,R-20260630-70,30,SVC-001,50
2026-06-30,CEDI-04,0185220459,2026063064602,R-20260630-70,30,ACC-004,35
2026-06-30,CEDI-04,0185220459,2026063064602,R-20260630-70,30,TRBT-005,50
2026-06-30,CEDI-04,0185220459,2026063064602,R-20260630-70,30,SVC-002,5
2026-06-30,CEDI-04,0185220459,2026063064602,R-20260630-70,30,TRBT-002,20
2026-06-30,CEDI-04,0185220459,2026063064602,R-20260630-70,30,TRBT-001,10
2026-06-30,CEDI-04,0185220459,2026063064602,R-20260630-70,30,CONS-002,20
2026-06-30,CEDI-04,0185220459,2026063064602,R-20260630-70,30,TRBT-010,40
2026-06-30,CEDI-04,0185220459,2026063064602,R-20260630-70,30,TRBT-008,50
2026-06-30,CEDI-04,0185220459,2026063064602,R-20260630-70,30,TRBT-004,30
2026-06-30,CEDI-05,0898110668,2026063067914,R-20260630-99,3,CONS-003,25
2026-06-30,CEDI-05,0898110668,2026063067914,R-20260630-99,3,TRBT-007,5
2026-06-30,CEDI-05,0898110668,2026063067914,R-20260630-99,3,CONS-002,5
2026-06-30,CEDI-05,0898110668,2026063067914,R-20260630-99,3,TRBT-001,20
2026-06-30,CEDI-05,0898110668,2026063067914,R-20260630-99,3,TRBT-005,20
2026-06-30,CEDI-05,0898110668,2026063067914,R-20260630-99,3,TRBT-002,20
2026-06-30,CEDI-05,0898110668,2026063067914,R-20260630-99,3,TRBT-008,15
2026-06-30,CEDI-05,0898110668,2026063067914,R-20260630-99,3,TRBT-010,35
2026-06-30,CEDI-05,0880977641,2026063025529,R-20260630-99,4,TRBT-001,15
2026-06-30,CEDI-05,0880977641,2026063025529,R-20260630-99,4,TRBT-009,25
2026-06-30,CEDI-05,0880977641,2026063025529,R-20260630-99,4,TRBT-008,45
2026-06-30,CEDI-05,0880977641,2026063025529,R-20260630-99,4,TRBT-005,15
2026-06-30,CEDI-05,0880977641,2026063025529,R-20260630-99,4,TRBT-007,45
2026-06-30,CEDI-05,0880977641,2026063025529,R-20260630-99,4,ACC-001,50
2026-06-30,CEDI-05,0880977641,2026063025529,R-20260630-99,4,TRBT-004,30
2026-06-30,CEDI-05,0880977641,2026063025529,R-20260630-99,4,SVC-001,20
2026-06-30,CEDI-05,0880977641,2026063025529,R-20260630-99,4,ACC-003,30
2026-06-30,CEDI-05,0880977641,2026063025529,R-20260630-99,4,ACC-002,20
2026-06-30,CEDI-05,0880977641,2026063025529,R-20260630-99,4,TRBT-002,5
2026-06-30,CEDI-05,0880977641,2026063025529,R-20260630-99,4,CONS-003,45
2026-06-30,CEDI-05,0880977641,2026063025529,R-20260630-99,4,SVC-002,40
2026-06-30,CEDI-05,0062009075,2026063057293,R-20260630-99,30,TRBT-010,35
2026-06-30,CEDI-05,0062009075,2026063057293,R-20260630-99,30,TRBT-001,5
2026-06-30,CEDI-05,0062009075,2026063057293,R-20260630-99,30,CONS-002,15
2026-06-30,CEDI-05,0062009075,2026063057293,R-20260630-99,30,ACC-004,50
2026-06-30,CEDI-05,0062009075,2026063057293,R-20260630-99,30,ACC-003,10
2026-06-30,CEDI-05,0062009075,2026063057293,R-20260630-99,30,SVC-001,35
2026-06-30,CEDI-05,0062009075,2026063057293,R-20260630-99,30,SVC-002,25
2026-06-30,CEDI-05,0062009075,2026063057293,R-20260630-99,30,ACC-002,50
2026-06-30,CEDI-05,0062009075,2026063057293,R-20260630-99,30,TRBT-003,5
2026-06-30,CEDI-05,0062009075,2026063057293,R-20260630-99,30,TRBT-007,40
2026-06-30,CEDI-05,0782110096,2026063094821,R-20260630-99,7,CONS-003,35
2026-06-30,CEDI-05,0782110096,2026063094821,R-20260630-99,7,TRBT-007,30
2026-06-30,CEDI-05,0782110096,2026063094821,R-20260630-99,7,ACC-003,35
2026-06-30,CEDI-05,0782110096,2026063094821,R-20260630-99,7,TRBT-001,40
2026-06-30,CEDI-05,0782110096,2026063094821,R-20260630-99,7,TRBT-009,10
2026-06-30,CEDI-05,0782110096,2026063094821,R-20260630-99,7,CONS-001,20
2026-06-30,CEDI-05,0782110096,2026063094821,R-20260630-99,7,ACC-002,45
2026-06-30,CEDI-05,0782110096,2026063094821,R-20260630-99,7,TRBT-008,30
2026-06-30,CEDI-05,0782110096,2026063094821,R-20260630-99,7,TRBT-003,35
2026-06-30,CEDI-05,0354292853,2026063028364,R-20260630-99,19,TRBT-008,20
2026-06-30,CEDI-05,0354292853,2026063028364,R-20260630-99,19,TRBT-006,45
2026-06-30,CEDI-05,0354292853,2026063028364,R-20260630-99,19,CONS-003,20
2026-06-30,CEDI-05,0354292853,2026063028364,R-20260630-99,19,TRBT-010,35
2026-06-30,CEDI-05,0354292853,2026063028364,R-20260630-99,19,SVC-001,50
2026-06-30,CEDI-05,0354292853,2026063028364,R-20260630-99,19,TRBT-005,15
2026-06-30,CEDI-05,0354292853,2026063028364,R-20260630-99,19,ACC-003,5
2026-06-30,CEDI-05,0354292853,2026063028364,R-20260630-99,19,TRBT-009,30
2026-06-30,CEDI-05,0354292853,2026063028364,R-20260630-99,19,TRBT-001,25
2026-06-30,CEDI-05,0354292853,2026063028364,R-20260630-99,19,TRBT-002,45
2026-06-30,CEDI-05,0354292853,2026063028364,R-20260630-99,19,ACC-002,45
2026-06-30,CEDI-05,0354292853,2026063028364,R-20260630-99,19,ACC-001,10
2026-06-30,CEDI-05,0664301382,2026063056753,R-20260630-99,12,TRBT-001,20
2026-06-30,CEDI-05,0664301382,2026063056753,R-20260630-99,12,TRBT-006,45
2026-06-30,CEDI-05,0664301382,2026063056753,R-20260630-99,12,SVC-002,35
2026-06-30,CEDI-05,0664301382,2026063056753,R-20260630-99,12,TRBT-010,5
2026-06-30,CEDI-05,0664301382,2026063056753,R-20260630-99,12,TRBT-005,25
2026-06-30,CEDI-05,0664301382,2026063056753,R-20260630-99,12,ACC-003,30
2026-06-30,CEDI-05,0664301382,2026063056753,R-20260630-99,12,SVC-001,25
2026-06-30,CEDI-05,0664301382,2026063056753,R-20260630-99,12,TRBT-009,40
2026-06-30,CEDI-05,0664301382,2026063056753,R-20260630-99,12,TRBT-004,35
2026-06-30,CEDI-05,0664301382,2026063056753,R-20260630-99,12,TRBT-002,35
2026-06-30,CEDI-05,0664301382,2026063056753,R-20260630-99,12,TRBT-007,10
2026-06-30,CEDI-05,0664301382,2026063056753,R-20260630-99,12,ACC-004,30
2026-06-30,CEDI-05,0664301382,2026063056753,R-20260630-99,12,ACC-001,45
2026-06-30,CEDI-05,0274486645,2026063098658,R-20260630-99,22,TRBT-002,35
2026-06-30,CEDI-05,0274486645,2026063098658,R-20260630-99,22,ACC-003,30
2026-06-30,CEDI-05,0274486645,2026063098658,R-20260630-99,22,TRBT-004,30
2026-06-30,CEDI-05,0274486645,2026063098658,R-20260630-99,22,TRBT-005,50
2026-06-30,CEDI-05,0274486645,2026063098658,R-20260630-99,22,ACC-001,40
2026-06-30,CEDI-05,0274486645,2026063098658,R-20260630-99,22,TRBT-009,50
2026-06-30,CEDI-05,0274486645,2026063098658,R-20260630-99,22,SVC-001,50
2026-06-30,CEDI-05,0274486645,2026063098658,R-20260630-99,22,SVC-002,45
2026-06-30,CEDI-05,0273822438,2026063089558,R-20260630-99,23,ACC-001,20
2026-06-30,CEDI-05,0273822438,2026063089558,R-20260630-99,23,CONS-001,45
2026-06-30,CEDI-05,0273822438,2026063089558,R-20260630-99,23,TRBT-007,35
2026-06-30,CEDI-05,0273822438,2026063089558,R-20260630-99,23,TRBT-006,30
2026-06-30,CEDI-05,0273822438,2026063089558,R-20260630-99,23,CONS-002,50
2026-06-30,CEDI-05,0273822438,2026063089558,R-20260630-99,23,TRBT-003,15
2026-06-30,CEDI-05,0273822438,2026063089558,R-20260630-99,23,TRBT-005,50
2026-06-30,CEDI-05,0273822438,2026063089558,R-20260630-99,23,TRBT-009,45
2026-06-30,CEDI-05,0273822438,2026063089558,R-20260630-99,23,TRBT-002,25
2026-06-30,CEDI-05,0273822438,2026063089558,R-20260630-99,23,ACC-004,40
2026-06-30,CEDI-05,0273822438,2026063089558,R-20260630-99,23,TRBT-010,30
2026-06-30,CEDI-05,0273822438,2026063089558,R-20260630-99,23,SVC-001,20
2026-06-30,CEDI-05,0273822438,2026063089558,R-20260630-99,23,ACC-002,45
2026-06-30,CEDI-05,0273822438,2026063089558,R-20260630-99,23,TRBT-008,5
2026-06-30,CEDI-05,0273822438,2026063089558,R-20260630-99,23,CONS-003,10
2026-06-30,CEDI-05,0334121986,2026063089817,R-20260630-99,20,TRBT-001,20
2026-06-30,CEDI-05,0334121986,2026063089817,R-20260630-99,20,SVC-001,50
2026-06-30,CEDI-05,0334121986,2026063089817,R-20260630-99,20,ACC-002,10
2026-06-30,CEDI-05,0334121986,2026063089817,R-20260630-99,20,CONS-001,25
2026-06-30,CEDI-05,0334121986,2026063089817,R-20260630-99,20,ACC-001,45
2026-06-30,CEDI-05,0334121986,2026063089817,R-20260630-99,20,TRBT-009,35
2026-06-30,CEDI-05,0334121986,2026063089817,R-20260630-99,20,CONS-003,15
2026-06-30,CEDI-05,0655878831,2026063058784,R-20260630-99,13,TRBT-003,15
2026-06-30,CEDI-05,0655878831,2026063058784,R-20260630-99,13,SVC-002,50
2026-06-30,CEDI-05,0655878831,2026063058784,R-20260630-99,13,TRBT-009,20
2026-06-30,CEDI-05,0655878831,2026063058784,R-20260630-99,13,ACC-003,35
2026-06-30,CEDI-05,0655878831,2026063058784,R-20260630-99,13,TRBT-007,10
2026-06-30,CEDI-05,0655878831,2026063058784,R-20260630-99,13,TRBT-004,5
2026-06-30,CEDI-05,0308177797,2026063054932,R-20260630-99,21,SVC-002,15
2026-06-30,CEDI-05,0308177797,2026063054932,R-20260630-99,21,TRBT-002,50
2026-06-30,CEDI-05,0308177797,2026063054932,R-20260630-99,21,TRBT-005,35
2026-06-30,CEDI-05,0308177797,2026063054932,R-20260630-99,21,ACC-003,25
2026-06-30,CEDI-05,0308177797,2026063054932,R-20260630-99,21,TRBT-001,5
2026-06-30,CEDI-05,0308177797,2026063054932,R-20260630-99,21,TRBT-009,10
2026-06-30,CEDI-05,0308177797,2026063054932,R-20260630-99,21,TRBT-007,5
2026-06-30,CEDI-05,0308177797,2026063054932,R-20260630-99,21,TRBT-004,20
2026-06-30,CEDI-05,0308177797,2026063054932,R-20260630-99,21,TRBT-006,30
2026-06-30,CEDI-05,0308177797,2026063054932,R-20260630-99,21,CONS-001,20
2026-06-30,CEDI-05,0308177797,2026063054932,R-20260630-99,21,ACC-001,30
2026-06-30,CEDI-05,0308177797,2026063054932,R-20260630-99,21,ACC-002,50
2026-06-30,CEDI-05,0308177797,2026063054932,R-20260630-99,21,TRBT-010,45
2026-06-30,CEDI-05,0308177797,2026063054932,R-20260630-99,21,TRBT-008,50
2026-06-30,CEDI-05,0308177797,2026063054932,R-20260630-99,21,ACC-004,15
2026-06-30,CEDI-05,0308177797,2026063054932,R-20260630-99,21,CONS-003,40
2026-06-30,CEDI-05,0308177797,2026063054932,R-20260630-99,21,TRBT-003,35
2026-06-30,CEDI-05,0308177797,2026063054932,R-20260630-99,21,CONS-002,5
2026-06-30,CEDI-05,0308177797,2026063054932,R-20260630-99,21,SVC-001,15
2026-06-30,CEDI-05,0078024602,2026063046138,R-20260630-99,28,SVC-001,30
2026-06-30,CEDI-05,0078024602,2026063046138,R-20260630-99,28,CONS-003,40
2026-06-30,CEDI-05,0078024602,2026063046138,R-20260630-99,28,ACC-003,30
2026-06-30,CEDI-05,0078024602,2026063046138,R-20260630-99,28,CONS-002,40
2026-06-30,CEDI-05,0078024602,2026063046138,R-20260630-99,28,TRBT-010,35
2026-06-30,CEDI-05,0078024602,2026063046138,R-20260630-99,28,ACC-002,25
2026-06-30,CEDI-05,0389754075,2026063025770,R-20260630-99,18,ACC-001,50
2026-06-30,CEDI-05,0389754075,2026063025770,R-20260630-99,18,ACC-004,20
2026-06-30,CEDI-05,0389754075,2026063025770,R-20260630-99,18,SVC-001,40
2026-06-30,CEDI-05,0389754075,2026063025770,R-20260630-99,18,TRBT-001,30
2026-06-30,CEDI-05,0389754075,2026063025770,R-20260630-99,18,CONS-002,20
2026-06-30,CEDI-05,0389754075,2026063025770,R-20260630-99,18,TRBT-002,50
2026-06-30,CEDI-05,0389754075,2026063025770,R-20260630-99,18,TRBT-004,20
2026-06-30,CEDI-05,0389754075,2026063025770,R-20260630-99,18,TRBT-003,45
2026-06-30,CEDI-05,0389754075,2026063025770,R-20260630-99,18,TRBT-008,20
2026-06-30,CEDI-05,0389754075,2026063025770,R-20260630-99,18,TRBT-007,30
2026-06-30,CEDI-05,0389754075,2026063025770,R-20260630-99,18,TRBT-009,50
2026-06-30,CEDI-05,0389754075,2026063025770,R-20260630-99,18,SVC-002,30
2026-06-30,CEDI-05,0389754075,2026063025770,R-20260630-99,18,TRBT-010,20
2026-06-30,CEDI-05,0781621418,2026063025428,R-20260630-99,8,SVC-002,45
2026-06-30,CEDI-05,0781621418,2026063025428,R-20260630-99,8,TRBT-001,45
2026-06-30,CEDI-05,0781621418,2026063025428,R-20260630-99,8,TRBT-007,40
2026-06-30,CEDI-05,0781621418,2026063025428,R-20260630-99,8,ACC-003,50
2026-06-30,CEDI-05,0781621418,2026063025428,R-20260630-99,8,TRBT-002,20
2026-06-30,CEDI-05,0781621418,2026063025428,R-20260630-99,8,CONS-003,25
2026-06-30,CEDI-05,0103444735,2026063038994,R-20260630-99,26,SVC-002,5
2026-06-30,CEDI-05,0103444735,2026063038994,R-20260630-99,26,ACC-002,50
2026-06-30,CEDI-05,0103444735,2026063038994,R-20260630-99,26,CONS-003,20
2026-06-30,CEDI-05,0103444735,2026063038994,R-20260630-99,26,TRBT-002,20
2026-06-30,CEDI-05,0103444735,2026063038994,R-20260630-99,26,ACC-003,15
2026-06-30,CEDI-05,0103444735,2026063038994,R-20260630-99,26,TRBT-008,15
2026-06-30,CEDI-05,0103444735,2026063038994,R-20260630-99,26,ACC-001,50
2026-06-30,CEDI-05,0103444735,2026063038994,R-20260630-99,26,CONS-002,10
2026-06-30,CEDI-05,0103444735,2026063038994,R-20260630-99,26,TRBT-001,30
2026-06-30,CEDI-05,0103444735,2026063038994,R-20260630-99,26,ACC-004,45
2026-06-30,CEDI-05,0103444735,2026063038994,R-20260630-99,26,TRBT-005,30
2026-06-30,CEDI-05,0103444735,2026063038994,R-20260630-99,26,SVC-001,50
2026-06-30,CEDI-05,0103444735,2026063038994,R-20260630-99,26,CONS-001,5
2026-06-30,CEDI-05,0722294099,2026063049999,R-20260630-99,9,SVC-002,15
2026-06-30,CEDI-05,0722294099,2026063049999,R-20260630-99,9,ACC-004,30
2026-06-30,CEDI-05,0722294099,2026063049999,R-20260630-99,9,TRBT-002,15
2026-06-30,CEDI-05,0722294099,2026063049999,R-20260630-99,9,TRBT-009,30
2026-06-30,CEDI-05,0722294099,2026063049999,R-20260630-99,9,ACC-002,25
2026-06-30,CEDI-05,0722294099,2026063049999,R-20260630-99,9,TRBT-008,50
2026-06-30,CEDI-05,0722294099,2026063049999,R-20260630-99,9,ACC-001,10
2026-06-30,CEDI-05,0722294099,2026063049999,R-20260630-99,9,TRBT-005,30
2026-06-30,CEDI-05,0722294099,2026063049999,R-20260630-99,9,SVC-001,20
2026-06-30,CEDI-05,0722294099,2026063049999,R-20260630-99,9,TRBT-010,30
2026-06-30,CEDI-05,0722294099,2026063049999,R-20260630-99,9,TRBT-004,45
2026-06-30,CEDI-05,0722294099,2026063049999,R-20260630-99,9,ACC-003,15
2026-06-30,CEDI-05,0722294099,2026063049999,R-20260630-99,9,TRBT-007,25
2026-06-30,CEDI-05,0722294099,2026063049999,R-20260630-99,9,TRBT-003,50
2026-06-30,CEDI-05,0722294099,2026063049999,R-20260630-99,9,TRBT-001,35
2026-06-30,CEDI-05,0722294099,2026063049999,R-20260630-99,9,CONS-001,30
2026-06-30,CEDI-05,0722294099,2026063049999,R-20260630-99,9,CONS-003,20
2026-06-30,CEDI-05,0722294099,2026063049999,R-20260630-99,9,CONS-002,50
2026-06-30,CEDI-05,0722294099,2026063049999,R-20260630-99,9,TRBT-006,30
2026-06-30,CEDI-05,0966219621,2026063072748,R-20260630-99,1,ACC-003,30
2026-06-30,CEDI-05,0966219621,2026063072748,R-20260630-99,1,TRBT-008,45
2026-06-30,CEDI-05,0966219621,2026063072748,R-20260630-99,1,SVC-001,30
2026-06-30,CEDI-05,0966219621,2026063072748,R-20260630-99,1,ACC-004,5
2026-06-30,CEDI-05,0966219621,2026063072748,R-20260630-99,1,TRBT-002,10
2026-06-30,CEDI-05,0966219621,2026063072748,R-20260630-99,1,CONS-002,40
2026-06-30,CEDI-05,0966219621,2026063072748,R-20260630-99,1,TRBT-001,5
2026-06-30,CEDI-05,0966219621,2026063072748,R-20260630-99,1,TRBT-003,15
2026-06-30,CEDI-05,0966219621,2026063072748,R-20260630-99,1,ACC-002,30
2026-06-30,CEDI-05,0065981670,2026063024216,R-20260630-99,29,TRBT-010,50
2026-06-30,CEDI-05,0702788021,2026063095155,R-20260630-99,10,CONS-001,25
2026-06-30,CEDI-05,0702788021,2026063095155,R-20260630-99,10,ACC-002,25
2026-06-30,CEDI-05,0702788021,2026063095155,R-20260630-99,10,TRBT-001,50
2026-06-30,CEDI-05,0702788021,2026063095155,R-20260630-99,10,TRBT-004,5
2026-06-30,CEDI-05,0702788021,2026063095155,R-20260630-99,10,TRBT-003,20
2026-06-30,CEDI-05,0702788021,2026063095155,R-20260630-99,10,TRBT-008,40
2026-06-30,CEDI-05,0702788021,2026063095155,R-20260630-99,10,ACC-003,15
2026-06-30,CEDI-05,0702788021,2026063095155,R-20260630-99,10,TRBT-006,20
2026-06-30,CEDI-05,0702788021,2026063095155,R-20260630-99,10,SVC-002,15
2026-06-30,CEDI-05,0702788021,2026063095155,R-20260630-99,10,CONS-002,15
2026-06-30,CEDI-05,0702788021,2026063095155,R-20260630-99,10,TRBT-010,25
2026-06-30,CEDI-05,0702788021,2026063095155,R-20260630-99,10,TRBT-002,10
2026-06-30,CEDI-05,0702788021,2026063095155,R-20260630-99,10,TRBT-009,30
2026-06-30,CEDI-05,0702788021,2026063095155,R-20260630-99,10,ACC-001,20
2026-06-30,CEDI-05,0628425329,2026063015281,R-20260630-99,15,SVC-002,25
2026-06-30,CEDI-05,0628425329,2026063015281,R-20260630-99,15,TRBT-006,35
2026-06-30,CEDI-05,0628425329,2026063015281,R-20260630-99,15,TRBT-010,20
2026-06-30,CEDI-05,0628425329,2026063015281,R-20260630-99,15,ACC-004,30
2026-06-30,CEDI-05,0628425329,2026063015281,R-20260630-99,15,SVC-001,50
2026-06-30,CEDI-05,0628425329,2026063015281,R-20260630-99,15,TRBT-007,50
2026-06-30,CEDI-05,0628425329,2026063015281,R-20260630-99,15,CONS-002,20
2026-06-30,CEDI-05,0628425329,2026063015281,R-20260630-99,15,ACC-001,10
2026-06-30,CEDI-05,0628425329,2026063015281,R-20260630-99,15,TRBT-005,35
2026-06-30,CEDI-05,0628425329,2026063015281,R-20260630-99,15,TRBT-002,40
2026-06-30,CEDI-05,0628425329,2026063015281,R-20260630-99,15,TRBT-003,45
2026-06-30,CEDI-05,0628425329,2026063015281,R-20260630-99,15,TRBT-004,40
2026-06-30,CEDI-05,0628425329,2026063015281,R-20260630-99,15,CONS-003,15
2026-06-30,CEDI-05,0842898011,2026063037198,R-20260630-99,5,TRBT-004,50
2026-06-30,CEDI-05,0842898011,2026063037198,R-20260630-99,5,ACC-002,15
2026-06-30,CEDI-05,0842898011,2026063037198,R-20260630-99,5,SVC-002,40
2026-06-30,CEDI-05,0842898011,2026063037198,R-20260630-99,5,ACC-001,50
2026-06-30,CEDI-05,0842898011,2026063037198,R-20260630-99,5,TRBT-001,30
2026-06-30,CEDI-05,0842898011,2026063037198,R-20260630-99,5,CONS-001,15
2026-06-30,CEDI-05,0842898011,2026063037198,R-20260630-99,5,SVC-001,50
2026-06-30,CEDI-05,0842898011,2026063037198,R-20260630-99,5,TRBT-010,10
2026-06-30,CEDI-05,0842898011,2026063037198,R-20260630-99,5,CONS-002,20
2026-06-30,CEDI-05,0842898011,2026063037198,R-20260630-99,5,ACC-003,5
2026-06-30,CEDI-05,0842898011,2026063037198,R-20260630-99,5,TRBT-003,40
2026-06-30,CEDI-05,0842898011,2026063037198,R-20260630-99,5,TRBT-006,20
2026-06-30,CEDI-05,0842898011,2026063037198,R-20260630-99,5,TRBT-009,50
2026-06-30,CEDI-05,0014520882,2026063066291,R-20260630-99,31,TRBT-004,45
2026-06-30,CEDI-05,0014520882,2026063066291,R-20260630-99,31,TRBT-006,50
2026-06-30,CEDI-05,0014520882,2026063066291,R-20260630-99,31,SVC-001,50
2026-06-30,CEDI-05,0014520882,2026063066291,R-20260630-99,31,ACC-004,35
2026-06-30,CEDI-05,0014520882,2026063066291,R-20260630-99,31,TRBT-001,45
2026-06-30,CEDI-05,0014520882,2026063066291,R-20260630-99,31,CONS-001,45
2026-06-30,CEDI-05,0014520882,2026063066291,R-20260630-99,31,TRBT-002,30
2026-06-30,CEDI-05,0014520882,2026063066291,R-20260630-99,31,TRBT-010,15
2026-06-30,CEDI-05,0014520882,2026063066291,R-20260630-99,31,TRBT-009,50
2026-06-30,CEDI-05,0014520882,2026063066291,R-20260630-99,31,ACC-001,35
2026-06-30,CEDI-05,0014520882,2026063066291,R-20260630-99,31,TRBT-008,20
2026-06-30,CEDI-05,0014520882,2026063066291,R-20260630-99,31,CONS-002,35
2026-06-30,CEDI-05,0014520882,2026063066291,R-20260630-99,31,CONS-003,45
2026-06-30,CEDI-05,0014520882,2026063066291,R-20260630-99,31,TRBT-007,40
2026-06-30,CEDI-05,0014520882,2026063066291,R-20260630-99,31,ACC-002,50
2026-06-30,CEDI-05,0014520882,2026063066291,R-20260630-99,31,TRBT-003,50
2026-06-30,CEDI-05,0014520882,2026063066291,R-20260630-99,31,TRBT-005,5
2026-06-30,CEDI-05,0014520882,2026063066291,R-20260630-99,31,ACC-003,45
2026-06-30,CEDI-05,0014520882,2026063066291,R-20260630-99,31,SVC-002,10
2026-06-30,CEDI-05,0522650734,2026063069892,R-20260630-99,16,TRBT-008,40
2026-06-30,CEDI-05,0522650734,2026063069892,R-20260630-99,16,ACC-003,45
2026-06-30,CEDI-05,0522650734,2026063069892,R-20260630-99,16,SVC-001,10
2026-06-30,CEDI-05,0522650734,2026063069892,R-20260630-99,16,CONS-002,40
2026-06-30,CEDI-05,0522650734,2026063069892,R-20260630-99,16,SVC-002,35
2026-06-30,CEDI-05,0522650734,2026063069892,R-20260630-99,16,CONS-003,45
2026-06-30,CEDI-05,0801169303,2026063095549,R-20260630-99,6,CONS-002,5
2026-06-30,CEDI-05,0801169303,2026063095549,R-20260630-99,6,TRBT-002,30
2026-06-30,CEDI-05,0801169303,2026063095549,R-20260630-99,6,TRBT-009,5
2026-06-30,CEDI-05,0222372254,2026063072037,R-20260630-99,24,TRBT-002,5
2026-06-30,CEDI-05,0222372254,2026063072037,R-20260630-99,24,ACC-003,50
2026-06-30,CEDI-05,0222372254,2026063072037,R-20260630-99,24,TRBT-006,30
2026-06-30,CEDI-05,0222372254,2026063072037,R-20260630-99,24,ACC-001,50
2026-06-30,CEDI-05,0222372254,2026063072037,R-20260630-99,24,ACC-002,35
2026-06-30,CEDI-05,0222372254,2026063072037,R-20260630-99,24,TRBT-010,50
2026-06-30,CEDI-05,0094656200,2026063020755,R-20260630-99,27,SVC-002,35
2026-06-30,CEDI-05,0094656200,2026063020755,R-20260630-99,27,CONS-001,40
2026-06-30,CEDI-05,0094656200,2026063020755,R-20260630-99,27,SVC-001,5
2026-06-30,CEDI-05,0094656200,2026063020755,R-20260630-99,27,CONS-002,15
2026-06-30,CEDI-05,0094656200,2026063020755,R-20260630-99,27,CONS-003,40
2026-06-30,CEDI-05,0094656200,2026063020755,R-20260630-99,27,TRBT-007,30
2026-06-30,CEDI-05,0011097871,2026063075251,R-20260630-99,32,SVC-002,35
2026-06-30,CEDI-05,0011097871,2026063075251,R-20260630-99,32,CONS-003,15
2026-06-30,CEDI-05,0011097871,2026063075251,R-20260630-99,32,TRBT-008,15
2026-06-30,CEDI-05,0011097871,2026063075251,R-20260630-99,32,SVC-001,30
2026-06-30,CEDI-05,0011097871,2026063075251,R-20260630-99,32,ACC-003,5
2026-06-30,CEDI-05,0011097871,2026063075251,R-20260630-99,32,TRBT-002,30
2026-06-30,CEDI-05,0011097871,2026063075251,R-20260630-99,32,ACC-001,10
2026-06-30,CEDI-05,0011097871,2026063075251,R-20260630-99,32,TRBT-005,20
2026-06-30,CEDI-05,0011097871,2026063075251,R-20260630-99,32,TRBT-003,35
2026-06-30,CEDI-05,0011097871,2026063075251,R-20260630-99,32,CONS-001,5
2026-06-30,CEDI-05,0011097871,2026063075251,R-20260630-99,32,TRBT-009,10
2026-06-30,CEDI-05,0451566720,2026063030358,R-20260630-99,17,SVC-002,50
2026-06-30,CEDI-05,0451566720,2026063030358,R-20260630-99,17,ACC-001,40
2026-06-30,CEDI-05,0451566720,2026063030358,R-20260630-99,17,TRBT-009,50
2026-06-30,CEDI-05,0451566720,2026063030358,R-20260630-99,17,TRBT-008,40
2026-06-30,CEDI-05,0451566720,2026063030358,R-20260630-99,17,TRBT-004,15
2026-06-30,CEDI-05,0451566720,2026063030358,R-20260630-99,17,CONS-003,40
2026-06-30,CEDI-05,0451566720,2026063030358,R-20260630-99,17,ACC-002,20
2026-06-30,CEDI-05,0451566720,2026063030358,R-20260630-99,17,ACC-004,50
2026-06-30,CEDI-05,0451566720,2026063030358,R-20260630-99,17,SVC-001,20
2026-06-30,CEDI-05,0451566720,2026063030358,R-20260630-99,17,TRBT-005,15
2026-06-30,CEDI-05,0451566720,2026063030358,R-20260630-99,17,TRBT-001,25
2026-06-30,CEDI-05,0120105132,2026063065697,R-20260630-99,25,TRBT-007,5
2026-06-30,CEDI-05,0120105132,2026063065697,R-20260630-99,25,TRBT-004,5
2026-06-30,CEDI-05,0120105132,2026063065697,R-20260630-99,25,CONS-002,40
2026-06-30,CEDI-05,0120105132,2026063065697,R-20260630-99,25,TRBT-005,15
2026-06-30,CEDI-05,0120105132,2026063065697,R-20260630-99,25,CONS-003,35
2026-06-30,CEDI-05,0120105132,2026063065697,R-20260630-99,25,TRBT-008,45
2026-06-30,CEDI-05,0120105132,2026063065697,R-20260630-99,25,SVC-002,5
2026-06-30,CEDI-05,0120105132,2026063065697,R-20260630-99,25,CONS-001,5
2026-06-30,CEDI-05,0120105132,2026063065697,R-20260630-99,25,TRBT-001,20
2026-06-30,CEDI-05,0120105132,2026063065697,R-20260630-99,25,ACC-004,35
2026-06-30,CEDI-05,0120105132,2026063065697,R-20260630-99,25,ACC-002,30
2026-06-30,CEDI-05,0120105132,2026063065697,R-20260630-99,25,TRBT-009,10
2026-06-30,CEDI-05,0120105132,2026063065697,R-20260630-99,25,ACC-001,45
2026-06-30,CEDI-05,0120105132,2026063065697,R-20260630-99,25,ACC-003,25
2026-06-30,CEDI-05,0640317095,2026063052774,R-20260630-99,14,TRBT-006,5
2026-06-30,CEDI-05,0640317095,2026063052774,R-20260630-99,14,TRBT-010,15
2026-06-30,CEDI-05,0640317095,2026063052774,R-20260630-99,14,TRBT-005,40
2026-06-30,CEDI-05,0640317095,2026063052774,R-20260630-99,14,CONS-001,45
2026-06-30,CEDI-05,0640317095,2026063052774,R-20260630-99,14,ACC-004,50
2026-06-30,CEDI-05,0640317095,2026063052774,R-20260630-99,14,TRBT-009,45
2026-06-30,CEDI-05,0640317095,2026063052774,R-20260630-99,14,TRBT-004,40
2026-06-30,CEDI-05,0640317095,2026063052774,R-20260630-99,14,SVC-001,15
2026-06-30,CEDI-05,0640317095,2026063052774,R-20260630-99,14,CONS-002,35
2026-06-30,CEDI-05,0640317095,2026063052774,R-20260630-99,14,CONS-003,20
2026-06-30,CEDI-05,0640317095,2026063052774,R-20260630-99,14,ACC-003,45
2026-06-30,CEDI-05,0640317095,2026063052774,R-20260630-99,14,TRBT-003,20
2026-06-30,CEDI-05,0640317095,2026063052774,R-20260630-99,14,TRBT-007,25
2026-06-30,CEDI-05,0640317095,2026063052774,R-20260630-99,14,TRBT-001,20
2026-06-30,CEDI-05,0640317095,2026063052774,R-20260630-99,14,TRBT-008,15
2026-06-30,CEDI-05,0640317095,2026063052774,R-20260630-99,14,SVC-002,35
2026-06-30,CEDI-05,0640317095,2026063052774,R-20260630-99,14,ACC-001,35
2026-06-30,CEDI-05,0664388775,2026063018930,R-20260630-99,11,SVC-001,40
2026-06-30,CEDI-05,0664388775,2026063018930,R-20260630-99,11,TRBT-003,35
2026-06-30,CEDI-05,0664388775,2026063018930,R-20260630-99,11,TRBT-007,45
2026-06-30,CEDI-05,0915136742,2026063053090,R-20260630-99,2,TRBT-008,10
2026-06-30,CEDI-05,0915136742,2026063053090,R-20260630-99,2,TRBT-006,35
2026-06-30,CEDI-05,0915136742,2026063053090,R-20260630-99,2,TRBT-003,20
2026-06-30,CEDI-05,0915136742,2026063053090,R-20260630-99,2,ACC-004,30
2026-06-30,CEDI-05,0915136742,2026063053090,R-20260630-99,2,SVC-001,5
2026-06-30,CEDI-05,0915136742,2026063053090,R-20260630-99,2,TRBT-005,20
2026-06-30,CEDI-05,0915136742,2026063053090,R-20260630-99,2,SVC-002,5
2026-06-30,CEDI-05,0915136742,2026063053090,R-20260630-99,2,TRBT-010,50
2026-06-30,CEDI-05,0915136742,2026063053090,R-20260630-99,2,TRBT-009,50
2026-06-30,CEDI-05,0915136742,2026063053090,R-20260630-99,2,ACC-002,50
2026-06-30,CEDI-05,0915136742,2026063053090,R-20260630-99,2,TRBT-002,30
2026-06-30,CEDI-05,0915136742,2026063053090,R-20260630-99,2,ACC-003,5
2026-06-30,CEDI-05,0915136742,2026063053090,R-20260630-99,2,TRBT-007,25
2026-06-30,CEDI-05,0915136742,2026063053090,R-20260630-99,2,TRBT-001,45
2026-06-30,CEDI-05,0915136742,2026063053090,R-20260630-99,2,TRBT-004,15
2026-06-30,CEDI-05,0915136742,2026063053090,R-20260630-99,2,ACC-001,45
2026-06-30,CEDI-05,0915136742,2026063053090,R-20260630-99,2,CONS-003,10
2026-06-30,CEDI-05,0915136742,2026063053090,R-20260630-99,2,CONS-001,5
2026-06-30,CEDI-06,0990088242,2026063038015,R-20260630-42,1,CONS-003,30
2026-06-30,CEDI-06,0990088242,2026063038015,R-20260630-42,1,ACC-001,25
2026-06-30,CEDI-06,0990088242,2026063038015,R-20260630-42,1,CONS-002,35
2026-06-30,CEDI-06,0990088242,2026063038015,R-20260630-42,1,TRBT-001,40
2026-06-30,CEDI-06,0990088242,2026063038015,R-20260630-42,1,TRBT-003,30
2026-06-30,CEDI-06,0990088242,2026063038015,R-20260630-42,1,TRBT-004,5
2026-06-30,CEDI-06,0990088242,2026063038015,R-20260630-42,1,TRBT-002,15
2026-06-30,CEDI-06,0990088242,2026063038015,R-20260630-42,1,CONS-001,5
2026-06-30,CEDI-06,0990088242,2026063038015,R-20260630-42,1,ACC-004,45
2026-06-30,CEDI-06,0990088242,2026063038015,R-20260630-42,1,TRBT-006,20
2026-06-30,CEDI-06,0990088242,2026063038015,R-20260630-42,1,TRBT-005,25
2026-06-30,CEDI-06,0990088242,2026063038015,R-20260630-42,1,ACC-002,25
2026-06-30,CEDI-06,0990088242,2026063038015,R-20260630-42,1,TRBT-009,50
2026-06-30,CEDI-06,0990088242,2026063038015,R-20260630-42,1,TRBT-010,35
2026-06-30,CEDI-06,0990088242,2026063038015,R-20260630-42,1,ACC-003,20
2026-06-30,CEDI-06,0990088242,2026063038015,R-20260630-42,1,SVC-002,30
2026-06-30,CEDI-06,0990088242,2026063038015,R-20260630-42,1,TRBT-008,5
2026-06-30,CEDI-06,0646358804,2026063079173,R-20260630-42,13,ACC-004,35
2026-06-30,CEDI-06,0646358804,2026063079173,R-20260630-42,13,TRBT-002,25
2026-06-30,CEDI-06,0646358804,2026063079173,R-20260630-42,13,CONS-002,35
2026-06-30,CEDI-06,0646358804,2026063079173,R-20260630-42,13,TRBT-001,15
2026-06-30,CEDI-06,0646358804,2026063079173,R-20260630-42,13,TRBT-008,5
2026-06-30,CEDI-06,0646358804,2026063079173,R-20260630-42,13,TRBT-009,45
2026-06-30,CEDI-06,0646358804,2026063079173,R-20260630-42,13,ACC-001,25
2026-06-30,CEDI-06,0646358804,2026063079173,R-20260630-42,13,SVC-002,40
2026-06-30,CEDI-06,0646358804,2026063079173,R-20260630-42,13,CONS-003,25
2026-06-30,CEDI-06,0646358804,2026063079173,R-20260630-42,13,ACC-002,10
2026-06-30,CEDI-06,0646358804,2026063079173,R-20260630-42,13,TRBT-004,20
2026-06-30,CEDI-06,0431490455,2026063065531,R-20260630-42,19,TRBT-002,25
2026-06-30,CEDI-06,0431490455,2026063065531,R-20260630-42,19,ACC-003,10
2026-06-30,CEDI-06,0431490455,2026063065531,R-20260630-42,19,TRBT-004,45
2026-06-30,CEDI-06,0431490455,2026063065531,R-20260630-42,19,ACC-001,25
2026-06-30,CEDI-06,0431490455,2026063065531,R-20260630-42,19,TRBT-010,50
2026-06-30,CEDI-06,0431490455,2026063065531,R-20260630-42,19,CONS-002,20
2026-06-30,CEDI-06,0431490455,2026063065531,R-20260630-42,19,TRBT-001,10
2026-06-30,CEDI-06,0431490455,2026063065531,R-20260630-42,19,TRBT-003,35
2026-06-30,CEDI-06,0431490455,2026063065531,R-20260630-42,19,TRBT-006,50
2026-06-30,CEDI-06,0431490455,2026063065531,R-20260630-42,19,CONS-003,45
2026-06-30,CEDI-06,0431490455,2026063065531,R-20260630-42,19,TRBT-005,50
2026-06-30,CEDI-06,0431490455,2026063065531,R-20260630-42,19,SVC-002,45
2026-06-30,CEDI-06,0815799123,2026063024915,R-20260630-42,9,CONS-002,25
2026-06-30,CEDI-06,0815799123,2026063024915,R-20260630-42,9,SVC-002,25
2026-06-30,CEDI-06,0815799123,2026063024915,R-20260630-42,9,TRBT-003,35
2026-06-30,CEDI-06,0533078118,2026063093178,R-20260630-42,16,ACC-002,5
2026-06-30,CEDI-06,0533078118,2026063093178,R-20260630-42,16,TRBT-008,50
2026-06-30,CEDI-06,0903772199,2026063021237,R-20260630-42,4,CONS-002,50
2026-06-30,CEDI-06,0903772199,2026063021237,R-20260630-42,4,TRBT-008,50
2026-06-30,CEDI-06,0903772199,2026063021237,R-20260630-42,4,TRBT-001,35
2026-06-30,CEDI-06,0343008367,2026063077334,R-20260630-42,21,ACC-002,30
2026-06-30,CEDI-06,0343008367,2026063077334,R-20260630-42,21,TRBT-003,30
2026-06-30,CEDI-06,0343008367,2026063077334,R-20260630-42,21,TRBT-004,30
2026-06-30,CEDI-06,0343008367,2026063077334,R-20260630-42,21,TRBT-007,30
2026-06-30,CEDI-06,0343008367,2026063077334,R-20260630-42,21,CONS-003,5
2026-06-30,CEDI-06,0343008367,2026063077334,R-20260630-42,21,ACC-003,20
2026-06-30,CEDI-06,0343008367,2026063077334,R-20260630-42,21,ACC-001,30
2026-06-30,CEDI-06,0343008367,2026063077334,R-20260630-42,21,TRBT-001,45
2026-06-30,CEDI-06,0343008367,2026063077334,R-20260630-42,21,SVC-002,25
2026-06-30,CEDI-06,0343008367,2026063077334,R-20260630-42,21,TRBT-008,35
2026-06-30,CEDI-06,0343008367,2026063077334,R-20260630-42,21,CONS-002,35
2026-06-30,CEDI-06,0343008367,2026063077334,R-20260630-42,21,TRBT-005,35
2026-06-30,CEDI-06,0343008367,2026063077334,R-20260630-42,21,ACC-004,25
2026-06-30,CEDI-06,0343008367,2026063077334,R-20260630-42,21,CONS-001,15
2026-06-30,CEDI-06,0343008367,2026063077334,R-20260630-42,21,TRBT-002,10
2026-06-30,CEDI-06,0343008367,2026063077334,R-20260630-42,21,TRBT-010,10
2026-06-30,CEDI-06,0956456255,2026063060342,R-20260630-42,3,TRBT-009,40
2026-06-30,CEDI-06,0956456255,2026063060342,R-20260630-42,3,ACC-004,50
2026-06-30,CEDI-06,0956456255,2026063060342,R-20260630-42,3,TRBT-003,35
2026-06-30,CEDI-06,0956456255,2026063060342,R-20260630-42,3,TRBT-008,25
2026-06-30,CEDI-06,0956456255,2026063060342,R-20260630-42,3,ACC-001,10
2026-06-30,CEDI-06,0956456255,2026063060342,R-20260630-42,3,TRBT-001,25
2026-06-30,CEDI-06,0956456255,2026063060342,R-20260630-42,3,ACC-003,50
2026-06-30,CEDI-06,0956456255,2026063060342,R-20260630-42,3,CONS-003,25
2026-06-30,CEDI-06,0956456255,2026063060342,R-20260630-42,3,TRBT-004,35
2026-06-30,CEDI-06,0475008076,2026063032966,R-20260630-42,17,SVC-002,30
2026-06-30,CEDI-06,0475008076,2026063032966,R-20260630-42,17,SVC-001,10
2026-06-30,CEDI-06,0475008076,2026063032966,R-20260630-42,17,TRBT-004,20
2026-06-30,CEDI-06,0475008076,2026063032966,R-20260630-42,17,TRBT-006,50
2026-06-30,CEDI-06,0654462205,2026063092298,R-20260630-42,12,CONS-002,25
2026-06-30,CEDI-06,0654462205,2026063092298,R-20260630-42,12,SVC-002,40
2026-06-30,CEDI-06,0654462205,2026063092298,R-20260630-42,12,TRBT-007,50
2026-06-30,CEDI-06,0654462205,2026063092298,R-20260630-42,12,SVC-001,30
2026-06-30,CEDI-06,0654462205,2026063092298,R-20260630-42,12,TRBT-009,5
2026-06-30,CEDI-06,0654462205,2026063092298,R-20260630-42,12,TRBT-001,30
2026-06-30,CEDI-06,0654462205,2026063092298,R-20260630-42,12,CONS-001,10
2026-06-30,CEDI-06,0654462205,2026063092298,R-20260630-42,12,TRBT-005,5
2026-06-30,CEDI-06,0654462205,2026063092298,R-20260630-42,12,ACC-002,40
2026-06-30,CEDI-06,0654462205,2026063092298,R-20260630-42,12,CONS-003,50
2026-06-30,CEDI-06,0654462205,2026063092298,R-20260630-42,12,TRBT-002,30
2026-06-30,CEDI-06,0654462205,2026063092298,R-20260630-42,12,TRBT-003,40
2026-06-30,CEDI-06,0654462205,2026063092298,R-20260630-42,12,TRBT-010,5
2026-06-30,CEDI-06,0654462205,2026063092298,R-20260630-42,12,ACC-003,30
2026-06-30,CEDI-06,0145133198,2026063039120,R-20260630-42,28,ACC-002,50
2026-06-30,CEDI-06,0145133198,2026063039120,R-20260630-42,28,SVC-002,50
2026-06-30,CEDI-06,0145133198,2026063039120,R-20260630-42,28,ACC-003,20
2026-06-30,CEDI-06,0145133198,2026063039120,R-20260630-42,28,CONS-001,30
2026-06-30,CEDI-06,0145133198,2026063039120,R-20260630-42,28,TRBT-002,20
2026-06-30,CEDI-06,0145133198,2026063039120,R-20260630-42,28,TRBT-009,20
2026-06-30,CEDI-06,0552802725,2026063052197,R-20260630-42,15,TRBT-008,30
2026-06-30,CEDI-06,0552802725,2026063052197,R-20260630-42,15,SVC-001,25
2026-06-30,CEDI-06,0552802725,2026063052197,R-20260630-42,15,TRBT-010,5
2026-06-30,CEDI-06,0552802725,2026063052197,R-20260630-42,15,TRBT-005,30
2026-06-30,CEDI-06,0552802725,2026063052197,R-20260630-42,15,TRBT-002,15
2026-06-30,CEDI-06,0862509999,2026063013209,R-20260630-42,6,CONS-001,10
2026-06-30,CEDI-06,0862509999,2026063013209,R-20260630-42,6,TRBT-010,5
2026-06-30,CEDI-06,0862509999,2026063013209,R-20260630-42,6,CONS-002,30
2026-06-30,CEDI-06,0862509999,2026063013209,R-20260630-42,6,TRBT-005,45
2026-06-30,CEDI-06,0862509999,2026063013209,R-20260630-42,6,SVC-002,40
2026-06-30,CEDI-06,0862509999,2026063013209,R-20260630-42,6,SVC-001,30
2026-06-30,CEDI-06,0862509999,2026063013209,R-20260630-42,6,ACC-003,30
2026-06-30,CEDI-06,0862509999,2026063013209,R-20260630-42,6,ACC-001,25
2026-06-30,CEDI-06,0862509999,2026063013209,R-20260630-42,6,TRBT-007,30
2026-06-30,CEDI-06,0862509999,2026063013209,R-20260630-42,6,TRBT-001,30
2026-06-30,CEDI-06,0862509999,2026063013209,R-20260630-42,6,TRBT-006,5
2026-06-30,CEDI-06,0862509999,2026063013209,R-20260630-42,6,CONS-003,10
2026-06-30,CEDI-06,0862509999,2026063013209,R-20260630-42,6,TRBT-008,10
2026-06-30,CEDI-06,0862509999,2026063013209,R-20260630-42,6,TRBT-009,5
2026-06-30,CEDI-06,0862509999,2026063013209,R-20260630-42,6,ACC-004,50
2026-06-30,CEDI-06,0862509999,2026063013209,R-20260630-42,6,TRBT-004,35
2026-06-30,CEDI-06,0862509999,2026063013209,R-20260630-42,6,TRBT-002,35
2026-06-30,CEDI-06,0862509999,2026063013209,R-20260630-42,6,ACC-002,35
2026-06-30,CEDI-06,0177498389,2026063085531,R-20260630-42,26,TRBT-006,30
2026-06-30,CEDI-06,0177498389,2026063085531,R-20260630-42,26,SVC-002,20
2026-06-30,CEDI-06,0464095747,2026063028609,R-20260630-42,18,SVC-001,30
2026-06-30,CEDI-06,0464095747,2026063028609,R-20260630-42,18,TRBT-001,20
2026-06-30,CEDI-06,0834633672,2026063090062,R-20260630-42,8,ACC-001,30
2026-06-30,CEDI-06,0834633672,2026063090062,R-20260630-42,8,TRBT-010,30
2026-06-30,CEDI-06,0834633672,2026063090062,R-20260630-42,8,TRBT-007,20
2026-06-30,CEDI-06,0834633672,2026063090062,R-20260630-42,8,ACC-003,15
2026-06-30,CEDI-06,0834633672,2026063090062,R-20260630-42,8,TRBT-009,50
2026-06-30,CEDI-06,0834633672,2026063090062,R-20260630-42,8,TRBT-004,10
2026-06-30,CEDI-06,0834633672,2026063090062,R-20260630-42,8,ACC-002,35
2026-06-30,CEDI-06,0834633672,2026063090062,R-20260630-42,8,TRBT-008,25
2026-06-30,CEDI-06,0834633672,2026063090062,R-20260630-42,8,ACC-004,30
2026-06-30,CEDI-06,0834633672,2026063090062,R-20260630-42,8,CONS-003,50
2026-06-30,CEDI-06,0834633672,2026063090062,R-20260630-42,8,SVC-001,40
2026-06-30,CEDI-06,0834633672,2026063090062,R-20260630-42,8,TRBT-003,10
2026-06-30,CEDI-06,0834633672,2026063090062,R-20260630-42,8,TRBT-005,10
2026-06-30,CEDI-06,0834633672,2026063090062,R-20260630-42,8,TRBT-006,50
2026-06-30,CEDI-06,0834633672,2026063090062,R-20260630-42,8,SVC-002,50
2026-06-30,CEDI-06,0834633672,2026063090062,R-20260630-42,8,TRBT-001,15
2026-06-30,CEDI-06,0834633672,2026063090062,R-20260630-42,8,TRBT-002,40
2026-06-30,CEDI-06,0834633672,2026063090062,R-20260630-42,8,CONS-001,30
2026-06-30,CEDI-06,0607393723,2026063086931,R-20260630-42,14,CONS-003,25
2026-06-30,CEDI-06,0607393723,2026063086931,R-20260630-42,14,TRBT-008,50
2026-06-30,CEDI-06,0607393723,2026063086931,R-20260630-42,14,ACC-002,45
2026-06-30,CEDI-06,0607393723,2026063086931,R-20260630-42,14,TRBT-010,50
2026-06-30,CEDI-06,0607393723,2026063086931,R-20260630-42,14,TRBT-005,20
2026-06-30,CEDI-06,0607393723,2026063086931,R-20260630-42,14,CONS-002,15
2026-06-30,CEDI-06,0607393723,2026063086931,R-20260630-42,14,SVC-001,20
2026-06-30,CEDI-06,0607393723,2026063086931,R-20260630-42,14,CONS-001,20
2026-06-30,CEDI-06,0206466574,2026063032304,R-20260630-42,24,CONS-003,25
2026-06-30,CEDI-06,0206466574,2026063032304,R-20260630-42,24,ACC-001,40
2026-06-30,CEDI-06,0206466574,2026063032304,R-20260630-42,24,TRBT-003,5
2026-06-30,CEDI-06,0206466574,2026063032304,R-20260630-42,24,TRBT-007,35
2026-06-30,CEDI-06,0206466574,2026063032304,R-20260630-42,24,TRBT-006,5
2026-06-30,CEDI-06,0206466574,2026063032304,R-20260630-42,24,CONS-002,30
2026-06-30,CEDI-06,0206466574,2026063032304,R-20260630-42,24,TRBT-009,5
2026-06-30,CEDI-06,0851656847,2026063052975,R-20260630-42,7,TRBT-005,40
2026-06-30,CEDI-06,0851656847,2026063052975,R-20260630-42,7,ACC-003,10
2026-06-30,CEDI-06,0851656847,2026063052975,R-20260630-42,7,TRBT-002,40
2026-06-30,CEDI-06,0851656847,2026063052975,R-20260630-42,7,ACC-004,35
2026-06-30,CEDI-06,0851656847,2026063052975,R-20260630-42,7,ACC-002,40
2026-06-30,CEDI-06,0851656847,2026063052975,R-20260630-42,7,CONS-002,35
2026-06-30,CEDI-06,0851656847,2026063052975,R-20260630-42,7,SVC-001,50
2026-06-30,CEDI-06,0851656847,2026063052975,R-20260630-42,7,TRBT-001,40
2026-06-30,CEDI-06,0851656847,2026063052975,R-20260630-42,7,TRBT-007,40
2026-06-30,CEDI-06,0851656847,2026063052975,R-20260630-42,7,TRBT-004,35
2026-06-30,CEDI-06,0851656847,2026063052975,R-20260630-42,7,TRBT-008,45
2026-06-30,CEDI-06,0851656847,2026063052975,R-20260630-42,7,CONS-003,15
2026-06-30,CEDI-06,0851656847,2026063052975,R-20260630-42,7,SVC-002,25
2026-06-30,CEDI-06,0851656847,2026063052975,R-20260630-42,7,TRBT-009,45
2026-06-30,CEDI-06,0851656847,2026063052975,R-20260630-42,7,CONS-001,5
2026-06-30,CEDI-06,0851656847,2026063052975,R-20260630-42,7,ACC-001,10
2026-06-30,CEDI-06,0121254277,2026063073945,R-20260630-42,30,TRBT-003,25
2026-06-30,CEDI-06,0355424763,2026063048353,R-20260630-42,20,TRBT-008,25
2026-06-30,CEDI-06,0355424763,2026063048353,R-20260630-42,20,ACC-001,15
2026-06-30,CEDI-06,0355424763,2026063048353,R-20260630-42,20,TRBT-009,45
2026-06-30,CEDI-06,0355424763,2026063048353,R-20260630-42,20,TRBT-010,30
2026-06-30,CEDI-06,0287313205,2026063023380,R-20260630-42,22,CONS-002,10
2026-06-30,CEDI-06,0287313205,2026063023380,R-20260630-42,22,TRBT-003,20
2026-06-30,CEDI-06,0287313205,2026063023380,R-20260630-42,22,TRBT-005,20
2026-06-30,CEDI-06,0287313205,2026063023380,R-20260630-42,22,TRBT-001,15
2026-06-30,CEDI-06,0287313205,2026063023380,R-20260630-42,22,ACC-002,5
2026-06-30,CEDI-06,0287313205,2026063023380,R-20260630-42,22,CONS-001,5
2026-06-30,CEDI-06,0287313205,2026063023380,R-20260630-42,22,TRBT-008,45
2026-06-30,CEDI-06,0287313205,2026063023380,R-20260630-42,22,SVC-001,15
2026-06-30,CEDI-06,0287313205,2026063023380,R-20260630-42,22,TRBT-004,10
2026-06-30,CEDI-06,0287313205,2026063023380,R-20260630-42,22,SVC-002,50
2026-06-30,CEDI-06,0287313205,2026063023380,R-20260630-42,22,TRBT-006,15
2026-06-30,CEDI-06,0287313205,2026063023380,R-20260630-42,22,CONS-003,5
2026-06-30,CEDI-06,0870368412,2026063088758,R-20260630-42,5,SVC-001,15
2026-06-30,CEDI-06,0870368412,2026063088758,R-20260630-42,5,TRBT-001,30
2026-06-30,CEDI-06,0870368412,2026063088758,R-20260630-42,5,ACC-004,20
2026-06-30,CEDI-06,0870368412,2026063088758,R-20260630-42,5,ACC-002,10
2026-06-30,CEDI-06,0741719194,2026063068149,R-20260630-42,11,CONS-001,20
2026-06-30,CEDI-06,0741719194,2026063068149,R-20260630-42,11,SVC-001,10
2026-06-30,CEDI-06,0741719194,2026063068149,R-20260630-42,11,TRBT-008,20
2026-06-30,CEDI-06,0793898805,2026063017995,R-20260630-42,10,TRBT-008,5
2026-06-30,CEDI-06,0793898805,2026063017995,R-20260630-42,10,SVC-001,20
2026-06-30,CEDI-06,0793898805,2026063017995,R-20260630-42,10,SVC-002,45
2026-06-30,CEDI-06,0793898805,2026063017995,R-20260630-42,10,CONS-001,40
2026-06-30,CEDI-06,0190531442,2026063094860,R-20260630-42,25,ACC-004,20
2026-06-30,CEDI-06,0190531442,2026063094860,R-20260630-42,25,TRBT-007,50
2026-06-30,CEDI-06,0190531442,2026063094860,R-20260630-42,25,TRBT-004,30
2026-06-30,CEDI-06,0190531442,2026063094860,R-20260630-42,25,TRBT-005,35
2026-06-30,CEDI-06,0190531442,2026063094860,R-20260630-42,25,SVC-002,5
2026-06-30,CEDI-06,0190531442,2026063094860,R-20260630-42,25,TRBT-009,50
2026-06-30,CEDI-06,0190531442,2026063094860,R-20260630-42,25,ACC-003,25
2026-06-30,CEDI-06,0190531442,2026063094860,R-20260630-42,25,TRBT-003,35
2026-06-30,CEDI-06,0190531442,2026063094860,R-20260630-42,25,ACC-002,30
2026-06-30,CEDI-06,0190531442,2026063094860,R-20260630-42,25,CONS-002,20
2026-06-30,CEDI-06,0190531442,2026063094860,R-20260630-42,25,TRBT-002,40
2026-06-30,CEDI-06,0190531442,2026063094860,R-20260630-42,25,ACC-001,15
2026-06-30,CEDI-06,0190531442,2026063094860,R-20260630-42,25,TRBT-006,5
2026-06-30,CEDI-06,0190531442,2026063094860,R-20260630-42,25,TRBT-001,25
2026-06-30,CEDI-06,0190531442,2026063094860,R-20260630-42,25,CONS-003,10
2026-06-30,CEDI-06,0190531442,2026063094860,R-20260630-42,25,CONS-001,5
2026-06-30,CEDI-06,0190531442,2026063094860,R-20260630-42,25,TRBT-010,45
2026-06-30,CEDI-06,0190531442,2026063094860,R-20260630-42,25,TRBT-008,50
2026-06-30,CEDI-06,0190531442,2026063094860,R-20260630-42,25,SVC-001,30
2026-06-30,CEDI-06,0140046022,2026063083090,R-20260630-42,29,ACC-004,5
2026-06-30,CEDI-06,0140046022,2026063083090,R-20260630-42,29,ACC-003,25
2026-06-30,CEDI-06,0140046022,2026063083090,R-20260630-42,29,ACC-001,5
2026-06-30,CEDI-06,0959667771,2026063066114,R-20260630-42,2,ACC-001,25
2026-06-30,CEDI-06,0173680513,2026063025983,R-20260630-42,27,TRBT-002,10
2026-06-30,CEDI-06,0173680513,2026063025983,R-20260630-42,27,TRBT-003,25
2026-06-30,CEDI-06,0173680513,2026063025983,R-20260630-42,27,TRBT-006,50
2026-06-30,CEDI-06,0173680513,2026063025983,R-20260630-42,27,TRBT-008,50
2026-06-30,CEDI-06,0173680513,2026063025983,R-20260630-42,27,TRBT-005,15
2026-06-30,CEDI-06,0173680513,2026063025983,R-20260630-42,27,CONS-001,45
2026-06-30,CEDI-06,0173680513,2026063025983,R-20260630-42,27,CONS-002,35
2026-06-30,CEDI-06,0173680513,2026063025983,R-20260630-42,27,ACC-001,50
2026-06-30,CEDI-06,0173680513,2026063025983,R-20260630-42,27,TRBT-009,25
2026-06-30,CEDI-06,0173680513,2026063025983,R-20260630-42,27,TRBT-001,20
2026-06-30,CEDI-06,0173680513,2026063025983,R-20260630-42,27,ACC-004,25
2026-06-30,CEDI-06,0209858997,2026063026829,R-20260630-42,23,ACC-003,45
2026-06-30,CEDI-06,0209858997,2026063026829,R-20260630-42,23,TRBT-010,10
2026-06-30,CEDI-06,0209858997,2026063026829,R-20260630-42,23,TRBT-009,5
2026-06-30,CEDI-06,0209858997,2026063026829,R-20260630-42,23,CONS-001,50
2026-06-30,CEDI-06,0209858997,2026063026829,R-20260630-42,23,ACC-004,40
2026-06-30,CEDI-06,0209858997,2026063026829,R-20260630-42,23,SVC-002,5
2026-06-30,CEDI-06,0209858997,2026063026829,R-20260630-42,23,CONS-002,30
2026-06-30,CEDI-06,0209858997,2026063026829,R-20260630-42,23,ACC-002,20
2026-06-30,CEDI-06,0209858997,2026063026829,R-20260630-42,23,TRBT-007,30
2026-06-30,CEDI-06,0209858997,2026063026829,R-20260630-42,23,TRBT-004,45
2026-06-30,CEDI-06,0209858997,2026063026829,R-20260630-42,23,TRBT-005,40
2026-06-30,CEDI-06,0209858997,2026063026829,R-20260630-42,23,TRBT-001,40
2026-06-30,CEDI-06,0209858997,2026063026829,R-20260630-42,23,TRBT-006,20
2026-06-30,CEDI-06,0209858997,2026063026829,R-20260630-42,23,TRBT-003,10
2026-06-30,CEDI-07,0548446467,2026063020062,R-20260630-22,8,TRBT-006,35
2026-06-30,CEDI-07,0548446467,2026063020062,R-20260630-22,8,ACC-003,25
2026-06-30,CEDI-07,0548446467,2026063020062,R-20260630-22,8,CONS-003,25
2026-06-30,CEDI-07,0548446467,2026063020062,R-20260630-22,8,TRBT-007,10
2026-06-30,CEDI-07,0548446467,2026063020062,R-20260630-22,8,ACC-001,20
2026-06-30,CEDI-07,0548446467,2026063020062,R-20260630-22,8,ACC-002,35
2026-06-30,CEDI-07,0548446467,2026063020062,R-20260630-22,8,SVC-002,15
2026-06-30,CEDI-07,0548446467,2026063020062,R-20260630-22,8,ACC-004,5
2026-06-30,CEDI-07,0548446467,2026063020062,R-20260630-22,8,CONS-001,20
2026-06-30,CEDI-07,0548446467,2026063020062,R-20260630-22,8,CONS-002,20
2026-06-30,CEDI-07,0548446467,2026063020062,R-20260630-22,8,SVC-001,10
2026-06-30,CEDI-07,0548446467,2026063020062,R-20260630-22,8,TRBT-005,40
2026-06-30,CEDI-07,0217427959,2026063066046,R-20260630-22,16,ACC-003,50
2026-06-30,CEDI-07,0217427959,2026063066046,R-20260630-22,16,CONS-001,30
2026-06-30,CEDI-07,0217427959,2026063066046,R-20260630-22,16,TRBT-007,50
2026-06-30,CEDI-07,0217427959,2026063066046,R-20260630-22,16,TRBT-009,40
2026-06-30,CEDI-07,0217427959,2026063066046,R-20260630-22,16,TRBT-001,35
2026-06-30,CEDI-07,0217427959,2026063066046,R-20260630-22,16,TRBT-006,15
2026-06-30,CEDI-07,0217427959,2026063066046,R-20260630-22,16,SVC-002,50
2026-06-30,CEDI-07,0217427959,2026063066046,R-20260630-22,16,SVC-001,15
2026-06-30,CEDI-07,0535273042,2026063093960,R-20260630-22,9,TRBT-008,30
2026-06-30,CEDI-07,0535273042,2026063093960,R-20260630-22,9,CONS-003,35
2026-06-30,CEDI-07,0535273042,2026063093960,R-20260630-22,9,CONS-001,45
2026-06-30,CEDI-07,0535273042,2026063093960,R-20260630-22,9,TRBT-004,15
2026-06-30,CEDI-07,0535273042,2026063093960,R-20260630-22,9,SVC-001,25
2026-06-30,CEDI-07,0535273042,2026063093960,R-20260630-22,9,TRBT-009,35
2026-06-30,CEDI-07,0889690269,2026063048603,R-20260630-22,1,TRBT-002,50
2026-06-30,CEDI-07,0889690269,2026063048603,R-20260630-22,1,TRBT-009,35
2026-06-30,CEDI-07,0889690269,2026063048603,R-20260630-22,1,SVC-001,10
2026-06-30,CEDI-07,0889690269,2026063048603,R-20260630-22,1,ACC-003,35
2026-06-30,CEDI-07,0889690269,2026063048603,R-20260630-22,1,TRBT-010,10
2026-06-30,CEDI-07,0889690269,2026063048603,R-20260630-22,1,TRBT-001,45
2026-06-30,CEDI-07,0889690269,2026063048603,R-20260630-22,1,TRBT-006,20
2026-06-30,CEDI-07,0889690269,2026063048603,R-20260630-22,1,TRBT-007,10
2026-06-30,CEDI-07,0889690269,2026063048603,R-20260630-22,1,TRBT-008,15
2026-06-30,CEDI-07,0889690269,2026063048603,R-20260630-22,1,CONS-001,20
2026-06-30,CEDI-07,0889690269,2026063048603,R-20260630-22,1,ACC-001,10
2026-06-30,CEDI-07,0889690269,2026063048603,R-20260630-22,1,TRBT-003,5
2026-06-30,CEDI-07,0889690269,2026063048603,R-20260630-22,1,TRBT-005,15
2026-06-30,CEDI-07,0705971736,2026063024181,R-20260630-22,5,TRBT-001,45
2026-06-30,CEDI-07,0705971736,2026063024181,R-20260630-22,5,SVC-002,20
2026-06-30,CEDI-07,0705971736,2026063024181,R-20260630-22,5,ACC-004,10
2026-06-30,CEDI-07,0705971736,2026063024181,R-20260630-22,5,TRBT-002,20
2026-06-30,CEDI-07,0705971736,2026063024181,R-20260630-22,5,TRBT-006,30
2026-06-30,CEDI-07,0705971736,2026063024181,R-20260630-22,5,ACC-001,15
2026-06-30,CEDI-07,0705971736,2026063024181,R-20260630-22,5,TRBT-007,35
2026-06-30,CEDI-07,0705971736,2026063024181,R-20260630-22,5,TRBT-004,45
2026-06-30,CEDI-07,0705971736,2026063024181,R-20260630-22,5,CONS-002,25
2026-06-30,CEDI-07,0705971736,2026063024181,R-20260630-22,5,TRBT-008,45
2026-06-30,CEDI-07,0171636389,2026063013979,R-20260630-22,17,TRBT-009,45
2026-06-30,CEDI-07,0171636389,2026063013979,R-20260630-22,17,CONS-002,25
2026-06-30,CEDI-07,0171636389,2026063013979,R-20260630-22,17,TRBT-006,20
2026-06-30,CEDI-07,0171636389,2026063013979,R-20260630-22,17,TRBT-001,35
2026-06-30,CEDI-07,0171636389,2026063013979,R-20260630-22,17,TRBT-003,10
2026-06-30,CEDI-07,0171636389,2026063013979,R-20260630-22,17,ACC-004,20
2026-06-30,CEDI-07,0171636389,2026063013979,R-20260630-22,17,TRBT-002,20
2026-06-30,CEDI-07,0171636389,2026063013979,R-20260630-22,17,ACC-001,50
2026-06-30,CEDI-07,0171636389,2026063013979,R-20260630-22,17,SVC-001,50
2026-06-30,CEDI-07,0171636389,2026063013979,R-20260630-22,17,TRBT-007,15
2026-06-30,CEDI-07,0171636389,2026063013979,R-20260630-22,17,SVC-002,50
2026-06-30,CEDI-07,0171636389,2026063013979,R-20260630-22,17,CONS-003,10
2026-06-30,CEDI-07,0171636389,2026063013979,R-20260630-22,17,ACC-002,45
2026-06-30,CEDI-07,0171636389,2026063013979,R-20260630-22,17,TRBT-004,20
2026-06-30,CEDI-07,0171636389,2026063013979,R-20260630-22,17,TRBT-008,40
2026-06-30,CEDI-07,0055639900,2026063092108,R-20260630-22,19,TRBT-005,50
2026-06-30,CEDI-07,0055639900,2026063092108,R-20260630-22,19,ACC-001,35
2026-06-30,CEDI-07,0884118179,2026063074053,R-20260630-22,2,TRBT-001,25
2026-06-30,CEDI-07,0884118179,2026063074053,R-20260630-22,2,TRBT-002,45
2026-06-30,CEDI-07,0884118179,2026063074053,R-20260630-22,2,TRBT-005,5
2026-06-30,CEDI-07,0884118179,2026063074053,R-20260630-22,2,SVC-002,50
2026-06-30,CEDI-07,0884118179,2026063074053,R-20260630-22,2,TRBT-003,25
2026-06-30,CEDI-07,0884118179,2026063074053,R-20260630-22,2,TRBT-004,5
2026-06-30,CEDI-07,0884118179,2026063074053,R-20260630-22,2,CONS-002,30
2026-06-30,CEDI-07,0884118179,2026063074053,R-20260630-22,2,ACC-004,30
2026-06-30,CEDI-07,0884118179,2026063074053,R-20260630-22,2,CONS-001,10
2026-06-30,CEDI-07,0884118179,2026063074053,R-20260630-22,2,ACC-001,15
2026-06-30,CEDI-07,0884118179,2026063074053,R-20260630-22,2,TRBT-006,10
2026-06-30,CEDI-07,0884118179,2026063074053,R-20260630-22,2,CONS-003,30
2026-06-30,CEDI-07,0884118179,2026063074053,R-20260630-22,2,SVC-001,20
2026-06-30,CEDI-07,0884118179,2026063074053,R-20260630-22,2,TRBT-009,45
2026-06-30,CEDI-07,0884118179,2026063074053,R-20260630-22,2,ACC-002,50
2026-06-30,CEDI-07,0884118179,2026063074053,R-20260630-22,2,TRBT-007,40
2026-06-30,CEDI-07,0497433829,2026063087866,R-20260630-22,10,TRBT-002,15
2026-06-30,CEDI-07,0497433829,2026063087866,R-20260630-22,10,TRBT-010,35
2026-06-30,CEDI-07,0497433829,2026063087866,R-20260630-22,10,SVC-001,10
2026-06-30,CEDI-07,0497433829,2026063087866,R-20260630-22,10,TRBT-003,20
2026-06-30,CEDI-07,0497433829,2026063087866,R-20260630-22,10,TRBT-006,45
2026-06-30,CEDI-07,0497433829,2026063087866,R-20260630-22,10,CONS-002,40
2026-06-30,CEDI-07,0497433829,2026063087866,R-20260630-22,10,TRBT-004,35
2026-06-30,CEDI-07,0497433829,2026063087866,R-20260630-22,10,ACC-001,25
2026-06-30,CEDI-07,0497433829,2026063087866,R-20260630-22,10,CONS-003,40
2026-06-30,CEDI-07,0497433829,2026063087866,R-20260630-22,10,CONS-001,10
2026-06-30,CEDI-07,0497433829,2026063087866,R-20260630-22,10,TRBT-008,30
2026-06-30,CEDI-07,0497433829,2026063087866,R-20260630-22,10,SVC-002,10
2026-06-30,CEDI-07,0497433829,2026063087866,R-20260630-22,10,ACC-003,45
2026-06-30,CEDI-07,0497433829,2026063087866,R-20260630-22,10,TRBT-001,25
2026-06-30,CEDI-07,0358018376,2026063036932,R-20260630-22,14,TRBT-006,50
2026-06-30,CEDI-07,0358018376,2026063036932,R-20260630-22,14,CONS-003,30
2026-06-30,CEDI-07,0358018376,2026063036932,R-20260630-22,14,TRBT-004,45
2026-06-30,CEDI-07,0358018376,2026063036932,R-20260630-22,14,TRBT-007,30
2026-06-30,CEDI-07,0358018376,2026063036932,R-20260630-22,14,TRBT-002,35
2026-06-30,CEDI-07,0358018376,2026063036932,R-20260630-22,14,ACC-001,10
2026-06-30,CEDI-07,0358018376,2026063036932,R-20260630-22,14,ACC-004,25
2026-06-30,CEDI-07,0358018376,2026063036932,R-20260630-22,14,SVC-002,40
2026-06-30,CEDI-07,0358018376,2026063036932,R-20260630-22,14,ACC-002,50
2026-06-30,CEDI-07,0479003808,2026063076679,R-20260630-22,11,TRBT-003,10
2026-06-30,CEDI-07,0479003808,2026063076679,R-20260630-22,11,TRBT-004,35
2026-06-30,CEDI-07,0479003808,2026063076679,R-20260630-22,11,CONS-001,20
2026-06-30,CEDI-07,0479003808,2026063076679,R-20260630-22,11,TRBT-010,40
2026-06-30,CEDI-07,0479003808,2026063076679,R-20260630-22,11,TRBT-006,40
2026-06-30,CEDI-07,0479003808,2026063076679,R-20260630-22,11,TRBT-008,5
2026-06-30,CEDI-07,0479003808,2026063076679,R-20260630-22,11,ACC-001,25
2026-06-30,CEDI-07,0479003808,2026063076679,R-20260630-22,11,ACC-004,10
2026-06-30,CEDI-07,0479003808,2026063076679,R-20260630-22,11,SVC-002,35
2026-06-30,CEDI-07,0479003808,2026063076679,R-20260630-22,11,SVC-001,15
2026-06-30,CEDI-07,0479003808,2026063076679,R-20260630-22,11,TRBT-001,45
2026-06-30,CEDI-07,0479003808,2026063076679,R-20260630-22,11,TRBT-007,50
2026-06-30,CEDI-07,0033644890,2026063024027,R-20260630-22,20,TRBT-005,25
2026-06-30,CEDI-07,0033644890,2026063024027,R-20260630-22,20,TRBT-008,20
2026-06-30,CEDI-07,0033644890,2026063024027,R-20260630-22,20,TRBT-002,30
2026-06-30,CEDI-07,0033644890,2026063024027,R-20260630-22,20,ACC-002,10
2026-06-30,CEDI-07,0033644890,2026063024027,R-20260630-22,20,TRBT-001,25
2026-06-30,CEDI-07,0033644890,2026063024027,R-20260630-22,20,SVC-001,30
2026-06-30,CEDI-07,0033644890,2026063024027,R-20260630-22,20,ACC-004,25
2026-06-30,CEDI-07,0809560796,2026063048104,R-20260630-22,4,CONS-002,40
2026-06-30,CEDI-07,0809560796,2026063048104,R-20260630-22,4,ACC-004,45
2026-06-30,CEDI-07,0809560796,2026063048104,R-20260630-22,4,SVC-002,35
2026-06-30,CEDI-07,0809560796,2026063048104,R-20260630-22,4,TRBT-003,25
2026-06-30,CEDI-07,0809560796,2026063048104,R-20260630-22,4,TRBT-001,10
2026-06-30,CEDI-07,0809560796,2026063048104,R-20260630-22,4,TRBT-007,35
2026-06-30,CEDI-07,0809560796,2026063048104,R-20260630-22,4,ACC-001,30
2026-06-30,CEDI-07,0809560796,2026063048104,R-20260630-22,4,TRBT-004,5
2026-06-30,CEDI-07,0809560796,2026063048104,R-20260630-22,4,SVC-001,35
2026-06-30,CEDI-07,0809560796,2026063048104,R-20260630-22,4,TRBT-005,10
2026-06-30,CEDI-07,0809560796,2026063048104,R-20260630-22,4,CONS-003,50
2026-06-30,CEDI-07,0809560796,2026063048104,R-20260630-22,4,CONS-001,30
2026-06-30,CEDI-07,0809560796,2026063048104,R-20260630-22,4,TRBT-008,5
2026-06-30,CEDI-07,0809560796,2026063048104,R-20260630-22,4,ACC-003,20
2026-06-30,CEDI-07,0809560796,2026063048104,R-20260630-22,4,TRBT-010,15
2026-06-30,CEDI-07,0865271573,2026063073899,R-20260630-22,3,TRBT-005,45
2026-06-30,CEDI-07,0865271573,2026063073899,R-20260630-22,3,TRBT-002,15
2026-06-30,CEDI-07,0865271573,2026063073899,R-20260630-22,3,SVC-002,40
2026-06-30,CEDI-07,0865271573,2026063073899,R-20260630-22,3,ACC-002,25
2026-06-30,CEDI-07,0865271573,2026063073899,R-20260630-22,3,TRBT-001,25
2026-06-30,CEDI-07,0865271573,2026063073899,R-20260630-22,3,TRBT-010,10
2026-06-30,CEDI-07,0865271573,2026063073899,R-20260630-22,3,CONS-002,35
2026-06-30,CEDI-07,0865271573,2026063073899,R-20260630-22,3,ACC-003,10
2026-06-30,CEDI-07,0865271573,2026063073899,R-20260630-22,3,TRBT-003,20
2026-06-30,CEDI-07,0865271573,2026063073899,R-20260630-22,3,TRBT-008,35
2026-06-30,CEDI-07,0865271573,2026063073899,R-20260630-22,3,TRBT-009,5
2026-06-30,CEDI-07,0865271573,2026063073899,R-20260630-22,3,TRBT-004,20
2026-06-30,CEDI-07,0865271573,2026063073899,R-20260630-22,3,TRBT-006,50
2026-06-30,CEDI-07,0865271573,2026063073899,R-20260630-22,3,CONS-003,10
2026-06-30,CEDI-07,0865271573,2026063073899,R-20260630-22,3,ACC-004,20
2026-06-30,CEDI-07,0865271573,2026063073899,R-20260630-22,3,TRBT-007,15
2026-06-30,CEDI-07,0865271573,2026063073899,R-20260630-22,3,ACC-001,10
2026-06-30,CEDI-07,0865271573,2026063073899,R-20260630-22,3,CONS-001,15
2026-06-30,CEDI-07,0865271573,2026063073899,R-20260630-22,3,SVC-001,20
2026-06-30,CEDI-07,0402062419,2026063063966,R-20260630-22,12,TRBT-005,15
2026-06-30,CEDI-07,0402062419,2026063063966,R-20260630-22,12,TRBT-004,35
2026-06-30,CEDI-07,0402062419,2026063063966,R-20260630-22,12,TRBT-006,50
2026-06-30,CEDI-07,0402062419,2026063063966,R-20260630-22,12,CONS-001,50
2026-06-30,CEDI-07,0402062419,2026063063966,R-20260630-22,12,TRBT-009,5
2026-06-30,CEDI-07,0402062419,2026063063966,R-20260630-22,12,TRBT-007,10
2026-06-30,CEDI-07,0402062419,2026063063966,R-20260630-22,12,CONS-003,10
2026-06-30,CEDI-07,0402062419,2026063063966,R-20260630-22,12,SVC-002,25
2026-06-30,CEDI-07,0402062419,2026063063966,R-20260630-22,12,TRBT-003,15
2026-06-30,CEDI-07,0402062419,2026063063966,R-20260630-22,12,TRBT-001,5
2026-06-30,CEDI-07,0311799095,2026063045985,R-20260630-22,15,ACC-003,50
2026-06-30,CEDI-07,0311799095,2026063045985,R-20260630-22,15,CONS-001,40
2026-06-30,CEDI-07,0311799095,2026063045985,R-20260630-22,15,TRBT-006,50
2026-06-30,CEDI-07,0311799095,2026063045985,R-20260630-22,15,TRBT-009,30
2026-06-30,CEDI-07,0311799095,2026063045985,R-20260630-22,15,TRBT-003,40
2026-06-30,CEDI-07,0311799095,2026063045985,R-20260630-22,15,TRBT-007,30
2026-06-30,CEDI-07,0311799095,2026063045985,R-20260630-22,15,TRBT-010,10
2026-06-30,CEDI-07,0311799095,2026063045985,R-20260630-22,15,TRBT-008,5
2026-06-30,CEDI-07,0311799095,2026063045985,R-20260630-22,15,ACC-002,45
2026-06-30,CEDI-07,0311799095,2026063045985,R-20260630-22,15,TRBT-004,35
2026-06-30,CEDI-07,0665515072,2026063088600,R-20260630-22,6,SVC-001,40
2026-06-30,CEDI-07,0379834345,2026063085955,R-20260630-22,13,TRBT-004,30
2026-06-30,CEDI-07,0379834345,2026063085955,R-20260630-22,13,SVC-001,25
2026-06-30,CEDI-07,0379834345,2026063085955,R-20260630-22,13,SVC-002,10
2026-06-30,CEDI-07,0379834345,2026063085955,R-20260630-22,13,CONS-002,50
2026-06-30,CEDI-07,0379834345,2026063085955,R-20260630-22,13,CONS-003,50
2026-06-30,CEDI-07,0379834345,2026063085955,R-20260630-22,13,TRBT-002,40
2026-06-30,CEDI-07,0379834345,2026063085955,R-20260630-22,13,TRBT-010,35
2026-06-30,CEDI-07,0379834345,2026063085955,R-20260630-22,13,ACC-001,5
2026-06-30,CEDI-07,0379834345,2026063085955,R-20260630-22,13,ACC-003,5
2026-06-30,CEDI-07,0575514275,2026063051611,R-20260630-22,7,ACC-003,10
2026-06-30,CEDI-07,0575514275,2026063051611,R-20260630-22,7,TRBT-008,40
2026-06-30,CEDI-07,0575514275,2026063051611,R-20260630-22,7,TRBT-001,40
2026-06-30,CEDI-07,0575514275,2026063051611,R-20260630-22,7,ACC-004,45
2026-06-30,CEDI-07,0575514275,2026063051611,R-20260630-22,7,ACC-001,45
2026-06-30,CEDI-07,0575514275,2026063051611,R-20260630-22,7,TRBT-009,10
2026-06-30,CEDI-07,0575514275,2026063051611,R-20260630-22,7,TRBT-002,25
2026-06-30,CEDI-07,0575514275,2026063051611,R-20260630-22,7,TRBT-010,50
2026-06-30,CEDI-07,0575514275,2026063051611,R-20260630-22,7,TRBT-005,5
2026-06-30,CEDI-07,0140885679,2026063020594,R-20260630-22,18,TRBT-008,30
2026-06-30,CEDI-07,0140885679,2026063020594,R-20260630-22,18,TRBT-006,10
2026-06-30,CEDI-07,0140885679,2026063020594,R-20260630-22,18,TRBT-009,35
2026-06-30,CEDI-07,0140885679,2026063020594,R-20260630-22,18,TRBT-007,35
2026-06-30,CEDI-07,0140885679,2026063020594,R-20260630-22,18,TRBT-005,5
2026-06-30,CEDI-07,0140885679,2026063020594,R-20260630-22,18,TRBT-004,45
2026-06-30,CEDI-07,0140885679,2026063020594,R-20260630-22,18,CONS-003,30
2026-06-30,CEDI-07,0140885679,2026063020594,R-20260630-22,18,SVC-002,45
2026-06-30,CEDI-07,0140885679,2026063020594,R-20260630-22,18,SVC-001,5
2026-06-30,CEDI-07,0140885679,2026063020594,R-20260630-22,18,CONS-002,20
2026-06-30,CEDI-07,0140885679,2026063020594,R-20260630-22,18,TRBT-010,35
2026-06-30,CEDI-07,0140885679,2026063020594,R-20260630-22,18,ACC-001,10
2026-06-30,CEDI-07,0140885679,2026063020594,R-20260630-22,18,CONS-001,40
2026-06-30,CEDI-07,0140885679,2026063020594,R-20260630-22,18,TRBT-002,10
2026-06-30,CEDI-07,0140885679,2026063020594,R-20260630-22,18,TRBT-001,10
2026-06-30,CEDI-07,0140885679,2026063020594,R-20260630-22,18,ACC-004,35
2026-06-30,CEDI-07,0140885679,2026063020594,R-20260630-22,18,ACC-003,15
2026-06-30,CEDI-08,0852717884,2026063022338,R-20260630-72,3,CONS-003,15
2026-06-30,CEDI-08,0852717884,2026063022338,R-20260630-72,3,ACC-004,45
2026-06-30,CEDI-08,0852717884,2026063022338,R-20260630-72,3,TRBT-008,50
2026-06-30,CEDI-08,0852717884,2026063022338,R-20260630-72,3,TRBT-003,35
2026-06-30,CEDI-08,0852717884,2026063022338,R-20260630-72,3,CONS-001,40
2026-06-30,CEDI-08,0852717884,2026063022338,R-20260630-72,3,TRBT-001,50
2026-06-30,CEDI-08,0852717884,2026063022338,R-20260630-72,3,TRBT-004,20
2026-06-30,CEDI-08,0852717884,2026063022338,R-20260630-72,3,TRBT-002,35
2026-06-30,CEDI-08,0852717884,2026063022338,R-20260630-72,3,SVC-001,10
2026-06-30,CEDI-08,0852717884,2026063022338,R-20260630-72,3,TRBT-006,40
2026-06-30,CEDI-08,0781119404,2026063051708,R-20260630-72,7,TRBT-009,50
2026-06-30,CEDI-08,0781119404,2026063051708,R-20260630-72,7,TRBT-004,40
2026-06-30,CEDI-08,0781119404,2026063051708,R-20260630-72,7,SVC-002,5
2026-06-30,CEDI-08,0781119404,2026063051708,R-20260630-72,7,TRBT-007,5
2026-06-30,CEDI-08,0781119404,2026063051708,R-20260630-72,7,TRBT-002,25
2026-06-30,CEDI-08,0781119404,2026063051708,R-20260630-72,7,TRBT-003,40
2026-06-30,CEDI-08,0781119404,2026063051708,R-20260630-72,7,ACC-001,50
2026-06-30,CEDI-08,0781119404,2026063051708,R-20260630-72,7,ACC-002,20
2026-06-30,CEDI-08,0781119404,2026063051708,R-20260630-72,7,TRBT-001,30
2026-06-30,CEDI-08,0781119404,2026063051708,R-20260630-72,7,TRBT-006,40
2026-06-30,CEDI-08,0781119404,2026063051708,R-20260630-72,7,ACC-003,30
2026-06-30,CEDI-08,0781119404,2026063051708,R-20260630-72,7,CONS-003,15
2026-06-30,CEDI-08,0781119404,2026063051708,R-20260630-72,7,TRBT-010,30
2026-06-30,CEDI-08,0781119404,2026063051708,R-20260630-72,7,TRBT-005,35
2026-06-30,CEDI-08,0781119404,2026063051708,R-20260630-72,7,ACC-004,25
2026-06-30,CEDI-08,0781119404,2026063051708,R-20260630-72,7,CONS-002,35
2026-06-30,CEDI-08,0781119404,2026063051708,R-20260630-72,7,SVC-001,45
2026-06-30,CEDI-08,0781119404,2026063051708,R-20260630-72,7,TRBT-008,5
2026-06-30,CEDI-08,0560430173,2026063099066,R-20260630-72,11,TRBT-007,40
2026-06-30,CEDI-08,0100088882,2026063041732,R-20260630-72,26,ACC-004,50
2026-06-30,CEDI-08,0100088882,2026063041732,R-20260630-72,26,SVC-001,40
2026-06-30,CEDI-08,0100088882,2026063041732,R-20260630-72,26,ACC-003,10
2026-06-30,CEDI-08,0100088882,2026063041732,R-20260630-72,26,TRBT-006,40
2026-06-30,CEDI-08,0100088882,2026063041732,R-20260630-72,26,TRBT-010,5
2026-06-30,CEDI-08,0100088882,2026063041732,R-20260630-72,26,TRBT-009,35
2026-06-30,CEDI-08,0100088882,2026063041732,R-20260630-72,26,SVC-002,20
2026-06-30,CEDI-08,0100088882,2026063041732,R-20260630-72,26,ACC-002,25
2026-06-30,CEDI-08,0100088882,2026063041732,R-20260630-72,26,TRBT-005,20
2026-06-30,CEDI-08,0100088882,2026063041732,R-20260630-72,26,CONS-002,35
2026-06-30,CEDI-08,0100088882,2026063041732,R-20260630-72,26,TRBT-002,40
2026-06-30,CEDI-08,0100088882,2026063041732,R-20260630-72,26,TRBT-008,15
2026-06-30,CEDI-08,0100088882,2026063041732,R-20260630-72,26,TRBT-003,40
2026-06-30,CEDI-08,0100088882,2026063041732,R-20260630-72,26,CONS-001,10
2026-06-30,CEDI-08,0100088882,2026063041732,R-20260630-72,26,CONS-003,20
2026-06-30,CEDI-08,0078690093,2026063071791,R-20260630-72,28,ACC-002,35
2026-06-30,CEDI-08,0078690093,2026063071791,R-20260630-72,28,TRBT-006,35
2026-06-30,CEDI-08,0078690093,2026063071791,R-20260630-72,28,TRBT-004,10
2026-06-30,CEDI-08,0078690093,2026063071791,R-20260630-72,28,CONS-002,15
2026-06-30,CEDI-08,0078690093,2026063071791,R-20260630-72,28,CONS-001,15
2026-06-30,CEDI-08,0078690093,2026063071791,R-20260630-72,28,ACC-004,10
2026-06-30,CEDI-08,0078690093,2026063071791,R-20260630-72,28,TRBT-002,30
2026-06-30,CEDI-08,0078690093,2026063071791,R-20260630-72,28,SVC-001,35
2026-06-30,CEDI-08,0078690093,2026063071791,R-20260630-72,28,ACC-003,35
2026-06-30,CEDI-08,0078690093,2026063071791,R-20260630-72,28,TRBT-001,25
2026-06-30,CEDI-08,0078690093,2026063071791,R-20260630-72,28,TRBT-007,10
2026-06-30,CEDI-08,0078690093,2026063071791,R-20260630-72,28,TRBT-003,35
2026-06-30,CEDI-08,0078690093,2026063071791,R-20260630-72,28,TRBT-010,15
2026-06-30,CEDI-08,0078690093,2026063071791,R-20260630-72,28,TRBT-009,45
2026-06-30,CEDI-08,0667626913,2026063043232,R-20260630-72,8,TRBT-007,15
2026-06-30,CEDI-08,0667626913,2026063043232,R-20260630-72,8,CONS-001,45
2026-06-30,CEDI-08,0667626913,2026063043232,R-20260630-72,8,TRBT-006,10
2026-06-30,CEDI-08,0667626913,2026063043232,R-20260630-72,8,ACC-002,20
2026-06-30,CEDI-08,0667626913,2026063043232,R-20260630-72,8,TRBT-003,20
2026-06-30,CEDI-08,0667626913,2026063043232,R-20260630-72,8,TRBT-002,25
2026-06-30,CEDI-08,0667626913,2026063043232,R-20260630-72,8,CONS-002,20
2026-06-30,CEDI-08,0433382895,2026063014929,R-20260630-72,14,ACC-002,50
2026-06-30,CEDI-08,0433382895,2026063014929,R-20260630-72,14,TRBT-006,10
2026-06-30,CEDI-08,0433382895,2026063014929,R-20260630-72,14,TRBT-003,10
2026-06-30,CEDI-08,0433382895,2026063014929,R-20260630-72,14,SVC-002,35
2026-06-30,CEDI-08,0093806088,2026063056329,R-20260630-72,27,TRBT-003,25
2026-06-30,CEDI-08,0093806088,2026063056329,R-20260630-72,27,TRBT-008,45
2026-06-30,CEDI-08,0093806088,2026063056329,R-20260630-72,27,SVC-002,35
2026-06-30,CEDI-08,0093806088,2026063056329,R-20260630-72,27,CONS-001,30
2026-06-30,CEDI-08,0093806088,2026063056329,R-20260630-72,27,CONS-002,25
2026-06-30,CEDI-08,0093806088,2026063056329,R-20260630-72,27,TRBT-009,30
2026-06-30,CEDI-08,0617859641,2026063030032,R-20260630-72,9,TRBT-004,30
2026-06-30,CEDI-08,0868518220,2026063051610,R-20260630-72,2,ACC-003,40
2026-06-30,CEDI-08,0868518220,2026063051610,R-20260630-72,2,TRBT-003,40
2026-06-30,CEDI-08,0868518220,2026063051610,R-20260630-72,2,TRBT-001,40
2026-06-30,CEDI-08,0868518220,2026063051610,R-20260630-72,2,TRBT-002,30
2026-06-30,CEDI-08,0868518220,2026063051610,R-20260630-72,2,TRBT-008,45
2026-06-30,CEDI-08,0868518220,2026063051610,R-20260630-72,2,TRBT-004,5
2026-06-30,CEDI-08,0868518220,2026063051610,R-20260630-72,2,CONS-001,10
2026-06-30,CEDI-08,0868518220,2026063051610,R-20260630-72,2,TRBT-010,15
2026-06-30,CEDI-08,0868518220,2026063051610,R-20260630-72,2,TRBT-006,5
2026-06-30,CEDI-08,0868518220,2026063051610,R-20260630-72,2,ACC-002,5
2026-06-30,CEDI-08,0868518220,2026063051610,R-20260630-72,2,TRBT-007,25
2026-06-30,CEDI-08,0868518220,2026063051610,R-20260630-72,2,ACC-001,45
2026-06-30,CEDI-08,0868518220,2026063051610,R-20260630-72,2,SVC-001,5
2026-06-30,CEDI-08,0384872631,2026063023492,R-20260630-72,17,SVC-002,20
2026-06-30,CEDI-08,0384872631,2026063023492,R-20260630-72,17,TRBT-004,20
2026-06-30,CEDI-08,0384872631,2026063023492,R-20260630-72,17,TRBT-003,5
2026-06-30,CEDI-08,0384872631,2026063023492,R-20260630-72,17,ACC-002,10
2026-06-30,CEDI-08,0384872631,2026063023492,R-20260630-72,17,ACC-004,45
2026-06-30,CEDI-08,0384872631,2026063023492,R-20260630-72,17,TRBT-001,50
2026-06-30,CEDI-08,0384872631,2026063023492,R-20260630-72,17,CONS-001,40
2026-06-30,CEDI-08,0384872631,2026063023492,R-20260630-72,17,TRBT-008,50
2026-06-30,CEDI-08,0384872631,2026063023492,R-20260630-72,17,TRBT-006,10
2026-06-30,CEDI-08,0384872631,2026063023492,R-20260630-72,17,TRBT-009,50
2026-06-30,CEDI-08,0384872631,2026063023492,R-20260630-72,17,TRBT-005,30
2026-06-30,CEDI-08,0384872631,2026063023492,R-20260630-72,17,CONS-003,40
2026-06-30,CEDI-08,0384872631,2026063023492,R-20260630-72,17,TRBT-007,35
2026-06-30,CEDI-08,0171453565,2026063049865,R-20260630-72,23,TRBT-007,15
2026-06-30,CEDI-08,0171453565,2026063049865,R-20260630-72,23,TRBT-006,10
2026-06-30,CEDI-08,0171453565,2026063049865,R-20260630-72,23,ACC-003,45
2026-06-30,CEDI-08,0171453565,2026063049865,R-20260630-72,23,ACC-004,30
2026-06-30,CEDI-08,0915161768,2026063032289,R-20260630-72,1,TRBT-004,35
2026-06-30,CEDI-08,0915161768,2026063032289,R-20260630-72,1,TRBT-007,30
2026-06-30,CEDI-08,0915161768,2026063032289,R-20260630-72,1,TRBT-002,25
2026-06-30,CEDI-08,0915161768,2026063032289,R-20260630-72,1,TRBT-008,50
2026-06-30,CEDI-08,0915161768,2026063032289,R-20260630-72,1,TRBT-006,15
2026-06-30,CEDI-08,0163554138,2026063060301,R-20260630-72,24,TRBT-007,20
2026-06-30,CEDI-08,0163554138,2026063060301,R-20260630-72,24,TRBT-002,40
2026-06-30,CEDI-08,0163554138,2026063060301,R-20260630-72,24,TRBT-003,25
2026-06-30,CEDI-08,0163554138,2026063060301,R-20260630-72,24,TRBT-008,10
2026-06-30,CEDI-08,0163554138,2026063060301,R-20260630-72,24,CONS-003,30
2026-06-30,CEDI-08,0163554138,2026063060301,R-20260630-72,24,TRBT-005,10
2026-06-30,CEDI-08,0163554138,2026063060301,R-20260630-72,24,TRBT-006,25
2026-06-30,CEDI-08,0163554138,2026063060301,R-20260630-72,24,ACC-004,15
2026-06-30,CEDI-08,0163554138,2026063060301,R-20260630-72,24,ACC-002,10
2026-06-30,CEDI-08,0163554138,2026063060301,R-20260630-72,24,CONS-002,30
2026-06-30,CEDI-08,0163554138,2026063060301,R-20260630-72,24,TRBT-004,10
2026-06-30,CEDI-08,0479776098,2026063055801,R-20260630-72,13,ACC-003,50
2026-06-30,CEDI-08,0479776098,2026063055801,R-20260630-72,13,TRBT-008,5
2026-06-30,CEDI-08,0479776098,2026063055801,R-20260630-72,13,SVC-001,5
2026-06-30,CEDI-08,0479776098,2026063055801,R-20260630-72,13,ACC-004,20
2026-06-30,CEDI-08,0479776098,2026063055801,R-20260630-72,13,TRBT-006,10
2026-06-30,CEDI-08,0479776098,2026063055801,R-20260630-72,13,TRBT-001,35
2026-06-30,CEDI-08,0479776098,2026063055801,R-20260630-72,13,CONS-001,20
2026-06-30,CEDI-08,0479776098,2026063055801,R-20260630-72,13,TRBT-002,50
2026-06-30,CEDI-08,0479776098,2026063055801,R-20260630-72,13,CONS-002,15
2026-06-30,CEDI-08,0479776098,2026063055801,R-20260630-72,13,ACC-001,50
2026-06-30,CEDI-08,0065496091,2026063033182,R-20260630-72,29,TRBT-003,45
2026-06-30,CEDI-08,0065496091,2026063033182,R-20260630-72,29,ACC-001,30
2026-06-30,CEDI-08,0065496091,2026063033182,R-20260630-72,29,ACC-002,35
2026-06-30,CEDI-08,0065496091,2026063033182,R-20260630-72,29,SVC-001,45
2026-06-30,CEDI-08,0065496091,2026063033182,R-20260630-72,29,CONS-003,45
2026-06-30,CEDI-08,0065496091,2026063033182,R-20260630-72,29,TRBT-009,20
2026-06-30,CEDI-08,0065496091,2026063033182,R-20260630-72,29,TRBT-006,25
2026-06-30,CEDI-08,0065496091,2026063033182,R-20260630-72,29,TRBT-008,30
2026-06-30,CEDI-08,0065496091,2026063033182,R-20260630-72,29,ACC-004,10
2026-06-30,CEDI-08,0065496091,2026063033182,R-20260630-72,29,TRBT-002,30
2026-06-30,CEDI-08,0065496091,2026063033182,R-20260630-72,29,TRBT-005,15
2026-06-30,CEDI-08,0065496091,2026063033182,R-20260630-72,29,CONS-001,15
2026-06-30,CEDI-08,0065496091,2026063033182,R-20260630-72,29,ACC-003,35
2026-06-30,CEDI-08,0065496091,2026063033182,R-20260630-72,29,TRBT-007,40
2026-06-30,CEDI-08,0065496091,2026063033182,R-20260630-72,29,CONS-002,35
2026-06-30,CEDI-08,0065496091,2026063033182,R-20260630-72,29,TRBT-010,25
2026-06-30,CEDI-08,0065496091,2026063033182,R-20260630-72,29,TRBT-004,10
2026-06-30,CEDI-08,0842291855,2026063065678,R-20260630-72,4,SVC-001,45
2026-06-30,CEDI-08,0842291855,2026063065678,R-20260630-72,4,ACC-002,20
2026-06-30,CEDI-08,0842291855,2026063065678,R-20260630-72,4,SVC-002,50
2026-06-30,CEDI-08,0842291855,2026063065678,R-20260630-72,4,CONS-002,50
2026-06-30,CEDI-08,0842291855,2026063065678,R-20260630-72,4,TRBT-009,50
2026-06-30,CEDI-08,0842291855,2026063065678,R-20260630-72,4,TRBT-010,25
2026-06-30,CEDI-08,0842291855,2026063065678,R-20260630-72,4,TRBT-002,25
2026-06-30,CEDI-08,0842291855,2026063065678,R-20260630-72,4,CONS-001,35
2026-06-30,CEDI-08,0842291855,2026063065678,R-20260630-72,4,ACC-001,10
2026-06-30,CEDI-08,0842291855,2026063065678,R-20260630-72,4,ACC-004,5
2026-06-30,CEDI-08,0417308919,2026063052802,R-20260630-72,15,TRBT-008,35
2026-06-30,CEDI-08,0417308919,2026063052802,R-20260630-72,15,ACC-003,20
2026-06-30,CEDI-08,0417308919,2026063052802,R-20260630-72,15,TRBT-005,30
2026-06-30,CEDI-08,0417308919,2026063052802,R-20260630-72,15,TRBT-009,25
2026-06-30,CEDI-08,0107357822,2026063085569,R-20260630-72,25,CONS-003,5
2026-06-30,CEDI-08,0107357822,2026063085569,R-20260630-72,25,TRBT-005,40
2026-06-30,CEDI-08,0107357822,2026063085569,R-20260630-72,25,TRBT-009,45
2026-06-30,CEDI-08,0107357822,2026063085569,R-20260630-72,25,ACC-004,25
2026-06-30,CEDI-08,0107357822,2026063085569,R-20260630-72,25,ACC-001,20
2026-06-30,CEDI-08,0107357822,2026063085569,R-20260630-72,25,TRBT-006,50
2026-06-30,CEDI-08,0107357822,2026063085569,R-20260630-72,25,CONS-002,20
2026-06-30,CEDI-08,0107357822,2026063085569,R-20260630-72,25,TRBT-010,40
2026-06-30,CEDI-08,0107357822,2026063085569,R-20260630-72,25,TRBT-007,20
2026-06-30,CEDI-08,0107357822,2026063085569,R-20260630-72,25,SVC-002,35
2026-06-30,CEDI-08,0107357822,2026063085569,R-20260630-72,25,CONS-001,25
2026-06-30,CEDI-08,0107357822,2026063085569,R-20260630-72,25,TRBT-002,15
2026-06-30,CEDI-08,0107357822,2026063085569,R-20260630-72,25,TRBT-004,5
2026-06-30,CEDI-08,0366805214,2026063087352,R-20260630-72,18,TRBT-008,15
2026-06-30,CEDI-08,0366805214,2026063087352,R-20260630-72,18,TRBT-009,35
2026-06-30,CEDI-08,0366805214,2026063087352,R-20260630-72,18,TRBT-005,10
2026-06-30,CEDI-08,0366805214,2026063087352,R-20260630-72,18,ACC-002,20
2026-06-30,CEDI-08,0366805214,2026063087352,R-20260630-72,18,CONS-002,10
2026-06-30,CEDI-08,0366805214,2026063087352,R-20260630-72,18,TRBT-004,40
2026-06-30,CEDI-08,0366805214,2026063087352,R-20260630-72,18,SVC-002,25
2026-06-30,CEDI-08,0366805214,2026063087352,R-20260630-72,18,TRBT-007,40
2026-06-30,CEDI-08,0366805214,2026063087352,R-20260630-72,18,ACC-003,50
2026-06-30,CEDI-08,0366805214,2026063087352,R-20260630-72,18,CONS-003,25
2026-06-30,CEDI-08,0366805214,2026063087352,R-20260630-72,18,TRBT-002,50
2026-06-30,CEDI-08,0366805214,2026063087352,R-20260630-72,18,TRBT-006,45
2026-06-30,CEDI-08,0366805214,2026063087352,R-20260630-72,18,ACC-004,25
2026-06-30,CEDI-08,0366805214,2026063087352,R-20260630-72,18,CONS-001,40
2026-06-30,CEDI-08,0366805214,2026063087352,R-20260630-72,18,TRBT-001,30
2026-06-30,CEDI-08,0366805214,2026063087352,R-20260630-72,18,TRBT-003,45
2026-06-30,CEDI-08,0366805214,2026063087352,R-20260630-72,18,TRBT-010,50
2026-06-30,CEDI-08,0411857261,2026063077142,R-20260630-72,16,ACC-002,50
2026-06-30,CEDI-08,0411857261,2026063077142,R-20260630-72,16,ACC-004,35
2026-06-30,CEDI-08,0411857261,2026063077142,R-20260630-72,16,TRBT-001,5
2026-06-30,CEDI-08,0411857261,2026063077142,R-20260630-72,16,TRBT-003,40
2026-06-30,CEDI-08,0411857261,2026063077142,R-20260630-72,16,SVC-001,35
2026-06-30,CEDI-08,0411857261,2026063077142,R-20260630-72,16,TRBT-007,5
2026-06-30,CEDI-08,0411857261,2026063077142,R-20260630-72,16,TRBT-006,25
2026-06-30,CEDI-08,0411857261,2026063077142,R-20260630-72,16,ACC-003,5
2026-06-30,CEDI-08,0411857261,2026063077142,R-20260630-72,16,SVC-002,45
2026-06-30,CEDI-08,0411857261,2026063077142,R-20260630-72,16,TRBT-008,5
2026-06-30,CEDI-08,0411857261,2026063077142,R-20260630-72,16,TRBT-002,20
2026-06-30,CEDI-08,0411857261,2026063077142,R-20260630-72,16,TRBT-009,45
2026-06-30,CEDI-08,0411857261,2026063077142,R-20260630-72,16,TRBT-005,35
2026-06-30,CEDI-08,0560318655,2026063064430,R-20260630-72,12,ACC-001,50
2026-06-30,CEDI-08,0560318655,2026063064430,R-20260630-72,12,TRBT-006,5
2026-06-30,CEDI-08,0560318655,2026063064430,R-20260630-72,12,TRBT-009,10
2026-06-30,CEDI-08,0560318655,2026063064430,R-20260630-72,12,TRBT-010,20
2026-06-30,CEDI-08,0560318655,2026063064430,R-20260630-72,12,CONS-002,50
2026-06-30,CEDI-08,0560318655,2026063064430,R-20260630-72,12,TRBT-002,25
2026-06-30,CEDI-08,0560318655,2026063064430,R-20260630-72,12,TRBT-004,20
2026-06-30,CEDI-08,0560318655,2026063064430,R-20260630-72,12,TRBT-001,15
2026-06-30,CEDI-08,0560318655,2026063064430,R-20260630-72,12,ACC-003,15
2026-06-30,CEDI-08,0560318655,2026063064430,R-20260630-72,12,CONS-003,50
2026-06-30,CEDI-08,0560318655,2026063064430,R-20260630-72,12,TRBT-005,30
2026-06-30,CEDI-08,0560318655,2026063064430,R-20260630-72,12,SVC-001,50
2026-06-30,CEDI-08,0560318655,2026063064430,R-20260630-72,12,CONS-001,5
2026-06-30,CEDI-08,0560318655,2026063064430,R-20260630-72,12,TRBT-008,45
2026-06-30,CEDI-08,0560318655,2026063064430,R-20260630-72,12,ACC-002,5
2026-06-30,CEDI-08,0560318655,2026063064430,R-20260630-72,12,SVC-002,25
2026-06-30,CEDI-08,0560318655,2026063064430,R-20260630-72,12,TRBT-007,20
2026-06-30,CEDI-08,0342019150,2026063054153,R-20260630-72,20,CONS-001,10
2026-06-30,CEDI-08,0567576174,2026063052729,R-20260630-72,10,CONS-003,35
2026-06-30,CEDI-08,0567576174,2026063052729,R-20260630-72,10,ACC-001,10
2026-06-30,CEDI-08,0567576174,2026063052729,R-20260630-72,10,TRBT-007,15
2026-06-30,CEDI-08,0567576174,2026063052729,R-20260630-72,10,TRBT-010,35
2026-06-30,CEDI-08,0567576174,2026063052729,R-20260630-72,10,TRBT-001,25
2026-06-30,CEDI-08,0567576174,2026063052729,R-20260630-72,10,ACC-003,50
2026-06-30,CEDI-08,0567576174,2026063052729,R-20260630-72,10,TRBT-005,50
2026-06-30,CEDI-08,0567576174,2026063052729,R-20260630-72,10,SVC-001,40
2026-06-30,CEDI-08,0567576174,2026063052729,R-20260630-72,10,TRBT-008,35
2026-06-30,CEDI-08,0567576174,2026063052729,R-20260630-72,10,TRBT-002,25
2026-06-30,CEDI-08,0567576174,2026063052729,R-20260630-72,10,TRBT-003,25
2026-06-30,CEDI-08,0567576174,2026063052729,R-20260630-72,10,TRBT-004,40
2026-06-30,CEDI-08,0567576174,2026063052729,R-20260630-72,10,SVC-002,25
2026-06-30,CEDI-08,0567576174,2026063052729,R-20260630-72,10,TRBT-006,10
2026-06-30,CEDI-08,0567576174,2026063052729,R-20260630-72,10,CONS-001,15
2026-06-30,CEDI-08,0366681447,2026063048915,R-20260630-72,19,TRBT-007,5
2026-06-30,CEDI-08,0366681447,2026063048915,R-20260630-72,19,ACC-002,10
2026-06-30,CEDI-08,0366681447,2026063048915,R-20260630-72,19,TRBT-005,10
2026-06-30,CEDI-08,0366681447,2026063048915,R-20260630-72,19,CONS-003,35
2026-06-30,CEDI-08,0366681447,2026063048915,R-20260630-72,19,SVC-002,45
2026-06-30,CEDI-08,0366681447,2026063048915,R-20260630-72,19,TRBT-008,40
2026-06-30,CEDI-08,0366681447,2026063048915,R-20260630-72,19,TRBT-001,40
2026-06-30,CEDI-08,0366681447,2026063048915,R-20260630-72,19,ACC-001,50
2026-06-30,CEDI-08,0366681447,2026063048915,R-20260630-72,19,ACC-004,50
2026-06-30,CEDI-08,0366681447,2026063048915,R-20260630-72,19,TRBT-002,50
2026-06-30,CEDI-08,0366681447,2026063048915,R-20260630-72,19,TRBT-009,15
2026-06-30,CEDI-08,0366681447,2026063048915,R-20260630-72,19,CONS-002,35
2026-06-30,CEDI-08,0366681447,2026063048915,R-20260630-72,19,SVC-001,25
2026-06-30,CEDI-08,0366681447,2026063048915,R-20260630-72,19,TRBT-004,20
2026-06-30,CEDI-08,0366681447,2026063048915,R-20260630-72,19,CONS-001,5
2026-06-30,CEDI-08,0366681447,2026063048915,R-20260630-72,19,TRBT-003,25
2026-06-30,CEDI-08,0366681447,2026063048915,R-20260630-72,19,ACC-003,25
2026-06-30,CEDI-08,0366681447,2026063048915,R-20260630-72,19,TRBT-006,25
2026-06-30,CEDI-08,0366681447,2026063048915,R-20260630-72,19,TRBT-010,35
2026-06-30,CEDI-08,0054011969,2026063095224,R-20260630-72,30,TRBT-005,35
2026-06-30,CEDI-08,0054011969,2026063095224,R-20260630-72,30,ACC-003,45
2026-06-30,CEDI-08,0054011969,2026063095224,R-20260630-72,30,CONS-001,20
2026-06-30,CEDI-08,0054011969,2026063095224,R-20260630-72,30,SVC-001,20
2026-06-30,CEDI-08,0054011969,2026063095224,R-20260630-72,30,TRBT-003,20
2026-06-30,CEDI-08,0054011969,2026063095224,R-20260630-72,30,TRBT-004,35
2026-06-30,CEDI-08,0054011969,2026063095224,R-20260630-72,30,SVC-002,35
2026-06-30,CEDI-08,0054011969,2026063095224,R-20260630-72,30,TRBT-001,25
2026-06-30,CEDI-08,0054011969,2026063095224,R-20260630-72,30,TRBT-010,30
2026-06-30,CEDI-08,0826781372,2026063086842,R-20260630-72,5,CONS-002,45
2026-06-30,CEDI-08,0826781372,2026063086842,R-20260630-72,5,ACC-003,40
2026-06-30,CEDI-08,0826781372,2026063086842,R-20260630-72,5,TRBT-004,45
2026-06-30,CEDI-08,0826781372,2026063086842,R-20260630-72,5,TRBT-008,35
2026-06-30,CEDI-08,0826781372,2026063086842,R-20260630-72,5,TRBT-005,15
2026-06-30,CEDI-08,0826781372,2026063086842,R-20260630-72,5,SVC-002,10
2026-06-30,CEDI-08,0826781372,2026063086842,R-20260630-72,5,CONS-001,45
2026-06-30,CEDI-08,0826781372,2026063086842,R-20260630-72,5,TRBT-009,10
2026-06-30,CEDI-08,0826781372,2026063086842,R-20260630-72,5,TRBT-006,20
2026-06-30,CEDI-08,0826781372,2026063086842,R-20260630-72,5,TRBT-002,15
2026-06-30,CEDI-08,0826781372,2026063086842,R-20260630-72,5,TRBT-007,15
2026-06-30,CEDI-08,0826781372,2026063086842,R-20260630-72,5,TRBT-001,10
2026-06-30,CEDI-08,0826781372,2026063086842,R-20260630-72,5,CONS-003,40
2026-06-30,CEDI-08,0826781372,2026063086842,R-20260630-72,5,ACC-004,10
2026-06-30,CEDI-08,0826781372,2026063086842,R-20260630-72,5,SVC-001,10
2026-06-30,CEDI-08,0826781372,2026063086842,R-20260630-72,5,ACC-002,50
2026-06-30,CEDI-08,0826781372,2026063086842,R-20260630-72,5,ACC-001,40
2026-06-30,CEDI-08,0826781372,2026063086842,R-20260630-72,5,TRBT-003,15
2026-06-30,CEDI-08,0284291403,2026063012501,R-20260630-72,21,TRBT-005,50
2026-06-30,CEDI-08,0284291403,2026063012501,R-20260630-72,21,CONS-002,10
2026-06-30,CEDI-08,0284291403,2026063012501,R-20260630-72,21,TRBT-002,45
2026-06-30,CEDI-08,0284291403,2026063012501,R-20260630-72,21,TRBT-007,45
2026-06-30,CEDI-08,0284291403,2026063012501,R-20260630-72,21,TRBT-009,40
2026-06-30,CEDI-08,0284291403,2026063012501,R-20260630-72,21,TRBT-010,35
2026-06-30,CEDI-08,0821953854,2026063060013,R-20260630-72,6,TRBT-003,10
2026-06-30,CEDI-08,0821953854,2026063060013,R-20260630-72,6,TRBT-007,20
2026-06-30,CEDI-08,0821953854,2026063060013,R-20260630-72,6,CONS-003,40
2026-06-30,CEDI-08,0821953854,2026063060013,R-20260630-72,6,TRBT-004,5
2026-06-30,CEDI-08,0821953854,2026063060013,R-20260630-72,6,TRBT-002,25
2026-06-30,CEDI-08,0821953854,2026063060013,R-20260630-72,6,SVC-001,10
2026-06-30,CEDI-08,0821953854,2026063060013,R-20260630-72,6,TRBT-009,10
2026-06-30,CEDI-08,0821953854,2026063060013,R-20260630-72,6,ACC-004,20
2026-06-30,CEDI-08,0268378113,2026063091345,R-20260630-72,22,SVC-001,25
2026-06-30,CEDI-08,0268378113,2026063091345,R-20260630-72,22,TRBT-006,25
2026-06-30,CEDI-08,0268378113,2026063091345,R-20260630-72,22,TRBT-010,10
2026-06-30,CEDI-08,0268378113,2026063091345,R-20260630-72,22,CONS-003,10
2026-06-30,CEDI-08,0268378113,2026063091345,R-20260630-72,22,TRBT-008,20
2026-06-30,CEDI-08,0268378113,2026063091345,R-20260630-72,22,TRBT-004,50
2026-06-30,CEDI-08,0268378113,2026063091345,R-20260630-72,22,SVC-002,50
2026-06-30,CEDI-08,0268378113,2026063091345,R-20260630-72,22,TRBT-002,20
2026-06-30,CEDI-08,0268378113,2026063091345,R-20260630-72,22,TRBT-003,20
2026-06-30,CEDI-08,0268378113,2026063091345,R-20260630-72,22,CONS-001,35
2026-06-30,CEDI-08,0268378113,2026063091345,R-20260630-72,22,ACC-004,15
2026-06-30,CEDI-08,0268378113,2026063091345,R-20260630-72,22,CONS-002,40
2026-06-30,CEDI-08,0268378113,2026063091345,R-20260630-72,22,ACC-002,5
2026-06-30,CEDI-08,0268378113,2026063091345,R-20260630-72,22,TRBT-001,25
2026-06-30,CEDI-08,0268378113,2026063091345,R-20260630-72,22,TRBT-005,25
2026-06-30,CEDI-08,0268378113,2026063091345,R-20260630-72,22,ACC-003,15
2026-06-30,CEDI-09,0445560229,2026063095084,R-20260630-80,9,TRBT-001,50
2026-06-30,CEDI-09,0445560229,2026063095084,R-20260630-80,9,TRBT-004,50
2026-06-30,CEDI-09,0445560229,2026063095084,R-20260630-80,9,TRBT-008,15
2026-06-30,CEDI-09,0445560229,2026063095084,R-20260630-80,9,ACC-004,25
2026-06-30,CEDI-09,0074237117,2026063069837,R-20260630-80,19,TRBT-006,45
2026-06-30,CEDI-09,0074237117,2026063069837,R-20260630-80,19,ACC-001,20
2026-06-30,CEDI-09,0074237117,2026063069837,R-20260630-80,19,SVC-002,5
2026-06-30,CEDI-09,0460870451,2026063064396,R-20260630-80,8,SVC-002,25
2026-06-30,CEDI-09,0460870451,2026063064396,R-20260630-80,8,CONS-002,40
2026-06-30,CEDI-09,0460870451,2026063064396,R-20260630-80,8,TRBT-003,50
2026-06-30,CEDI-09,0460870451,2026063064396,R-20260630-80,8,TRBT-001,25
2026-06-30,CEDI-09,0376107657,2026063021597,R-20260630-80,10,ACC-001,40
2026-06-30,CEDI-09,0376107657,2026063021597,R-20260630-80,10,TRBT-010,35
2026-06-30,CEDI-09,0376107657,2026063021597,R-20260630-80,10,TRBT-001,30
2026-06-30,CEDI-09,0376107657,2026063021597,R-20260630-80,10,TRBT-007,15
2026-06-30,CEDI-09,0376107657,2026063021597,R-20260630-80,10,CONS-002,20
2026-06-30,CEDI-09,0565506657,2026063020974,R-20260630-80,5,TRBT-006,50
2026-06-30,CEDI-09,0565506657,2026063020974,R-20260630-80,5,ACC-004,15
2026-06-30,CEDI-09,0565506657,2026063020974,R-20260630-80,5,CONS-001,5
2026-06-30,CEDI-09,0565506657,2026063020974,R-20260630-80,5,ACC-001,30
2026-06-30,CEDI-09,0565506657,2026063020974,R-20260630-80,5,TRBT-007,5
2026-06-30,CEDI-09,0047849852,2026063054243,R-20260630-80,20,SVC-002,40
2026-06-30,CEDI-09,0047849852,2026063054243,R-20260630-80,20,TRBT-007,30
2026-06-30,CEDI-09,0047849852,2026063054243,R-20260630-80,20,ACC-001,15
2026-06-30,CEDI-09,0047849852,2026063054243,R-20260630-80,20,TRBT-005,25
2026-06-30,CEDI-09,0047849852,2026063054243,R-20260630-80,20,TRBT-002,5
2026-06-30,CEDI-09,0047849852,2026063054243,R-20260630-80,20,TRBT-004,25
2026-06-30,CEDI-09,0047849852,2026063054243,R-20260630-80,20,TRBT-009,35
2026-06-30,CEDI-09,0047849852,2026063054243,R-20260630-80,20,CONS-001,20
2026-06-30,CEDI-09,0047849852,2026063054243,R-20260630-80,20,CONS-002,35
2026-06-30,CEDI-09,0920664340,2026063017509,R-20260630-80,1,ACC-003,20
2026-06-30,CEDI-09,0920664340,2026063017509,R-20260630-80,1,ACC-001,10
2026-06-30,CEDI-09,0920664340,2026063017509,R-20260630-80,1,TRBT-008,35
2026-06-30,CEDI-09,0187409359,2026063024063,R-20260630-80,14,ACC-003,15
2026-06-30,CEDI-09,0187409359,2026063024063,R-20260630-80,14,SVC-002,25
2026-06-30,CEDI-09,0509066276,2026063028518,R-20260630-80,7,TRBT-009,30
2026-06-30,CEDI-09,0509066276,2026063028518,R-20260630-80,7,CONS-002,20
2026-06-30,CEDI-09,0230792521,2026063040951,R-20260630-80,12,TRBT-003,20
2026-06-30,CEDI-09,0230792521,2026063040951,R-20260630-80,12,TRBT-005,30
2026-06-30,CEDI-09,0230792521,2026063040951,R-20260630-80,12,TRBT-006,15
2026-06-30,CEDI-09,0230792521,2026063040951,R-20260630-80,12,TRBT-004,5
2026-06-30,CEDI-09,0230792521,2026063040951,R-20260630-80,12,TRBT-001,15
2026-06-30,CEDI-09,0230792521,2026063040951,R-20260630-80,12,CONS-002,50
2026-06-30,CEDI-09,0230792521,2026063040951,R-20260630-80,12,TRBT-008,40
2026-06-30,CEDI-09,0230792521,2026063040951,R-20260630-80,12,TRBT-010,25
2026-06-30,CEDI-09,0230792521,2026063040951,R-20260630-80,12,ACC-004,5
2026-06-30,CEDI-09,0230792521,2026063040951,R-20260630-80,12,SVC-001,15
2026-06-30,CEDI-09,0230792521,2026063040951,R-20260630-80,12,ACC-002,50
2026-06-30,CEDI-09,0230792521,2026063040951,R-20260630-80,12,SVC-002,45
2026-06-30,CEDI-09,0230792521,2026063040951,R-20260630-80,12,CONS-001,20
2026-06-30,CEDI-09,0230792521,2026063040951,R-20260630-80,12,TRBT-002,45
2026-06-30,CEDI-09,0230792521,2026063040951,R-20260630-80,12,ACC-001,10
2026-06-30,CEDI-09,0230792521,2026063040951,R-20260630-80,12,CONS-003,45
2026-06-30,CEDI-09,0304711447,2026063068273,R-20260630-80,11,TRBT-001,20
2026-06-30,CEDI-09,0304711447,2026063068273,R-20260630-80,11,TRBT-007,50
2026-06-30,CEDI-09,0075266993,2026063080416,R-20260630-80,18,TRBT-005,35
2026-06-30,CEDI-09,0075266993,2026063080416,R-20260630-80,18,TRBT-004,50
2026-06-30,CEDI-09,0075266993,2026063080416,R-20260630-80,18,CONS-002,5
2026-06-30,CEDI-09,0075266993,2026063080416,R-20260630-80,18,ACC-003,40
2026-06-30,CEDI-09,0075266993,2026063080416,R-20260630-80,18,CONS-001,50
2026-06-30,CEDI-09,0075266993,2026063080416,R-20260630-80,18,CONS-003,25
2026-06-30,CEDI-09,0075266993,2026063080416,R-20260630-80,18,SVC-001,10
2026-06-30,CEDI-09,0075266993,2026063080416,R-20260630-80,18,TRBT-008,35
2026-06-30,CEDI-09,0075266993,2026063080416,R-20260630-80,18,TRBT-006,25
2026-06-30,CEDI-09,0075266993,2026063080416,R-20260630-80,18,TRBT-003,20
2026-06-30,CEDI-09,0075266993,2026063080416,R-20260630-80,18,ACC-002,20
2026-06-30,CEDI-09,0075266993,2026063080416,R-20260630-80,18,ACC-004,50
2026-06-30,CEDI-09,0866706057,2026063074379,R-20260630-80,2,TRBT-007,10
2026-06-30,CEDI-09,0866706057,2026063074379,R-20260630-80,2,TRBT-004,5
2026-06-30,CEDI-09,0866706057,2026063074379,R-20260630-80,2,TRBT-005,30
2026-06-30,CEDI-09,0866706057,2026063074379,R-20260630-80,2,CONS-001,15
2026-06-30,CEDI-09,0866706057,2026063074379,R-20260630-80,2,TRBT-002,10
2026-06-30,CEDI-09,0866706057,2026063074379,R-20260630-80,2,TRBT-001,35
2026-06-30,CEDI-09,0866706057,2026063074379,R-20260630-80,2,ACC-003,50
2026-06-30,CEDI-09,0866706057,2026063074379,R-20260630-80,2,TRBT-009,10
2026-06-30,CEDI-09,0157453245,2026063084974,R-20260630-80,15,CONS-001,50
2026-06-30,CEDI-09,0157453245,2026063084974,R-20260630-80,15,ACC-001,50
2026-06-30,CEDI-09,0157453245,2026063084974,R-20260630-80,15,TRBT-004,15
2026-06-30,CEDI-09,0100221163,2026063089607,R-20260630-80,16,ACC-002,45
2026-06-30,CEDI-09,0100221163,2026063089607,R-20260630-80,16,TRBT-004,25
2026-06-30,CEDI-09,0100221163,2026063089607,R-20260630-80,16,ACC-003,45
2026-06-30,CEDI-09,0100221163,2026063089607,R-20260630-80,16,CONS-001,50
2026-06-30,CEDI-09,0100221163,2026063089607,R-20260630-80,16,TRBT-008,20
2026-06-30,CEDI-09,0100221163,2026063089607,R-20260630-80,16,SVC-002,10
2026-06-30,CEDI-09,0100221163,2026063089607,R-20260630-80,16,ACC-004,35
2026-06-30,CEDI-09,0100221163,2026063089607,R-20260630-80,16,ACC-001,10
2026-06-30,CEDI-09,0100221163,2026063089607,R-20260630-80,16,TRBT-005,25
2026-06-30,CEDI-09,0100221163,2026063089607,R-20260630-80,16,CONS-002,15
2026-06-30,CEDI-09,0215404768,2026063070002,R-20260630-80,13,SVC-001,5
2026-06-30,CEDI-09,0215404768,2026063070002,R-20260630-80,13,SVC-002,20
2026-06-30,CEDI-09,0215404768,2026063070002,R-20260630-80,13,TRBT-002,30
2026-06-30,CEDI-09,0215404768,2026063070002,R-20260630-80,13,TRBT-006,20
2026-06-30,CEDI-09,0215404768,2026063070002,R-20260630-80,13,CONS-003,30
2026-06-30,CEDI-09,0215404768,2026063070002,R-20260630-80,13,CONS-001,35
2026-06-30,CEDI-09,0215404768,2026063070002,R-20260630-80,13,ACC-004,40
2026-06-30,CEDI-09,0215404768,2026063070002,R-20260630-80,13,TRBT-003,20
2026-06-30,CEDI-09,0215404768,2026063070002,R-20260630-80,13,TRBT-005,35
2026-06-30,CEDI-09,0215404768,2026063070002,R-20260630-80,13,TRBT-004,35
2026-06-30,CEDI-09,0215404768,2026063070002,R-20260630-80,13,TRBT-010,15
2026-06-30,CEDI-09,0215404768,2026063070002,R-20260630-80,13,TRBT-008,5
2026-06-30,CEDI-09,0552680673,2026063077455,R-20260630-80,6,TRBT-002,15
2026-06-30,CEDI-09,0552680673,2026063077455,R-20260630-80,6,TRBT-004,45
2026-06-30,CEDI-09,0552680673,2026063077455,R-20260630-80,6,TRBT-010,10
2026-06-30,CEDI-09,0552680673,2026063077455,R-20260630-80,6,CONS-003,45
2026-06-30,CEDI-09,0552680673,2026063077455,R-20260630-80,6,ACC-003,30
2026-06-30,CEDI-09,0552680673,2026063077455,R-20260630-80,6,ACC-001,10
2026-06-30,CEDI-09,0552680673,2026063077455,R-20260630-80,6,TRBT-005,50
2026-06-30,CEDI-09,0552680673,2026063077455,R-20260630-80,6,TRBT-006,50
2026-06-30,CEDI-09,0552680673,2026063077455,R-20260630-80,6,TRBT-009,15
2026-06-30,CEDI-09,0552680673,2026063077455,R-20260630-80,6,SVC-002,30
2026-06-30,CEDI-09,0552680673,2026063077455,R-20260630-80,6,SVC-001,10
2026-06-30,CEDI-09,0552680673,2026063077455,R-20260630-80,6,ACC-002,45
2026-06-30,CEDI-09,0552680673,2026063077455,R-20260630-80,6,ACC-004,25
2026-06-30,CEDI-09,0552680673,2026063077455,R-20260630-80,6,CONS-001,45
2026-06-30,CEDI-09,0552680673,2026063077455,R-20260630-80,6,TRBT-003,25
2026-06-30,CEDI-09,0552680673,2026063077455,R-20260630-80,6,CONS-002,10
2026-06-30,CEDI-09,0552680673,2026063077455,R-20260630-80,6,TRBT-001,30
2026-06-30,CEDI-09,0552680673,2026063077455,R-20260630-80,6,TRBT-008,15
2026-06-30,CEDI-09,0786578235,2026063028840,R-20260630-80,3,ACC-002,40
2026-06-30,CEDI-09,0786578235,2026063028840,R-20260630-80,3,TRBT-006,15
2026-06-30,CEDI-09,0786578235,2026063028840,R-20260630-80,3,TRBT-008,30
2026-06-30,CEDI-09,0786578235,2026063028840,R-20260630-80,3,TRBT-009,40
2026-06-30,CEDI-09,0786578235,2026063028840,R-20260630-80,3,TRBT-005,10
2026-06-30,CEDI-09,0786578235,2026063028840,R-20260630-80,3,SVC-002,5
2026-06-30,CEDI-09,0786578235,2026063028840,R-20260630-80,3,ACC-004,45
2026-06-30,CEDI-09,0786578235,2026063028840,R-20260630-80,3,ACC-003,35
2026-06-30,CEDI-09,0085637549,2026063035536,R-20260630-80,17,ACC-001,45
2026-06-30,CEDI-09,0085637549,2026063035536,R-20260630-80,17,TRBT-004,35
2026-06-30,CEDI-09,0085637549,2026063035536,R-20260630-80,17,ACC-004,20
2026-06-30,CEDI-09,0085637549,2026063035536,R-20260630-80,17,TRBT-010,25
2026-06-30,CEDI-09,0085637549,2026063035536,R-20260630-80,17,TRBT-003,25
2026-06-30,CEDI-09,0780823205,2026063016193,R-20260630-80,4,ACC-004,30
2026-06-30,CEDI-09,0780823205,2026063016193,R-20260630-80,4,TRBT-001,50
2026-06-30,CEDI-09,0780823205,2026063016193,R-20260630-80,4,TRBT-010,5
2026-06-30,CEDI-09,0780823205,2026063016193,R-20260630-80,4,TRBT-007,40
2026-06-30,CEDI-09,0780823205,2026063016193,R-20260630-80,4,ACC-001,35
2026-06-30,CEDI-09,0780823205,2026063016193,R-20260630-80,4,ACC-003,25
2026-06-30,CEDI-09,0780823205,2026063016193,R-20260630-80,4,TRBT-006,15
2026-06-30,CEDI-09,0780823205,2026063016193,R-20260630-80,4,TRBT-008,25
2026-06-30,CEDI-09,0780823205,2026063016193,R-20260630-80,4,CONS-001,30
2026-06-30,CEDI-09,0780823205,2026063016193,R-20260630-80,4,TRBT-002,25
2026-06-30,CEDI-09,0780823205,2026063016193,R-20260630-80,4,TRBT-005,30
2026-06-30,CEDI-09,0780823205,2026063016193,R-20260630-80,4,TRBT-004,45
2026-06-30,CEDI-09,0780823205,2026063016193,R-20260630-80,4,SVC-001,10
2026-06-30,CEDI-09,0780823205,2026063016193,R-20260630-80,4,CONS-003,30
2026-06-30,CEDI-10,0413579785,2026063032278,R-20260630-63,32,TRBT-007,25
2026-06-30,CEDI-10,0413579785,2026063032278,R-20260630-63,32,CONS-001,30
2026-06-30,CEDI-10,0413579785,2026063032278,R-20260630-63,32,TRBT-006,50
2026-06-30,CEDI-10,0413579785,2026063032278,R-20260630-63,32,CONS-003,15
2026-06-30,CEDI-10,0413579785,2026063032278,R-20260630-63,32,SVC-001,35
2026-06-30,CEDI-10,0413579785,2026063032278,R-20260630-63,32,CONS-002,40
2026-06-30,CEDI-10,0413579785,2026063032278,R-20260630-63,32,TRBT-009,5
2026-06-30,CEDI-10,0413579785,2026063032278,R-20260630-63,32,TRBT-008,50
2026-06-30,CEDI-10,0413579785,2026063032278,R-20260630-63,32,ACC-001,10
2026-06-30,CEDI-10,0413579785,2026063032278,R-20260630-63,32,TRBT-004,25
2026-06-30,CEDI-10,0413579785,2026063032278,R-20260630-63,32,TRBT-005,30
2026-06-30,CEDI-10,0413579785,2026063032278,R-20260630-63,32,TRBT-010,5
2026-06-30,CEDI-10,0413579785,2026063032278,R-20260630-63,32,ACC-002,45
2026-06-30,CEDI-10,0413579785,2026063032278,R-20260630-63,32,TRBT-003,35
2026-06-30,CEDI-10,0413579785,2026063032278,R-20260630-63,32,SVC-002,5
2026-06-30,CEDI-10,0413579785,2026063032278,R-20260630-63,32,TRBT-002,20
2026-06-30,CEDI-10,0413579785,2026063032278,R-20260630-63,32,TRBT-001,40
2026-06-30,CEDI-10,0731416120,2026063011336,R-20260630-63,12,SVC-002,45
2026-06-30,CEDI-10,0731416120,2026063011336,R-20260630-63,12,TRBT-002,10
2026-06-30,CEDI-10,0731416120,2026063011336,R-20260630-63,12,SVC-001,10
2026-06-30,CEDI-10,0731416120,2026063011336,R-20260630-63,12,TRBT-010,15
2026-06-30,CEDI-10,0731416120,2026063011336,R-20260630-63,12,TRBT-008,10
2026-06-30,CEDI-10,0442979098,2026063063848,R-20260630-63,30,TRBT-006,35
2026-06-30,CEDI-10,0442979098,2026063063848,R-20260630-63,30,TRBT-001,25
2026-06-30,CEDI-10,0442979098,2026063063848,R-20260630-63,30,ACC-002,10
2026-06-30,CEDI-10,0837825024,2026063089059,R-20260630-63,7,ACC-004,10
2026-06-30,CEDI-10,0837825024,2026063089059,R-20260630-63,7,TRBT-004,35
2026-06-30,CEDI-10,0837825024,2026063089059,R-20260630-63,7,ACC-002,45
2026-06-30,CEDI-10,0837825024,2026063089059,R-20260630-63,7,TRBT-007,40
2026-06-30,CEDI-10,0837825024,2026063089059,R-20260630-63,7,ACC-003,35
2026-06-30,CEDI-10,0837825024,2026063089059,R-20260630-63,7,TRBT-010,35
2026-06-30,CEDI-10,0837825024,2026063089059,R-20260630-63,7,TRBT-009,15
2026-06-30,CEDI-10,0837825024,2026063089059,R-20260630-63,7,TRBT-008,10
2026-06-30,CEDI-10,0709345416,2026063086421,R-20260630-63,15,CONS-003,25
2026-06-30,CEDI-10,0709345416,2026063086421,R-20260630-63,15,TRBT-001,15
2026-06-30,CEDI-10,0709345416,2026063086421,R-20260630-63,15,TRBT-002,35
2026-06-30,CEDI-10,0709345416,2026063086421,R-20260630-63,15,TRBT-006,5
2026-06-30,CEDI-10,0709345416,2026063086421,R-20260630-63,15,ACC-002,20
2026-06-30,CEDI-10,0709345416,2026063086421,R-20260630-63,15,TRBT-003,15
2026-06-30,CEDI-10,0709345416,2026063086421,R-20260630-63,15,ACC-004,50
2026-06-30,CEDI-10,0709345416,2026063086421,R-20260630-63,15,TRBT-004,50
2026-06-30,CEDI-10,0709345416,2026063086421,R-20260630-63,15,TRBT-007,10
2026-06-30,CEDI-10,0400225772,2026063093829,R-20260630-63,33,SVC-002,50
2026-06-30,CEDI-10,0400225772,2026063093829,R-20260630-63,33,CONS-003,15
2026-06-30,CEDI-10,0400225772,2026063093829,R-20260630-63,33,TRBT-005,30
2026-06-30,CEDI-10,0400225772,2026063093829,R-20260630-63,33,SVC-001,15
2026-06-30,CEDI-10,0400225772,2026063093829,R-20260630-63,33,ACC-001,10
2026-06-30,CEDI-10,0400225772,2026063093829,R-20260630-63,33,TRBT-010,35
2026-06-30,CEDI-10,0400225772,2026063093829,R-20260630-63,33,ACC-004,25
2026-06-30,CEDI-10,0400225772,2026063093829,R-20260630-63,33,TRBT-002,30
2026-06-30,CEDI-10,0400225772,2026063093829,R-20260630-63,33,TRBT-001,25
2026-06-30,CEDI-10,0400225772,2026063093829,R-20260630-63,33,TRBT-003,5
2026-06-30,CEDI-10,0400225772,2026063093829,R-20260630-63,33,TRBT-004,50
2026-06-30,CEDI-10,0400225772,2026063093829,R-20260630-63,33,CONS-001,35
2026-06-30,CEDI-10,0400225772,2026063093829,R-20260630-63,33,ACC-003,5
2026-06-30,CEDI-10,0400225772,2026063093829,R-20260630-63,33,ACC-002,45
2026-06-30,CEDI-10,0400225772,2026063093829,R-20260630-63,33,TRBT-006,50
2026-06-30,CEDI-10,0688894553,2026063067364,R-20260630-63,20,CONS-002,50
2026-06-30,CEDI-10,0688894553,2026063067364,R-20260630-63,20,TRBT-003,50
2026-06-30,CEDI-10,0688894553,2026063067364,R-20260630-63,20,ACC-003,40
2026-06-30,CEDI-10,0688894553,2026063067364,R-20260630-63,20,TRBT-009,25
2026-06-30,CEDI-10,0688894553,2026063067364,R-20260630-63,20,TRBT-002,45
2026-06-30,CEDI-10,0688894553,2026063067364,R-20260630-63,20,CONS-003,5
2026-06-30,CEDI-10,0688894553,2026063067364,R-20260630-63,20,TRBT-005,25
2026-06-30,CEDI-10,0688894553,2026063067364,R-20260630-63,20,SVC-002,5
2026-06-30,CEDI-10,0688894553,2026063067364,R-20260630-63,20,ACC-001,5
2026-06-30,CEDI-10,0688894553,2026063067364,R-20260630-63,20,TRBT-007,40
2026-06-30,CEDI-10,0688894553,2026063067364,R-20260630-63,20,TRBT-004,35
2026-06-30,CEDI-10,0688894553,2026063067364,R-20260630-63,20,SVC-001,30
2026-06-30,CEDI-10,0929142805,2026063076869,R-20260630-63,4,ACC-002,25
2026-06-30,CEDI-10,0322940619,2026063072879,R-20260630-63,34,CONS-001,20
2026-06-30,CEDI-10,0322940619,2026063072879,R-20260630-63,34,ACC-002,45
2026-06-30,CEDI-10,0715769165,2026063046293,R-20260630-63,14,ACC-002,40
2026-06-30,CEDI-10,0715769165,2026063046293,R-20260630-63,14,TRBT-006,30
2026-06-30,CEDI-10,0715769165,2026063046293,R-20260630-63,14,TRBT-003,5
2026-06-30,CEDI-10,0715769165,2026063046293,R-20260630-63,14,TRBT-005,40
2026-06-30,CEDI-10,0715769165,2026063046293,R-20260630-63,14,ACC-003,50
2026-06-30,CEDI-10,0715769165,2026063046293,R-20260630-63,14,TRBT-007,35
2026-06-30,CEDI-10,0715769165,2026063046293,R-20260630-63,14,SVC-002,15
2026-06-30,CEDI-10,0715769165,2026063046293,R-20260630-63,14,TRBT-009,40
2026-06-30,CEDI-10,0701327026,2026063048687,R-20260630-63,17,CONS-002,10
2026-06-30,CEDI-10,0701327026,2026063048687,R-20260630-63,17,ACC-002,30
2026-06-30,CEDI-10,0701327026,2026063048687,R-20260630-63,17,TRBT-009,25
2026-06-30,CEDI-10,0701327026,2026063048687,R-20260630-63,17,TRBT-004,45
2026-06-30,CEDI-10,0701327026,2026063048687,R-20260630-63,17,CONS-001,15
2026-06-30,CEDI-10,0701327026,2026063048687,R-20260630-63,17,TRBT-002,30
2026-06-30,CEDI-10,0016252582,2026063042062,R-20260630-63,41,TRBT-005,30
2026-06-30,CEDI-10,0016252582,2026063042062,R-20260630-63,41,TRBT-004,30
2026-06-30,CEDI-10,0016252582,2026063042062,R-20260630-63,41,TRBT-009,35
2026-06-30,CEDI-10,0016252582,2026063042062,R-20260630-63,41,TRBT-008,20
2026-06-30,CEDI-10,0016252582,2026063042062,R-20260630-63,41,TRBT-003,35
2026-06-30,CEDI-10,0016252582,2026063042062,R-20260630-63,41,CONS-003,50
2026-06-30,CEDI-10,0016252582,2026063042062,R-20260630-63,41,TRBT-007,40
2026-06-30,CEDI-10,0016252582,2026063042062,R-20260630-63,41,CONS-002,5
2026-06-30,CEDI-10,0016252582,2026063042062,R-20260630-63,41,ACC-001,25
2026-06-30,CEDI-10,0016252582,2026063042062,R-20260630-63,41,ACC-004,20
2026-06-30,CEDI-10,0016252582,2026063042062,R-20260630-63,41,TRBT-002,45
2026-06-30,CEDI-10,0016252582,2026063042062,R-20260630-63,41,SVC-002,45
2026-06-30,CEDI-10,0654239489,2026063012229,R-20260630-63,21,TRBT-001,45
2026-06-30,CEDI-10,0654239489,2026063012229,R-20260630-63,21,TRBT-008,50
2026-06-30,CEDI-10,0654239489,2026063012229,R-20260630-63,21,ACC-003,30
2026-06-30,CEDI-10,0654239489,2026063012229,R-20260630-63,21,SVC-002,5
2026-06-30,CEDI-10,0654239489,2026063012229,R-20260630-63,21,TRBT-009,10
2026-06-30,CEDI-10,0654239489,2026063012229,R-20260630-63,21,TRBT-006,40
2026-06-30,CEDI-10,0654239489,2026063012229,R-20260630-63,21,ACC-001,50
2026-06-30,CEDI-10,0654239489,2026063012229,R-20260630-63,21,ACC-004,40
2026-06-30,CEDI-10,0654239489,2026063012229,R-20260630-63,21,TRBT-003,50
2026-06-30,CEDI-10,0654239489,2026063012229,R-20260630-63,21,TRBT-005,35
2026-06-30,CEDI-10,0654239489,2026063012229,R-20260630-63,21,CONS-003,30
2026-06-30,CEDI-10,0654239489,2026063012229,R-20260630-63,21,TRBT-010,25
2026-06-30,CEDI-10,0829162295,2026063063327,R-20260630-63,8,ACC-002,15
2026-06-30,CEDI-10,0829162295,2026063063327,R-20260630-63,8,TRBT-003,5
2026-06-30,CEDI-10,0829162295,2026063063327,R-20260630-63,8,CONS-001,5
2026-06-30,CEDI-10,0829162295,2026063063327,R-20260630-63,8,TRBT-001,15
2026-06-30,CEDI-10,0829162295,2026063063327,R-20260630-63,8,TRBT-004,5
2026-06-30,CEDI-10,0829162295,2026063063327,R-20260630-63,8,ACC-001,35
2026-06-30,CEDI-10,0829162295,2026063063327,R-20260630-63,8,CONS-002,20
2026-06-30,CEDI-10,0829162295,2026063063327,R-20260630-63,8,ACC-003,10
2026-06-30,CEDI-10,0829162295,2026063063327,R-20260630-63,8,TRBT-007,15
2026-06-30,CEDI-10,0829162295,2026063063327,R-20260630-63,8,TRBT-008,10
2026-06-30,CEDI-10,0829162295,2026063063327,R-20260630-63,8,TRBT-009,20
2026-06-30,CEDI-10,0829162295,2026063063327,R-20260630-63,8,TRBT-006,10
2026-06-30,CEDI-10,0829162295,2026063063327,R-20260630-63,8,SVC-001,20
2026-06-30,CEDI-10,0829162295,2026063063327,R-20260630-63,8,ACC-004,15
2026-06-30,CEDI-10,0829162295,2026063063327,R-20260630-63,8,TRBT-005,25
2026-06-30,CEDI-10,0829162295,2026063063327,R-20260630-63,8,CONS-003,40
2026-06-30,CEDI-10,0829162295,2026063063327,R-20260630-63,8,TRBT-010,50
2026-06-30,CEDI-10,0829162295,2026063063327,R-20260630-63,8,SVC-002,40
2026-06-30,CEDI-10,0501755567,2026063030024,R-20260630-63,26,TRBT-010,10
2026-06-30,CEDI-10,0501755567,2026063030024,R-20260630-63,26,SVC-001,50
2026-06-30,CEDI-10,0501755567,2026063030024,R-20260630-63,26,TRBT-005,40
2026-06-30,CEDI-10,0501755567,2026063030024,R-20260630-63,26,TRBT-001,40
2026-06-30,CEDI-10,0501755567,2026063030024,R-20260630-63,26,ACC-004,40
2026-06-30,CEDI-10,0501755567,2026063030024,R-20260630-63,26,TRBT-004,35
2026-06-30,CEDI-10,0501755567,2026063030024,R-20260630-63,26,TRBT-007,25
2026-06-30,CEDI-10,0501755567,2026063030024,R-20260630-63,26,CONS-001,30
2026-06-30,CEDI-10,0501755567,2026063030024,R-20260630-63,26,CONS-002,50
2026-06-30,CEDI-10,0540814379,2026063090641,R-20260630-63,25,TRBT-008,35
2026-06-30,CEDI-10,0540814379,2026063090641,R-20260630-63,25,TRBT-004,20
2026-06-30,CEDI-10,0540814379,2026063090641,R-20260630-63,25,CONS-003,30
2026-06-30,CEDI-10,0540814379,2026063090641,R-20260630-63,25,TRBT-005,20
2026-06-30,CEDI-10,0540814379,2026063090641,R-20260630-63,25,SVC-002,40
2026-06-30,CEDI-10,0540814379,2026063090641,R-20260630-63,25,ACC-001,5
2026-06-30,CEDI-11,0265386309,2026063051089,R-20260630-63,39,CONS-002,10
2026-06-30,CEDI-11,0609280779,2026063068280,R-20260630-63,22,TRBT-009,5
2026-06-30,CEDI-11,0609280779,2026063068280,R-20260630-63,22,TRBT-003,15
2026-06-30,CEDI-11,0609280779,2026063068280,R-20260630-63,22,SVC-001,40
2026-06-30,CEDI-11,0609280779,2026063068280,R-20260630-63,22,CONS-001,35
2026-06-30,CEDI-11,0609280779,2026063068280,R-20260630-63,22,TRBT-006,30
2026-06-30,CEDI-11,0609280779,2026063068280,R-20260630-63,22,CONS-002,35
2026-06-30,CEDI-11,0609280779,2026063068280,R-20260630-63,22,ACC-002,40
2026-06-30,CEDI-11,0609280779,2026063068280,R-20260630-63,22,CONS-003,50
2026-06-30,CEDI-11,0979076667,2026063054240,R-20260630-63,1,TRBT-009,15
2026-06-30,CEDI-11,0979076667,2026063054240,R-20260630-63,1,TRBT-002,50
2026-06-30,CEDI-11,0979076667,2026063054240,R-20260630-63,1,TRBT-006,5
2026-06-30,CEDI-11,0979076667,2026063054240,R-20260630-63,1,TRBT-008,45
2026-06-30,CEDI-11,0979076667,2026063054240,R-20260630-63,1,CONS-003,10
2026-06-30,CEDI-11,0979076667,2026063054240,R-20260630-63,1,SVC-001,15
2026-06-30,CEDI-11,0979076667,2026063054240,R-20260630-63,1,TRBT-007,40
2026-06-30,CEDI-11,0979076667,2026063054240,R-20260630-63,1,CONS-001,40
2026-06-30,CEDI-11,0979076667,2026063054240,R-20260630-63,1,SVC-002,30
2026-06-30,CEDI-11,0590200548,2026063094810,R-20260630-63,24,ACC-003,15
2026-06-30,CEDI-11,0590200548,2026063094810,R-20260630-63,24,TRBT-003,10
2026-06-30,CEDI-11,0590200548,2026063094810,R-20260630-63,24,SVC-002,35
2026-06-30,CEDI-11,0590200548,2026063094810,R-20260630-63,24,TRBT-006,30
2026-06-30,CEDI-11,0590200548,2026063094810,R-20260630-63,24,ACC-004,5
2026-06-30,CEDI-11,0590200548,2026063094810,R-20260630-63,24,ACC-001,5
2026-06-30,CEDI-11,0590200548,2026063094810,R-20260630-63,24,CONS-001,5
2026-06-30,CEDI-11,0590200548,2026063094810,R-20260630-63,24,SVC-001,10
2026-06-30,CEDI-11,0695619109,2026063084209,R-20260630-63,19,ACC-001,40
2026-06-30,CEDI-11,0695619109,2026063084209,R-20260630-63,19,TRBT-007,25
2026-06-30,CEDI-11,0695619109,2026063084209,R-20260630-63,19,SVC-002,10
2026-06-30,CEDI-11,0695619109,2026063084209,R-20260630-63,19,TRBT-001,40
2026-06-30,CEDI-11,0695619109,2026063084209,R-20260630-63,19,CONS-003,35
2026-06-30,CEDI-11,0695619109,2026063084209,R-20260630-63,19,ACC-002,10
2026-06-30,CEDI-11,0450647044,2026063010772,R-20260630-63,29,TRBT-004,35
2026-06-30,CEDI-11,0450647044,2026063010772,R-20260630-63,29,SVC-001,20
2026-06-30,CEDI-11,0450647044,2026063010772,R-20260630-63,29,ACC-003,25
2026-06-30,CEDI-11,0450647044,2026063010772,R-20260630-63,29,TRBT-003,50
2026-06-30,CEDI-11,0450647044,2026063010772,R-20260630-63,29,TRBT-009,15
2026-06-30,CEDI-11,0450647044,2026063010772,R-20260630-63,29,TRBT-010,20
2026-06-30,CEDI-11,0450647044,2026063010772,R-20260630-63,29,CONS-002,50
2026-06-30,CEDI-11,0450647044,2026063010772,R-20260630-63,29,TRBT-005,5
2026-06-30,CEDI-11,0450647044,2026063010772,R-20260630-63,29,TRBT-002,15
2026-06-30,CEDI-11,0450647044,2026063010772,R-20260630-63,29,CONS-003,25
2026-06-30,CEDI-11,0699556294,2026063049605,R-20260630-63,18,TRBT-007,40
2026-06-30,CEDI-11,0699556294,2026063049605,R-20260630-63,18,TRBT-002,20
2026-06-30,CEDI-11,0699556294,2026063049605,R-20260630-63,18,CONS-001,30
2026-06-30,CEDI-11,0699556294,2026063049605,R-20260630-63,18,TRBT-004,20
2026-06-30,CEDI-11,0699556294,2026063049605,R-20260630-63,18,TRBT-010,25
2026-06-30,CEDI-11,0699556294,2026063049605,R-20260630-63,18,ACC-001,15
2026-06-30,CEDI-11,0699556294,2026063049605,R-20260630-63,18,ACC-002,50
2026-06-30,CEDI-11,0699556294,2026063049605,R-20260630-63,18,TRBT-003,5
2026-06-30,CEDI-11,0699556294,2026063049605,R-20260630-63,18,ACC-003,35
2026-06-30,CEDI-11,0426529620,2026063043860,R-20260630-63,31,ACC-001,40
2026-06-30,CEDI-11,0426529620,2026063043860,R-20260630-63,31,TRBT-005,45
2026-06-30,CEDI-11,0426529620,2026063043860,R-20260630-63,31,TRBT-002,40
2026-06-30,CEDI-11,0426529620,2026063043860,R-20260630-63,31,ACC-003,35
2026-06-30,CEDI-11,0426529620,2026063043860,R-20260630-63,31,TRBT-006,10
2026-06-30,CEDI-11,0426529620,2026063043860,R-20260630-63,31,ACC-004,10
2026-06-30,CEDI-11,0426529620,2026063043860,R-20260630-63,31,CONS-001,35
2026-06-30,CEDI-11,0426529620,2026063043860,R-20260630-63,31,SVC-002,5
2026-06-30,CEDI-11,0426529620,2026063043860,R-20260630-63,31,TRBT-001,25
2026-06-30,CEDI-11,0426529620,2026063043860,R-20260630-63,31,CONS-002,10
2026-06-30,CEDI-11,0426529620,2026063043860,R-20260630-63,31,TRBT-009,10
2026-06-30,CEDI-11,0426529620,2026063043860,R-20260630-63,31,TRBT-003,30
2026-06-30,CEDI-11,0426529620,2026063043860,R-20260630-63,31,ACC-002,35
2026-06-30,CEDI-11,0426529620,2026063043860,R-20260630-63,31,TRBT-004,15
2026-06-30,CEDI-11,0426529620,2026063043860,R-20260630-63,31,CONS-003,20
2026-06-30,CEDI-11,0426529620,2026063043860,R-20260630-63,31,TRBT-008,30
2026-06-30,CEDI-11,0717911040,2026063037912,R-20260630-63,13,ACC-004,45
2026-06-30,CEDI-11,0717911040,2026063037912,R-20260630-63,13,CONS-002,15
2026-06-30,CEDI-11,0717911040,2026063037912,R-20260630-63,13,SVC-002,10
2026-06-30,CEDI-11,0717911040,2026063037912,R-20260630-63,13,TRBT-001,50
2026-06-30,CEDI-11,0717911040,2026063037912,R-20260630-63,13,ACC-003,20
2026-06-30,CEDI-11,0717911040,2026063037912,R-20260630-63,13,TRBT-005,10
2026-06-30,CEDI-11,0717911040,2026063037912,R-20260630-63,13,TRBT-009,20
2026-06-30,CEDI-11,0717911040,2026063037912,R-20260630-63,13,TRBT-007,5
2026-06-30,CEDI-11,0717911040,2026063037912,R-20260630-63,13,TRBT-004,10
2026-06-30,CEDI-11,0717911040,2026063037912,R-20260630-63,13,TRBT-006,35
2026-06-30,CEDI-11,0717911040,2026063037912,R-20260630-63,13,ACC-002,30
2026-06-30,CEDI-11,0717911040,2026063037912,R-20260630-63,13,SVC-001,30
2026-06-30,CEDI-11,0717911040,2026063037912,R-20260630-63,13,ACC-001,5
2026-06-30,CEDI-11,0717911040,2026063037912,R-20260630-63,13,TRBT-003,50
2026-06-30,CEDI-11,0717911040,2026063037912,R-20260630-63,13,CONS-003,20
2026-06-30,CEDI-11,0474909679,2026063064027,R-20260630-63,27,CONS-003,15
2026-06-30,CEDI-11,0474909679,2026063064027,R-20260630-63,27,TRBT-005,50
2026-06-30,CEDI-11,0474909679,2026063064027,R-20260630-63,27,TRBT-006,15
2026-06-30,CEDI-11,0474909679,2026063064027,R-20260630-63,27,ACC-003,15
2026-06-30,CEDI-11,0474909679,2026063064027,R-20260630-63,27,CONS-001,10
2026-06-30,CEDI-11,0474909679,2026063064027,R-20260630-63,27,CONS-002,20
2026-06-30,CEDI-11,0748389653,2026063011304,R-20260630-63,11,ACC-003,40
2026-06-30,CEDI-11,0748389653,2026063011304,R-20260630-63,11,TRBT-007,10
2026-06-30,CEDI-11,0748389653,2026063011304,R-20260630-63,11,CONS-001,5
2026-06-30,CEDI-11,0821639075,2026063063633,R-20260630-63,10,CONS-003,20
2026-06-30,CEDI-11,0821639075,2026063063633,R-20260630-63,10,ACC-004,5
2026-06-30,CEDI-11,0821639075,2026063063633,R-20260630-63,10,CONS-001,10
2026-06-30,CEDI-11,0821639075,2026063063633,R-20260630-63,10,TRBT-006,40
2026-06-30,CEDI-11,0821639075,2026063063633,R-20260630-63,10,SVC-002,20
2026-06-30,CEDI-11,0821639075,2026063063633,R-20260630-63,10,TRBT-004,30
2026-06-30,CEDI-11,0821639075,2026063063633,R-20260630-63,10,TRBT-001,50
2026-06-30,CEDI-11,0821639075,2026063063633,R-20260630-63,10,TRBT-005,25
2026-06-30,CEDI-11,0821639075,2026063063633,R-20260630-63,10,SVC-001,35
2026-06-30,CEDI-11,0821639075,2026063063633,R-20260630-63,10,ACC-003,40
2026-06-30,CEDI-11,0821639075,2026063063633,R-20260630-63,10,ACC-001,40
2026-06-30,CEDI-11,0821639075,2026063063633,R-20260630-63,10,TRBT-002,15
2026-06-30,CEDI-11,0821639075,2026063063633,R-20260630-63,10,TRBT-009,35
2026-06-30,CEDI-11,0821639075,2026063063633,R-20260630-63,10,TRBT-003,15
2026-06-30,CEDI-11,0821639075,2026063063633,R-20260630-63,10,CONS-002,20
2026-06-30,CEDI-11,0821639075,2026063063633,R-20260630-63,10,TRBT-010,45
2026-06-30,CEDI-11,0821639075,2026063063633,R-20260630-63,10,TRBT-007,15
2026-06-30,CEDI-11,0928772549,2026063038821,R-20260630-63,5,TRBT-010,20
2026-06-30,CEDI-11,0871167833,2026063025373,R-20260630-63,6,CONS-001,40
2026-06-30,CEDI-11,0871167833,2026063025373,R-20260630-63,6,ACC-003,5
2026-06-30,CEDI-11,0871167833,2026063025373,R-20260630-63,6,ACC-004,25
2026-06-30,CEDI-11,0871167833,2026063025373,R-20260630-63,6,TRBT-007,50
2026-06-30,CEDI-11,0871167833,2026063025373,R-20260630-63,6,TRBT-001,40
2026-06-30,CEDI-11,0871167833,2026063025373,R-20260630-63,6,TRBT-003,45
2026-06-30,CEDI-11,0871167833,2026063025373,R-20260630-63,6,TRBT-009,35
2026-06-30,CEDI-11,0871167833,2026063025373,R-20260630-63,6,TRBT-004,45
2026-06-30,CEDI-11,0871167833,2026063025373,R-20260630-63,6,ACC-002,40
2026-06-30,CEDI-11,0871167833,2026063025373,R-20260630-63,6,TRBT-005,15
2026-06-30,CEDI-11,0871167833,2026063025373,R-20260630-63,6,CONS-002,40
2026-06-30,CEDI-11,0871167833,2026063025373,R-20260630-63,6,TRBT-006,5
2026-06-30,CEDI-11,0871167833,2026063025373,R-20260630-63,6,SVC-001,35
2026-06-30,CEDI-11,0871167833,2026063025373,R-20260630-63,6,CONS-003,10
2026-06-30,CEDI-11,0871167833,2026063025373,R-20260630-63,6,SVC-002,40
2026-06-30,CEDI-11,0871167833,2026063025373,R-20260630-63,6,TRBT-008,50
2026-06-30,CEDI-11,0871167833,2026063025373,R-20260630-63,6,ACC-001,5
2026-06-30,CEDI-11,0871167833,2026063025373,R-20260630-63,6,TRBT-010,20
2026-06-30,CEDI-11,0871167833,2026063025373,R-20260630-63,6,TRBT-002,15
2026-06-30,CEDI-11,0010124240,2026063067973,R-20260630-63,42,ACC-004,15
2026-06-30,CEDI-11,0010124240,2026063067973,R-20260630-63,42,TRBT-004,45
2026-06-30,CEDI-11,0460133753,2026063010207,R-20260630-63,28,TRBT-008,15
2026-06-30,CEDI-11,0460133753,2026063010207,R-20260630-63,28,ACC-004,25
2026-06-30,CEDI-11,0460133753,2026063010207,R-20260630-63,28,TRBT-002,45
2026-06-30,CEDI-11,0460133753,2026063010207,R-20260630-63,28,TRBT-007,40
2026-06-30,CEDI-11,0460133753,2026063010207,R-20260630-63,28,CONS-001,50
2026-06-30,CEDI-11,0460133753,2026063010207,R-20260630-63,28,TRBT-006,20
2026-06-30,CEDI-11,0460133753,2026063010207,R-20260630-63,28,ACC-002,15
2026-06-30,CEDI-11,0460133753,2026063010207,R-20260630-63,28,CONS-003,30
2026-06-30,CEDI-11,0460133753,2026063010207,R-20260630-63,28,TRBT-001,10
2026-06-30,CEDI-11,0460133753,2026063010207,R-20260630-63,28,TRBT-010,10
2026-06-30,CEDI-11,0460133753,2026063010207,R-20260630-63,28,TRBT-005,50
2026-06-30,CEDI-11,0460133753,2026063010207,R-20260630-63,28,ACC-003,5
2026-06-30,CEDI-11,0460133753,2026063010207,R-20260630-63,28,CONS-002,15
2026-06-30,CEDI-11,0460133753,2026063010207,R-20260630-63,28,SVC-002,40
2026-06-30,CEDI-11,0460133753,2026063010207,R-20260630-63,28,ACC-001,40
2026-06-30,CEDI-11,0460133753,2026063010207,R-20260630-63,28,TRBT-003,25
2026-06-30,CEDI-11,0460133753,2026063010207,R-20260630-63,28,TRBT-004,45
2026-06-30,CEDI-11,0283209487,2026063085946,R-20260630-63,37,ACC-002,35
2026-06-30,CEDI-11,0283209487,2026063085946,R-20260630-63,37,TRBT-010,35
2026-06-30,CEDI-11,0283209487,2026063085946,R-20260630-63,37,SVC-001,10
2026-06-30,CEDI-11,0283209487,2026063085946,R-20260630-63,37,TRBT-008,25
2026-06-30,CEDI-11,0283209487,2026063085946,R-20260630-63,37,ACC-001,5
2026-06-30,CEDI-11,0283209487,2026063085946,R-20260630-63,37,CONS-003,20
2026-06-30,CEDI-11,0283209487,2026063085946,R-20260630-63,37,TRBT-003,10
2026-06-30,CEDI-11,0827730924,2026063090695,R-20260630-63,9,TRBT-010,50
2026-06-30,CEDI-11,0827730924,2026063090695,R-20260630-63,9,ACC-001,20
2026-06-30,CEDI-11,0827730924,2026063090695,R-20260630-63,9,TRBT-002,45
2026-06-30,CEDI-11,0827730924,2026063090695,R-20260630-63,9,TRBT-003,45
2026-06-30,CEDI-11,0827730924,2026063090695,R-20260630-63,9,ACC-004,5
2026-06-30,CEDI-11,0827730924,2026063090695,R-20260630-63,9,ACC-002,25
2026-06-30,CEDI-11,0956317036,2026063067616,R-20260630-63,2,SVC-001,5
2026-06-30,CEDI-11,0956317036,2026063067616,R-20260630-63,2,TRBT-010,45
2026-06-30,CEDI-11,0956317036,2026063067616,R-20260630-63,2,ACC-001,45
2026-06-30,CEDI-11,0956317036,2026063067616,R-20260630-63,2,TRBT-007,25
2026-06-30,CEDI-11,0956317036,2026063067616,R-20260630-63,2,TRBT-005,50
2026-06-30,CEDI-11,0956317036,2026063067616,R-20260630-63,2,TRBT-006,45
2026-06-30,CEDI-11,0956317036,2026063067616,R-20260630-63,2,CONS-002,50
2026-06-30,CEDI-11,0956317036,2026063067616,R-20260630-63,2,TRBT-008,15
2026-06-30,CEDI-11,0956317036,2026063067616,R-20260630-63,2,TRBT-003,45
2026-06-30,CEDI-11,0956317036,2026063067616,R-20260630-63,2,ACC-002,40
2026-06-30,CEDI-11,0956317036,2026063067616,R-20260630-63,2,SVC-002,15
2026-06-30,CEDI-11,0956317036,2026063067616,R-20260630-63,2,CONS-001,5
2026-06-30,CEDI-11,0956317036,2026063067616,R-20260630-63,2,ACC-004,35
2026-06-30,CEDI-11,0956317036,2026063067616,R-20260630-63,2,TRBT-002,20
2026-06-30,CEDI-11,0956317036,2026063067616,R-20260630-63,2,TRBT-001,50
2026-06-30,CEDI-11,0956317036,2026063067616,R-20260630-63,2,ACC-003,45
2026-06-30,CEDI-11,0956317036,2026063067616,R-20260630-63,2,CONS-003,5
2026-06-30,CEDI-11,0311759215,2026063099935,R-20260630-63,35,SVC-001,20
2026-06-30,CEDI-11,0311759215,2026063099935,R-20260630-63,35,CONS-002,20
2026-06-30,CEDI-11,0311759215,2026063099935,R-20260630-63,35,TRBT-010,25
2026-06-30,CEDI-11,0311759215,2026063099935,R-20260630-63,35,ACC-002,40
2026-06-30,CEDI-11,0311759215,2026063099935,R-20260630-63,35,CONS-001,30
2026-06-30,CEDI-11,0311759215,2026063099935,R-20260630-63,35,TRBT-009,50
2026-06-30,CEDI-11,0311759215,2026063099935,R-20260630-63,35,ACC-003,50
2026-06-30,CEDI-11,0311759215,2026063099935,R-20260630-63,35,TRBT-004,20
2026-06-30,CEDI-11,0311759215,2026063099935,R-20260630-63,35,TRBT-006,25
2026-06-30,CEDI-11,0705610613,2026063017562,R-20260630-63,16,CONS-002,20
2026-06-30,CEDI-11,0705610613,2026063017562,R-20260630-63,16,TRBT-004,20
2026-06-30,CEDI-11,0705610613,2026063017562,R-20260630-63,16,TRBT-009,25
2026-06-30,CEDI-11,0705610613,2026063017562,R-20260630-63,16,SVC-001,20
2026-06-30,CEDI-11,0705610613,2026063017562,R-20260630-63,16,TRBT-002,35
2026-06-30,CEDI-11,0705610613,2026063017562,R-20260630-63,16,TRBT-006,5
2026-06-30,CEDI-11,0606652847,2026063017657,R-20260630-63,23,ACC-004,10
2026-06-30,CEDI-11,0606652847,2026063017657,R-20260630-63,23,TRBT-002,20
2026-06-30,CEDI-11,0606652847,2026063017657,R-20260630-63,23,SVC-002,45
2026-06-30,CEDI-11,0606652847,2026063017657,R-20260630-63,23,CONS-003,25
2026-06-30,CEDI-11,0606652847,2026063017657,R-20260630-63,23,ACC-002,15
2026-06-30,CEDI-11,0606652847,2026063017657,R-20260630-63,23,TRBT-010,15
2026-06-30,CEDI-11,0606652847,2026063017657,R-20260630-63,23,CONS-002,15
2026-06-30,CEDI-11,0606652847,2026063017657,R-20260630-63,23,TRBT-007,20
2026-06-30,CEDI-11,0606652847,2026063017657,R-20260630-63,23,TRBT-003,10
2026-06-30,CEDI-11,0606652847,2026063017657,R-20260630-63,23,TRBT-001,50
2026-06-30,CEDI-11,0606652847,2026063017657,R-20260630-63,23,CONS-001,5
2026-06-30,CEDI-11,0606652847,2026063017657,R-20260630-63,23,ACC-001,40
2026-06-30,CEDI-11,0606652847,2026063017657,R-20260630-63,23,SVC-001,25
2026-06-30,CEDI-11,0606652847,2026063017657,R-20260630-63,23,TRBT-005,5
2026-06-30,CEDI-11,0606652847,2026063017657,R-20260630-63,23,TRBT-004,50
2026-06-30,CEDI-11,0272948425,2026063033380,R-20260630-63,38,ACC-002,50
2026-06-30,CEDI-11,0272948425,2026063033380,R-20260630-63,38,ACC-003,45
2026-06-30,CEDI-11,0272948425,2026063033380,R-20260630-63,38,TRBT-010,40
2026-06-30,CEDI-11,0272948425,2026063033380,R-20260630-63,38,ACC-001,5
2026-06-30,CEDI-11,0272948425,2026063033380,R-20260630-63,38,TRBT-003,30
2026-06-30,CEDI-11,0272948425,2026063033380,R-20260630-63,38,CONS-003,35
2026-06-30,CEDI-11,0272948425,2026063033380,R-20260630-63,38,TRBT-006,20
2026-06-30,CEDI-11,0272948425,2026063033380,R-20260630-63,38,TRBT-004,5
2026-06-30,CEDI-11,0272948425,2026063033380,R-20260630-63,38,ACC-004,10
2026-06-30,CEDI-11,0272948425,2026063033380,R-20260630-63,38,TRBT-001,50
2026-06-30,CEDI-11,0272948425,2026063033380,R-20260630-63,38,SVC-002,45
2026-06-30,CEDI-11,0272948425,2026063033380,R-20260630-63,38,TRBT-007,25
2026-06-30,CEDI-11,0272948425,2026063033380,R-20260630-63,38,CONS-002,5
2026-06-30,CEDI-11,0272948425,2026063033380,R-20260630-63,38,TRBT-005,30
2026-06-30,CEDI-11,0272948425,2026063033380,R-20260630-63,38,TRBT-008,30
2026-06-30,CEDI-11,0272948425,2026063033380,R-20260630-63,38,TRBT-009,25
2026-06-30,CEDI-11,0935572275,2026063068222,R-20260630-63,3,TRBT-010,45
2026-06-30,CEDI-11,0935572275,2026063068222,R-20260630-63,3,ACC-003,40
2026-06-30,CEDI-11,0935572275,2026063068222,R-20260630-63,3,ACC-002,40
2026-06-30,CEDI-11,0935572275,2026063068222,R-20260630-63,3,TRBT-006,35
2026-06-30,CEDI-11,0935572275,2026063068222,R-20260630-63,3,SVC-002,10
2026-06-30,CEDI-11,0935572275,2026063068222,R-20260630-63,3,CONS-002,20
2026-06-30,CEDI-11,0935572275,2026063068222,R-20260630-63,3,TRBT-007,50
2026-06-30,CEDI-11,0935572275,2026063068222,R-20260630-63,3,CONS-003,30
2026-06-30,CEDI-11,0935572275,2026063068222,R-20260630-63,3,TRBT-009,35
2026-06-30,CEDI-11,0935572275,2026063068222,R-20260630-63,3,TRBT-003,35
2026-06-30,CEDI-11,0935572275,2026063068222,R-20260630-63,3,TRBT-002,15
2026-06-30,CEDI-11,0935572275,2026063068222,R-20260630-63,3,TRBT-004,45
2026-06-30,CEDI-11,0935572275,2026063068222,R-20260630-63,3,TRBT-001,45
2026-06-30,CEDI-11,0935572275,2026063068222,R-20260630-63,3,CONS-001,45
2026-06-30,CEDI-11,0935572275,2026063068222,R-20260630-63,3,ACC-001,45
2026-06-30,CEDI-11,0935572275,2026063068222,R-20260630-63,3,SVC-001,35
2026-06-30,CEDI-11,0935572275,2026063068222,R-20260630-63,3,ACC-004,40
2026-06-30,CEDI-11,0935572275,2026063068222,R-20260630-63,3,TRBT-005,45
2026-06-30,CEDI-11,0935572275,2026063068222,R-20260630-63,3,TRBT-008,20
2026-06-30,CEDI-11,0283829360,2026063014907,R-20260630-63,36,TRBT-001,5
2026-06-30,CEDI-11,0283829360,2026063014907,R-20260630-63,36,ACC-004,20
2026-06-30,CEDI-11,0283829360,2026063014907,R-20260630-63,36,ACC-003,30
2026-06-30,CEDI-11,0283829360,2026063014907,R-20260630-63,36,CONS-001,50
2026-06-30,CEDI-11,0283829360,2026063014907,R-20260630-63,36,TRBT-004,20
2026-06-30,CEDI-11,0225032032,2026063088731,R-20260630-63,40,SVC-001,25
2026-06-30,CEDI-11,0225032032,2026063088731,R-20260630-63,40,TRBT-009,20
2026-06-30,CEDI-11,0225032032,2026063088731,R-20260630-63,40,TRBT-002,30
2026-06-30,CEDI-11,0225032032,2026063088731,R-20260630-63,40,TRBT-003,5
2026-06-30,CEDI-11,0225032032,2026063088731,R-20260630-63,40,ACC-004,15
2026-06-30,CEDI-11,0225032032,2026063088731,R-20260630-63,40,CONS-001,25
2026-06-30,CEDI-11,0225032032,2026063088731,R-20260630-63,40,TRBT-005,25
2026-06-30,CEDI-11,0225032032,2026063088731,R-20260630-63,40,TRBT-004,35
2026-06-30,CEDI-11,0225032032,2026063088731,R-20260630-63,40,SVC-002,45
2026-06-30,CEDI-11,0225032032,2026063088731,R-20260630-63,40,TRBT-001,45
2026-06-30,CEDI-12,0535457751,2026063025986,R-20260630-52,20,TRBT-005,40
2026-06-30,CEDI-12,0535457751,2026063025986,R-20260630-52,20,CONS-001,40
2026-06-30,CEDI-12,0535457751,2026063025986,R-20260630-52,20,TRBT-006,10
2026-06-30,CEDI-12,0535457751,2026063025986,R-20260630-52,20,ACC-002,30
2026-06-30,CEDI-12,0535457751,2026063025986,R-20260630-52,20,TRBT-003,25
2026-06-30,CEDI-12,0535457751,2026063025986,R-20260630-52,20,CONS-002,5
2026-06-30,CEDI-12,0535457751,2026063025986,R-20260630-52,20,TRBT-004,45
2026-06-30,CEDI-12,0465148402,2026063026685,R-20260630-52,25,TRBT-007,10
2026-06-30,CEDI-12,0465148402,2026063026685,R-20260630-52,25,SVC-001,50
2026-06-30,CEDI-12,0465148402,2026063026685,R-20260630-52,25,TRBT-001,40
2026-06-30,CEDI-12,0969823497,2026063025572,R-20260630-52,4,TRBT-001,35
2026-06-30,CEDI-12,0969823497,2026063025572,R-20260630-52,4,CONS-002,15
2026-06-30,CEDI-12,0969823497,2026063025572,R-20260630-52,4,CONS-001,30
2026-06-30,CEDI-12,0969823497,2026063025572,R-20260630-52,4,ACC-003,40
2026-06-30,CEDI-12,0969823497,2026063025572,R-20260630-52,4,ACC-001,20
2026-06-30,CEDI-12,0969823497,2026063025572,R-20260630-52,4,CONS-003,40
2026-06-30,CEDI-12,0969823497,2026063025572,R-20260630-52,4,TRBT-002,50
2026-06-30,CEDI-12,0969823497,2026063025572,R-20260630-52,4,TRBT-004,45
2026-06-30,CEDI-12,0969823497,2026063025572,R-20260630-52,4,TRBT-003,10
2026-06-30,CEDI-12,0969823497,2026063025572,R-20260630-52,4,TRBT-006,20
2026-06-30,CEDI-12,0969823497,2026063025572,R-20260630-52,4,SVC-001,10
2026-06-30,CEDI-12,0969823497,2026063025572,R-20260630-52,4,TRBT-005,20
2026-06-30,CEDI-12,0969823497,2026063025572,R-20260630-52,4,ACC-004,10
2026-06-30,CEDI-12,0969823497,2026063025572,R-20260630-52,4,TRBT-008,20
2026-06-30,CEDI-12,0969823497,2026063025572,R-20260630-52,4,TRBT-007,20
2026-06-30,CEDI-12,0290599598,2026063038288,R-20260630-52,30,TRBT-006,50
2026-06-30,CEDI-12,0290599598,2026063038288,R-20260630-52,30,TRBT-002,5
2026-06-30,CEDI-12,0290599598,2026063038288,R-20260630-52,30,CONS-001,25
2026-06-30,CEDI-12,0290599598,2026063038288,R-20260630-52,30,CONS-002,30
2026-06-30,CEDI-12,0290599598,2026063038288,R-20260630-52,30,CONS-003,35
2026-06-30,CEDI-12,0290599598,2026063038288,R-20260630-52,30,ACC-003,50
2026-06-30,CEDI-12,0290599598,2026063038288,R-20260630-52,30,ACC-001,20
2026-06-30,CEDI-12,0290599598,2026063038288,R-20260630-52,30,TRBT-004,40
2026-06-30,CEDI-12,0290599598,2026063038288,R-20260630-52,30,TRBT-005,15
2026-06-30,CEDI-12,0290599598,2026063038288,R-20260630-52,30,TRBT-008,25
2026-06-30,CEDI-12,0290599598,2026063038288,R-20260630-52,30,SVC-002,15
2026-06-30,CEDI-12,0290599598,2026063038288,R-20260630-52,30,TRBT-001,50
2026-06-30,CEDI-12,0290599598,2026063038288,R-20260630-52,30,ACC-002,25
2026-06-30,CEDI-12,0290599598,2026063038288,R-20260630-52,30,SVC-001,50
2026-06-30,CEDI-12,0290599598,2026063038288,R-20260630-52,30,TRBT-003,25
2026-06-30,CEDI-12,0290599598,2026063038288,R-20260630-52,30,TRBT-007,35
2026-06-30,CEDI-12,0290599598,2026063038288,R-20260630-52,30,ACC-004,10
2026-06-30,CEDI-12,0260821610,2026063051215,R-20260630-52,33,TRBT-009,25
2026-06-30,CEDI-12,0260821610,2026063051215,R-20260630-52,33,SVC-001,40
2026-06-30,CEDI-12,0260821610,2026063051215,R-20260630-52,33,TRBT-010,30
2026-06-30,CEDI-12,0260821610,2026063051215,R-20260630-52,33,TRBT-001,20
2026-06-30,CEDI-12,0260821610,2026063051215,R-20260630-52,33,ACC-002,25
2026-06-30,CEDI-12,0260821610,2026063051215,R-20260630-52,33,CONS-002,35
2026-06-30,CEDI-12,0260821610,2026063051215,R-20260630-52,33,SVC-002,45
2026-06-30,CEDI-12,0260821610,2026063051215,R-20260630-52,33,TRBT-007,30
2026-06-30,CEDI-12,0260821610,2026063051215,R-20260630-52,33,TRBT-008,15
2026-06-30,CEDI-12,0260821610,2026063051215,R-20260630-52,33,ACC-001,40
2026-06-30,CEDI-12,0260821610,2026063051215,R-20260630-52,33,ACC-003,5
2026-06-30,CEDI-12,0260821610,2026063051215,R-20260630-52,33,TRBT-002,20
2026-06-30,CEDI-12,0260821610,2026063051215,R-20260630-52,33,CONS-001,25
2026-06-30,CEDI-12,0260821610,2026063051215,R-20260630-52,33,TRBT-003,50
2026-06-30,CEDI-12,0260821610,2026063051215,R-20260630-52,33,CONS-003,45
2026-06-30,CEDI-12,0260821610,2026063051215,R-20260630-52,33,ACC-004,20
2026-06-30,CEDI-12,0260821610,2026063051215,R-20260630-52,33,TRBT-006,25
2026-06-30,CEDI-12,0278380028,2026063081278,R-20260630-52,32,TRBT-008,10
2026-06-30,CEDI-12,0278380028,2026063081278,R-20260630-52,32,TRBT-006,45
2026-06-30,CEDI-12,0278380028,2026063081278,R-20260630-52,32,CONS-002,45
2026-06-30,CEDI-12,0278380028,2026063081278,R-20260630-52,32,TRBT-005,20
2026-06-30,CEDI-12,0466757860,2026063069900,R-20260630-52,24,TRBT-007,30
2026-06-30,CEDI-12,0466757860,2026063069900,R-20260630-52,24,ACC-004,30
2026-06-30,CEDI-12,0466757860,2026063069900,R-20260630-52,24,ACC-003,5
2026-06-30,CEDI-12,0466757860,2026063069900,R-20260630-52,24,SVC-002,35
2026-06-30,CEDI-12,0144334105,2026063072817,R-20260630-52,37,CONS-003,45
2026-06-30,CEDI-12,0144334105,2026063072817,R-20260630-52,37,TRBT-009,20
2026-06-30,CEDI-12,0144334105,2026063072817,R-20260630-52,37,TRBT-003,45
2026-06-30,CEDI-12,0144334105,2026063072817,R-20260630-52,37,TRBT-002,5
2026-06-30,CEDI-12,0144334105,2026063072817,R-20260630-52,37,ACC-001,15
2026-06-30,CEDI-12,0144334105,2026063072817,R-20260630-52,37,TRBT-008,10
2026-06-30,CEDI-12,0144334105,2026063072817,R-20260630-52,37,SVC-001,5
2026-06-30,CEDI-12,0144334105,2026063072817,R-20260630-52,37,ACC-003,10
2026-06-30,CEDI-12,0144334105,2026063072817,R-20260630-52,37,TRBT-010,5
2026-06-30,CEDI-12,0144334105,2026063072817,R-20260630-52,37,CONS-001,5
2026-06-30,CEDI-12,0144334105,2026063072817,R-20260630-52,37,SVC-002,30
2026-06-30,CEDI-12,0144334105,2026063072817,R-20260630-52,37,CONS-002,10
2026-06-30,CEDI-12,0144334105,2026063072817,R-20260630-52,37,ACC-002,15
2026-06-30,CEDI-12,0144334105,2026063072817,R-20260630-52,37,TRBT-006,5
2026-06-30,CEDI-12,0144334105,2026063072817,R-20260630-52,37,ACC-004,25
2026-06-30,CEDI-12,0144334105,2026063072817,R-20260630-52,37,TRBT-005,20
2026-06-30,CEDI-12,0144334105,2026063072817,R-20260630-52,37,TRBT-004,30
2026-06-30,CEDI-12,0144334105,2026063072817,R-20260630-52,37,TRBT-001,50
2026-06-30,CEDI-12,0144334105,2026063072817,R-20260630-52,37,TRBT-007,25
2026-06-30,CEDI-12,0147796565,2026063018173,R-20260630-52,36,SVC-002,5
2026-06-30,CEDI-12,0147796565,2026063018173,R-20260630-52,36,TRBT-009,35
2026-06-30,CEDI-12,0147796565,2026063018173,R-20260630-52,36,CONS-002,20
2026-06-30,CEDI-12,0147796565,2026063018173,R-20260630-52,36,TRBT-003,15
2026-06-30,CEDI-12,0147796565,2026063018173,R-20260630-52,36,ACC-001,35
2026-06-30,CEDI-12,0147796565,2026063018173,R-20260630-52,36,TRBT-004,5
2026-06-30,CEDI-12,0147796565,2026063018173,R-20260630-52,36,TRBT-001,5
2026-06-30,CEDI-12,0147796565,2026063018173,R-20260630-52,36,CONS-001,45
2026-06-30,CEDI-12,0147796565,2026063018173,R-20260630-52,36,TRBT-005,10
2026-06-30,CEDI-12,0147796565,2026063018173,R-20260630-52,36,ACC-004,10
2026-06-30,CEDI-12,0147796565,2026063018173,R-20260630-52,36,TRBT-006,25
2026-06-30,CEDI-12,0147796565,2026063018173,R-20260630-52,36,TRBT-008,30
2026-06-30,CEDI-12,0147796565,2026063018173,R-20260630-52,36,TRBT-002,40
2026-06-30,CEDI-12,0147796565,2026063018173,R-20260630-52,36,SVC-001,50
2026-06-30,CEDI-12,0147796565,2026063018173,R-20260630-52,36,ACC-003,20
2026-06-30,CEDI-12,0147796565,2026063018173,R-20260630-52,36,TRBT-007,20
2026-06-30,CEDI-12,0147796565,2026063018173,R-20260630-52,36,ACC-002,45
2026-06-30,CEDI-12,0147796565,2026063018173,R-20260630-52,36,TRBT-010,5
2026-06-30,CEDI-12,0147796565,2026063018173,R-20260630-52,36,CONS-003,10
2026-06-30,CEDI-12,0566635750,2026063062721,R-20260630-52,18,TRBT-008,20
2026-06-30,CEDI-12,0566635750,2026063062721,R-20260630-52,18,ACC-001,40
2026-06-30,CEDI-12,0566635750,2026063062721,R-20260630-52,18,TRBT-005,10
2026-06-30,CEDI-12,0566635750,2026063062721,R-20260630-52,18,ACC-002,5
2026-06-30,CEDI-12,0566635750,2026063062721,R-20260630-52,18,SVC-001,10
2026-06-30,CEDI-12,0566635750,2026063062721,R-20260630-52,18,SVC-002,35
2026-06-30,CEDI-12,0566635750,2026063062721,R-20260630-52,18,TRBT-003,20
2026-06-30,CEDI-12,0566635750,2026063062721,R-20260630-52,18,CONS-001,35
2026-06-30,CEDI-12,0566635750,2026063062721,R-20260630-52,18,CONS-003,30
2026-06-30,CEDI-12,0566635750,2026063062721,R-20260630-52,18,TRBT-004,35
2026-06-30,CEDI-12,0566635750,2026063062721,R-20260630-52,18,TRBT-007,5
2026-06-30,CEDI-12,0566635750,2026063062721,R-20260630-52,18,ACC-003,35
2026-06-30,CEDI-12,0566635750,2026063062721,R-20260630-52,18,TRBT-010,40
2026-06-30,CEDI-12,0566635750,2026063062721,R-20260630-52,18,TRBT-009,35
2026-06-30,CEDI-12,0191710784,2026063075264,R-20260630-52,35,TRBT-004,30
2026-06-30,CEDI-12,0191710784,2026063075264,R-20260630-52,35,SVC-002,30
2026-06-30,CEDI-12,0191710784,2026063075264,R-20260630-52,35,TRBT-008,30
2026-06-30,CEDI-12,0191710784,2026063075264,R-20260630-52,35,TRBT-007,40
2026-06-30,CEDI-12,0191710784,2026063075264,R-20260630-52,35,TRBT-001,40
2026-06-30,CEDI-12,0191710784,2026063075264,R-20260630-52,35,TRBT-010,20
2026-06-30,CEDI-12,0191710784,2026063075264,R-20260630-52,35,CONS-002,10
2026-06-30,CEDI-12,0191710784,2026063075264,R-20260630-52,35,ACC-002,15
2026-06-30,CEDI-12,0191710784,2026063075264,R-20260630-52,35,CONS-001,45
2026-06-30,CEDI-12,0191710784,2026063075264,R-20260630-52,35,TRBT-006,35
2026-06-30,CEDI-12,0191710784,2026063075264,R-20260630-52,35,ACC-004,15
2026-06-30,CEDI-12,0191710784,2026063075264,R-20260630-52,35,TRBT-003,25
2026-06-30,CEDI-12,0191710784,2026063075264,R-20260630-52,35,CONS-003,30
2026-06-30,CEDI-12,0191710784,2026063075264,R-20260630-52,35,SVC-001,40
2026-06-30,CEDI-12,0191710784,2026063075264,R-20260630-52,35,TRBT-005,50
2026-06-30,CEDI-12,0191710784,2026063075264,R-20260630-52,35,TRBT-002,45
2026-06-30,CEDI-12,0191710784,2026063075264,R-20260630-52,35,TRBT-009,35
2026-06-30,CEDI-12,0191710784,2026063075264,R-20260630-52,35,ACC-003,50
2026-06-30,CEDI-12,0499063168,2026063020156,R-20260630-52,23,ACC-003,40
2026-06-30,CEDI-12,0499063168,2026063020156,R-20260630-52,23,TRBT-001,45
2026-06-30,CEDI-12,0499063168,2026063020156,R-20260630-52,23,TRBT-008,35
2026-06-30,CEDI-12,0499063168,2026063020156,R-20260630-52,23,CONS-003,50
2026-06-30,CEDI-12,0499063168,2026063020156,R-20260630-52,23,TRBT-007,25
2026-06-30,CEDI-12,0499063168,2026063020156,R-20260630-52,23,CONS-002,15
2026-06-30,CEDI-12,0499063168,2026063020156,R-20260630-52,23,ACC-001,50
2026-06-30,CEDI-12,0499063168,2026063020156,R-20260630-52,23,TRBT-005,5
2026-06-30,CEDI-12,0499063168,2026063020156,R-20260630-52,23,SVC-001,40
2026-06-30,CEDI-12,0499063168,2026063020156,R-20260630-52,23,ACC-004,30
2026-06-30,CEDI-12,0499063168,2026063020156,R-20260630-52,23,CONS-001,15
2026-06-30,CEDI-12,0499063168,2026063020156,R-20260630-52,23,ACC-002,30
2026-06-30,CEDI-12,0499063168,2026063020156,R-20260630-52,23,TRBT-004,45
2026-06-30,CEDI-12,0499063168,2026063020156,R-20260630-52,23,TRBT-002,25
2026-06-30,CEDI-12,0499063168,2026063020156,R-20260630-52,23,TRBT-010,35
2026-06-30,CEDI-12,0499063168,2026063020156,R-20260630-52,23,SVC-002,5
2026-06-30,CEDI-12,0499063168,2026063020156,R-20260630-52,23,TRBT-006,15
2026-06-30,CEDI-12,0835876359,2026063066161,R-20260630-52,8,TRBT-002,45
2026-06-30,CEDI-12,0835876359,2026063066161,R-20260630-52,8,CONS-001,40
2026-06-30,CEDI-12,0694817103,2026063067281,R-20260630-52,16,SVC-001,45
2026-06-30,CEDI-12,0694817103,2026063067281,R-20260630-52,16,TRBT-008,5
2026-06-30,CEDI-12,0694817103,2026063067281,R-20260630-52,16,TRBT-005,10
2026-06-30,CEDI-12,0694817103,2026063067281,R-20260630-52,16,SVC-002,30
2026-06-30,CEDI-12,0694817103,2026063067281,R-20260630-52,16,TRBT-006,20
2026-06-30,CEDI-12,0694817103,2026063067281,R-20260630-52,16,ACC-001,5
2026-06-30,CEDI-12,0694817103,2026063067281,R-20260630-52,16,CONS-001,20
2026-06-30,CEDI-12,0834696842,2026063088484,R-20260630-52,9,SVC-002,20
2026-06-30,CEDI-12,0834696842,2026063088484,R-20260630-52,9,ACC-001,50
2026-06-30,CEDI-12,0834696842,2026063088484,R-20260630-52,9,TRBT-010,40
2026-06-30,CEDI-12,0834696842,2026063088484,R-20260630-52,9,CONS-002,40
2026-06-30,CEDI-12,0834696842,2026063088484,R-20260630-52,9,ACC-002,10
2026-06-30,CEDI-12,0834696842,2026063088484,R-20260630-52,9,TRBT-009,50
2026-06-30,CEDI-12,0834696842,2026063088484,R-20260630-52,9,TRBT-008,40
2026-06-30,CEDI-12,0834696842,2026063088484,R-20260630-52,9,TRBT-005,25
2026-06-30,CEDI-12,0984617692,2026063094740,R-20260630-52,1,ACC-004,40
2026-06-30,CEDI-12,0984617692,2026063094740,R-20260630-52,1,CONS-001,45
2026-06-30,CEDI-12,0984617692,2026063094740,R-20260630-52,1,TRBT-001,20
2026-06-30,CEDI-12,0984617692,2026063094740,R-20260630-52,1,SVC-002,5
2026-06-30,CEDI-12,0984617692,2026063094740,R-20260630-52,1,TRBT-005,30
2026-06-30,CEDI-12,0984617692,2026063094740,R-20260630-52,1,ACC-002,45
2026-06-30,CEDI-12,0984617692,2026063094740,R-20260630-52,1,TRBT-007,10
2026-06-30,CEDI-12,0984617692,2026063094740,R-20260630-52,1,TRBT-006,25
2026-06-30,CEDI-12,0984617692,2026063094740,R-20260630-52,1,TRBT-008,50
2026-06-30,CEDI-12,0984617692,2026063094740,R-20260630-52,1,ACC-003,50
2026-06-30,CEDI-12,0984617692,2026063094740,R-20260630-52,1,CONS-002,40
2026-06-30,CEDI-12,0984617692,2026063094740,R-20260630-52,1,TRBT-009,15
2026-06-30,CEDI-12,0984617692,2026063094740,R-20260630-52,1,TRBT-002,5
2026-06-30,CEDI-12,0984617692,2026063094740,R-20260630-52,1,TRBT-003,40
2026-06-30,CEDI-12,0980982424,2026063044529,R-20260630-52,2,TRBT-007,5
2026-06-30,CEDI-12,0980982424,2026063044529,R-20260630-52,2,TRBT-006,40
2026-06-30,CEDI-12,0980982424,2026063044529,R-20260630-52,2,ACC-003,40
2026-06-30,CEDI-12,0980982424,2026063044529,R-20260630-52,2,CONS-003,30
2026-06-30,CEDI-12,0445496680,2026063077659,R-20260630-52,26,ACC-004,50
2026-06-30,CEDI-12,0445496680,2026063077659,R-20260630-52,26,CONS-001,40
2026-06-30,CEDI-12,0445496680,2026063077659,R-20260630-52,26,TRBT-007,45
2026-06-30,CEDI-12,0445496680,2026063077659,R-20260630-52,26,TRBT-005,20
2026-06-30,CEDI-12,0445496680,2026063077659,R-20260630-52,26,SVC-001,5
2026-06-30,CEDI-12,0445496680,2026063077659,R-20260630-52,26,TRBT-009,40
2026-06-30,CEDI-12,0445496680,2026063077659,R-20260630-52,26,TRBT-003,25
2026-06-30,CEDI-12,0445496680,2026063077659,R-20260630-52,26,TRBT-004,25
2026-06-30,CEDI-12,0445496680,2026063077659,R-20260630-52,26,ACC-003,50
2026-06-30,CEDI-12,0564986444,2026063060887,R-20260630-52,19,TRBT-010,45
2026-06-30,CEDI-12,0564986444,2026063060887,R-20260630-52,19,CONS-003,25
2026-06-30,CEDI-12,0564986444,2026063060887,R-20260630-52,19,TRBT-002,30
2026-06-30,CEDI-12,0564986444,2026063060887,R-20260630-52,19,ACC-004,25
2026-06-30,CEDI-12,0564986444,2026063060887,R-20260630-52,19,TRBT-008,25
2026-06-30,CEDI-12,0564986444,2026063060887,R-20260630-52,19,TRBT-001,20
2026-06-30,CEDI-12,0564986444,2026063060887,R-20260630-52,19,TRBT-009,10
2026-06-30,CEDI-12,0564986444,2026063060887,R-20260630-52,19,TRBT-005,20
2026-06-30,CEDI-12,0564986444,2026063060887,R-20260630-52,19,ACC-002,25
2026-06-30,CEDI-12,0564986444,2026063060887,R-20260630-52,19,CONS-002,15
2026-06-30,CEDI-12,0564986444,2026063060887,R-20260630-52,19,ACC-003,50
2026-06-30,CEDI-12,0564986444,2026063060887,R-20260630-52,19,SVC-001,10
2026-06-30,CEDI-12,0564986444,2026063060887,R-20260630-52,19,TRBT-004,20
2026-06-30,CEDI-12,0564986444,2026063060887,R-20260630-52,19,SVC-002,25
2026-06-30,CEDI-12,0801087795,2026063080760,R-20260630-52,11,TRBT-003,5
2026-06-30,CEDI-12,0801087795,2026063080760,R-20260630-52,11,TRBT-009,35
2026-06-30,CEDI-12,0801087795,2026063080760,R-20260630-52,11,CONS-001,40
2026-06-30,CEDI-12,0801087795,2026063080760,R-20260630-52,11,TRBT-002,50
2026-06-30,CEDI-12,0028517156,2026063085461,R-20260630-52,40,CONS-002,45
2026-06-30,CEDI-12,0776147016,2026063063166,R-20260630-52,12,ACC-003,45
2026-06-30,CEDI-12,0776147016,2026063063166,R-20260630-52,12,TRBT-007,10
2026-06-30,CEDI-12,0776147016,2026063063166,R-20260630-52,12,TRBT-005,20
2026-06-30,CEDI-12,0776147016,2026063063166,R-20260630-52,12,TRBT-002,10
2026-06-30,CEDI-12,0776147016,2026063063166,R-20260630-52,12,SVC-001,15
2026-06-30,CEDI-12,0733721436,2026063028088,R-20260630-52,15,TRBT-009,45
2026-06-30,CEDI-12,0733721436,2026063028088,R-20260630-52,15,TRBT-002,45
2026-06-30,CEDI-12,0733721436,2026063028088,R-20260630-52,15,TRBT-001,45
2026-06-30,CEDI-12,0733721436,2026063028088,R-20260630-52,15,TRBT-003,30
2026-06-30,CEDI-12,0733721436,2026063028088,R-20260630-52,15,CONS-002,30
2026-06-30,CEDI-12,0733721436,2026063028088,R-20260630-52,15,CONS-001,5
2026-06-30,CEDI-12,0733721436,2026063028088,R-20260630-52,15,SVC-001,50
2026-06-30,CEDI-12,0733721436,2026063028088,R-20260630-52,15,SVC-002,40
2026-06-30,CEDI-12,0733721436,2026063028088,R-20260630-52,15,ACC-002,35
2026-06-30,CEDI-12,0733721436,2026063028088,R-20260630-52,15,TRBT-007,20
2026-06-30,CEDI-12,0733721436,2026063028088,R-20260630-52,15,TRBT-004,20
2026-06-30,CEDI-12,0733721436,2026063028088,R-20260630-52,15,CONS-003,15
2026-06-30,CEDI-12,0061233438,2026063020312,R-20260630-52,38,ACC-001,25
2026-06-30,CEDI-12,0061233438,2026063020312,R-20260630-52,38,TRBT-009,5
2026-06-30,CEDI-12,0061233438,2026063020312,R-20260630-52,38,CONS-002,15
2026-06-30,CEDI-12,0061233438,2026063020312,R-20260630-52,38,TRBT-003,10
2026-06-30,CEDI-12,0061233438,2026063020312,R-20260630-52,38,ACC-004,15
2026-06-30,CEDI-12,0061233438,2026063020312,R-20260630-52,38,TRBT-010,5
2026-06-30,CEDI-12,0501443908,2026063040464,R-20260630-52,22,SVC-002,15
2026-06-30,CEDI-12,0284342251,2026063061398,R-20260630-52,31,TRBT-003,5
2026-06-30,CEDI-12,0284342251,2026063061398,R-20260630-52,31,TRBT-010,25
2026-06-30,CEDI-12,0284342251,2026063061398,R-20260630-52,31,TRBT-009,10
2026-06-30,CEDI-12,0284342251,2026063061398,R-20260630-52,31,SVC-002,45
2026-06-30,CEDI-12,0284342251,2026063061398,R-20260630-52,31,ACC-003,10
2026-06-30,CEDI-12,0284342251,2026063061398,R-20260630-52,31,TRBT-002,35
2026-06-30,CEDI-12,0284342251,2026063061398,R-20260630-52,31,ACC-004,15
2026-06-30,CEDI-12,0284342251,2026063061398,R-20260630-52,31,ACC-002,10
2026-06-30,CEDI-12,0284342251,2026063061398,R-20260630-52,31,TRBT-001,45
2026-06-30,CEDI-12,0284342251,2026063061398,R-20260630-52,31,TRBT-004,35
2026-06-30,CEDI-12,0844079972,2026063020797,R-20260630-52,7,TRBT-004,40
2026-06-30,CEDI-12,0844079972,2026063020797,R-20260630-52,7,ACC-002,20
2026-06-30,CEDI-12,0844079972,2026063020797,R-20260630-52,7,TRBT-008,5
2026-06-30,CEDI-12,0844079972,2026063020797,R-20260630-52,7,TRBT-010,35
2026-06-30,CEDI-12,0844079972,2026063020797,R-20260630-52,7,SVC-002,50
2026-06-30,CEDI-12,0844079972,2026063020797,R-20260630-52,7,ACC-004,5
2026-06-30,CEDI-12,0844079972,2026063020797,R-20260630-52,7,ACC-001,50
2026-06-30,CEDI-12,0844079972,2026063020797,R-20260630-52,7,TRBT-006,25
2026-06-30,CEDI-12,0844079972,2026063020797,R-20260630-52,7,ACC-003,45
2026-06-30,CEDI-12,0844079972,2026063020797,R-20260630-52,7,CONS-001,25
2026-06-30,CEDI-12,0844079972,2026063020797,R-20260630-52,7,TRBT-001,45
2026-06-30,CEDI-12,0844079972,2026063020797,R-20260630-52,7,TRBT-009,30
2026-06-30,CEDI-12,0844079972,2026063020797,R-20260630-52,7,CONS-003,50
2026-06-30,CEDI-12,0844079972,2026063020797,R-20260630-52,7,TRBT-003,20
2026-06-30,CEDI-12,0874387054,2026063029222,R-20260630-52,6,SVC-001,45
2026-06-30,CEDI-12,0874387054,2026063029222,R-20260630-52,6,TRBT-003,10
2026-06-30,CEDI-12,0874387054,2026063029222,R-20260630-52,6,ACC-003,45
2026-06-30,CEDI-12,0874387054,2026063029222,R-20260630-52,6,TRBT-008,20
2026-06-30,CEDI-12,0874387054,2026063029222,R-20260630-52,6,TRBT-006,50
2026-06-30,CEDI-12,0874387054,2026063029222,R-20260630-52,6,TRBT-007,15
2026-06-30,CEDI-12,0874387054,2026063029222,R-20260630-52,6,TRBT-001,15
2026-06-30,CEDI-12,0874387054,2026063029222,R-20260630-52,6,TRBT-010,45
2026-06-30,CEDI-12,0874387054,2026063029222,R-20260630-52,6,ACC-004,25
2026-06-30,CEDI-12,0874387054,2026063029222,R-20260630-52,6,SVC-002,35
2026-06-30,CEDI-12,0874387054,2026063029222,R-20260630-52,6,CONS-002,45
2026-06-30,CEDI-12,0874387054,2026063029222,R-20260630-52,6,ACC-001,5
2026-06-30,CEDI-12,0874387054,2026063029222,R-20260630-52,6,CONS-001,25
2026-06-30,CEDI-12,0874387054,2026063029222,R-20260630-52,6,CONS-003,5
2026-06-30,CEDI-12,0874387054,2026063029222,R-20260630-52,6,TRBT-002,35
2026-06-30,CEDI-12,0874387054,2026063029222,R-20260630-52,6,TRBT-009,25
2026-06-30,CEDI-12,0874387054,2026063029222,R-20260630-52,6,TRBT-004,45
2026-06-30,CEDI-12,0874387054,2026063029222,R-20260630-52,6,TRBT-005,20
2026-06-30,CEDI-12,0874387054,2026063029222,R-20260630-52,6,ACC-002,30
2026-06-30,CEDI-12,0828423249,2026063019591,R-20260630-52,10,TRBT-010,30
2026-06-30,CEDI-12,0828423249,2026063019591,R-20260630-52,10,TRBT-003,15
2026-06-30,CEDI-12,0828423249,2026063019591,R-20260630-52,10,ACC-004,30
2026-06-30,CEDI-12,0828423249,2026063019591,R-20260630-52,10,CONS-003,5
2026-06-30,CEDI-12,0828423249,2026063019591,R-20260630-52,10,ACC-001,15
2026-06-30,CEDI-12,0828423249,2026063019591,R-20260630-52,10,CONS-001,20
2026-06-30,CEDI-12,0828423249,2026063019591,R-20260630-52,10,ACC-003,25
2026-06-30,CEDI-12,0828423249,2026063019591,R-20260630-52,10,TRBT-009,45
2026-06-30,CEDI-12,0828423249,2026063019591,R-20260630-52,10,TRBT-006,35
2026-06-30,CEDI-12,0828423249,2026063019591,R-20260630-52,10,TRBT-001,35
2026-06-30,CEDI-12,0828423249,2026063019591,R-20260630-52,10,TRBT-005,10
2026-06-30,CEDI-12,0828423249,2026063019591,R-20260630-52,10,TRBT-007,45
2026-06-30,CEDI-12,0828423249,2026063019591,R-20260630-52,10,TRBT-002,10
2026-06-30,CEDI-12,0828423249,2026063019591,R-20260630-52,10,TRBT-008,30
2026-06-30,CEDI-12,0828423249,2026063019591,R-20260630-52,10,ACC-002,30
2026-06-30,CEDI-12,0828423249,2026063019591,R-20260630-52,10,SVC-001,50
2026-06-30,CEDI-12,0828423249,2026063019591,R-20260630-52,10,CONS-002,10
2026-06-30,CEDI-12,0828423249,2026063019591,R-20260630-52,10,SVC-002,20
2026-06-30,CEDI-12,0249866971,2026063034813,R-20260630-52,34,SVC-002,30
2026-06-30,CEDI-12,0249866971,2026063034813,R-20260630-52,34,ACC-003,45
2026-06-30,CEDI-12,0249866971,2026063034813,R-20260630-52,34,TRBT-005,50
2026-06-30,CEDI-12,0249866971,2026063034813,R-20260630-52,34,CONS-001,5
2026-06-30,CEDI-12,0523734886,2026063035392,R-20260630-52,21,TRBT-007,15
2026-06-30,CEDI-12,0523734886,2026063035392,R-20260630-52,21,ACC-002,30
2026-06-30,CEDI-12,0523734886,2026063035392,R-20260630-52,21,ACC-004,25
2026-06-30,CEDI-12,0523734886,2026063035392,R-20260630-52,21,TRBT-009,15
2026-06-30,CEDI-12,0768842636,2026063048923,R-20260630-52,13,TRBT-002,50
2026-06-30,CEDI-12,0768842636,2026063048923,R-20260630-52,13,TRBT-005,20
2026-06-30,CEDI-12,0768842636,2026063048923,R-20260630-52,13,TRBT-001,40
2026-06-30,CEDI-12,0768842636,2026063048923,R-20260630-52,13,CONS-002,35
2026-06-30,CEDI-12,0768842636,2026063048923,R-20260630-52,13,TRBT-008,30
2026-06-30,CEDI-12,0768842636,2026063048923,R-20260630-52,13,ACC-001,15
2026-06-30,CEDI-12,0768842636,2026063048923,R-20260630-52,13,CONS-001,20
2026-06-30,CEDI-12,0768842636,2026063048923,R-20260630-52,13,TRBT-003,5
2026-06-30,CEDI-12,0768842636,2026063048923,R-20260630-52,13,ACC-003,5
2026-06-30,CEDI-12,0768842636,2026063048923,R-20260630-52,13,TRBT-006,15
2026-06-30,CEDI-12,0768842636,2026063048923,R-20260630-52,13,SVC-001,30
2026-06-30,CEDI-12,0768842636,2026063048923,R-20260630-52,13,ACC-002,25
2026-06-30,CEDI-12,0768842636,2026063048923,R-20260630-52,13,CONS-003,30
2026-06-30,CEDI-12,0768842636,2026063048923,R-20260630-52,13,ACC-004,20
2026-06-30,CEDI-12,0901729201,2026063018139,R-20260630-52,5,CONS-001,5
2026-06-30,CEDI-12,0901729201,2026063018139,R-20260630-52,5,ACC-002,35
2026-06-30,CEDI-12,0901729201,2026063018139,R-20260630-52,5,TRBT-003,15
2026-06-30,CEDI-12,0901729201,2026063018139,R-20260630-52,5,ACC-003,45
2026-06-30,CEDI-12,0901729201,2026063018139,R-20260630-52,5,TRBT-007,10
2026-06-30,CEDI-12,0901729201,2026063018139,R-20260630-52,5,CONS-002,5
2026-06-30,CEDI-12,0901729201,2026063018139,R-20260630-52,5,TRBT-008,35
2026-06-30,CEDI-12,0901729201,2026063018139,R-20260630-52,5,TRBT-010,15
2026-06-30,CEDI-12,0901729201,2026063018139,R-20260630-52,5,TRBT-006,50
2026-06-30,CEDI-12,0901729201,2026063018139,R-20260630-52,5,TRBT-009,25
2026-06-30,CEDI-12,0901729201,2026063018139,R-20260630-52,5,TRBT-004,30
2026-06-30,CEDI-12,0637471437,2026063037720,R-20260630-52,17,SVC-001,30
2026-06-30,CEDI-12,0436149716,2026063012662,R-20260630-52,27,TRBT-004,20
2026-06-30,CEDI-12,0436149716,2026063012662,R-20260630-52,27,TRBT-006,20
2026-06-30,CEDI-12,0302515096,2026063053452,R-20260630-52,29,TRBT-005,35
2026-06-30,CEDI-12,0302515096,2026063053452,R-20260630-52,29,SVC-002,15
2026-06-30,CEDI-12,0302515096,2026063053452,R-20260630-52,29,CONS-003,15
2026-06-30,CEDI-12,0302515096,2026063053452,R-20260630-52,29,TRBT-010,5
2026-06-30,CEDI-12,0302515096,2026063053452,R-20260630-52,29,TRBT-004,50
2026-06-30,CEDI-12,0302515096,2026063053452,R-20260630-52,29,ACC-001,30
2026-06-30,CEDI-12,0302515096,2026063053452,R-20260630-52,29,SVC-001,35
2026-06-30,CEDI-12,0302515096,2026063053452,R-20260630-52,29,CONS-002,20
2026-06-30,CEDI-12,0976519756,2026063083848,R-20260630-52,3,TRBT-004,40
2026-06-30,CEDI-12,0976519756,2026063083848,R-20260630-52,3,SVC-001,20
2026-06-30,CEDI-12,0976519756,2026063083848,R-20260630-52,3,ACC-001,5
2026-06-30,CEDI-12,0976519756,2026063083848,R-20260630-52,3,SVC-002,45
2026-06-30,CEDI-12,0976519756,2026063083848,R-20260630-52,3,TRBT-006,40
2026-06-30,CEDI-12,0976519756,2026063083848,R-20260630-52,3,CONS-002,35
2026-06-30,CEDI-12,0976519756,2026063083848,R-20260630-52,3,TRBT-003,50
2026-06-30,CEDI-12,0976519756,2026063083848,R-20260630-52,3,ACC-003,25
2026-06-30,CEDI-12,0976519756,2026063083848,R-20260630-52,3,CONS-003,50
2026-06-30,CEDI-12,0976519756,2026063083848,R-20260630-52,3,TRBT-009,50
2026-06-30,CEDI-12,0976519756,2026063083848,R-20260630-52,3,TRBT-002,15
2026-06-30,CEDI-12,0976519756,2026063083848,R-20260630-52,3,TRBT-010,35
2026-06-30,CEDI-12,0976519756,2026063083848,R-20260630-52,3,CONS-001,35
2026-06-30,CEDI-12,0976519756,2026063083848,R-20260630-52,3,TRBT-008,30
2026-06-30,CEDI-12,0762715178,2026063012150,R-20260630-52,14,TRBT-008,15
2026-06-30,CEDI-12,0762715178,2026063012150,R-20260630-52,14,ACC-001,45
2026-06-30,CEDI-12,0762715178,2026063012150,R-20260630-52,14,CONS-003,25
2026-06-30,CEDI-12,0762715178,2026063012150,R-20260630-52,14,SVC-002,30
2026-06-30,CEDI-12,0762715178,2026063012150,R-20260630-52,14,TRBT-004,45
2026-06-30,CEDI-12,0762715178,2026063012150,R-20260630-52,14,ACC-004,10
2026-06-30,CEDI-12,0762715178,2026063012150,R-20260630-52,14,TRBT-006,15
2026-06-30,CEDI-12,0762715178,2026063012150,R-20260630-52,14,TRBT-005,20
2026-06-30,CEDI-12,0762715178,2026063012150,R-20260630-52,14,TRBT-009,25
2026-06-30,CEDI-12,0762715178,2026063012150,R-20260630-52,14,TRBT-003,10
2026-06-30,CEDI-12,0036594308,2026063093263,R-20260630-52,39,TRBT-002,20
2026-06-30,CEDI-12,0036594308,2026063093263,R-20260630-52,39,TRBT-004,25
2026-06-30,CEDI-12,0036594308,2026063093263,R-20260630-52,39,TRBT-009,35
2026-06-30,CEDI-12,0036594308,2026063093263,R-20260630-52,39,TRBT-001,40
2026-06-30,CEDI-12,0036594308,2026063093263,R-20260630-52,39,TRBT-003,15
2026-06-30,CEDI-12,0036594308,2026063093263,R-20260630-52,39,TRBT-007,20
2026-06-30,CEDI-12,0036594308,2026063093263,R-20260630-52,39,SVC-001,45
2026-06-30,CEDI-12,0036594308,2026063093263,R-20260630-52,39,CONS-001,45
2026-06-30,CEDI-12,0036594308,2026063093263,R-20260630-52,39,ACC-004,30
2026-06-30,CEDI-12,0402173469,2026063033944,R-20260630-52,28,TRBT-008,5
2026-06-30,CEDI-12,0402173469,2026063033944,R-20260630-52,28,TRBT-004,20
2026-06-30,CEDI-12,0402173469,2026063033944,R-20260630-52,28,CONS-003,20
2026-06-30,CEDI-12,0402173469,2026063033944,R-20260630-52,28,TRBT-007,35
2026-06-30,CEDI-12,0402173469,2026063033944,R-20260630-52,28,SVC-001,10
2026-06-30,CEDI-12,0402173469,2026063033944,R-20260630-52,28,ACC-003,10
2026-06-30,CEDI-12,0402173469,2026063033944,R-20260630-52,28,TRBT-002,45
2026-06-30,CEDI-13,0554805087,2026063022560,R-20260630-20,8,ACC-003,35
2026-06-30,CEDI-13,0554805087,2026063022560,R-20260630-20,8,TRBT-009,20
2026-06-30,CEDI-13,0554805087,2026063022560,R-20260630-20,8,TRBT-006,35
2026-06-30,CEDI-13,0104174748,2026063056403,R-20260630-20,17,TRBT-002,50
2026-06-30,CEDI-13,0104174748,2026063056403,R-20260630-20,17,CONS-001,25
2026-06-30,CEDI-13,0104174748,2026063056403,R-20260630-20,17,TRBT-006,35
2026-06-30,CEDI-13,0104174748,2026063056403,R-20260630-20,17,ACC-003,45
2026-06-30,CEDI-13,0104174748,2026063056403,R-20260630-20,17,TRBT-001,40
2026-06-30,CEDI-13,0104174748,2026063056403,R-20260630-20,17,TRBT-010,15
2026-06-30,CEDI-13,0104174748,2026063056403,R-20260630-20,17,ACC-002,15
2026-06-30,CEDI-13,0104174748,2026063056403,R-20260630-20,17,TRBT-008,45
2026-06-30,CEDI-13,0104174748,2026063056403,R-20260630-20,17,CONS-002,20
2026-06-30,CEDI-13,0104174748,2026063056403,R-20260630-20,17,SVC-001,45
2026-06-30,CEDI-13,0104174748,2026063056403,R-20260630-20,17,ACC-001,30
2026-06-30,CEDI-13,0104174748,2026063056403,R-20260630-20,17,TRBT-003,25
2026-06-30,CEDI-13,0104174748,2026063056403,R-20260630-20,17,CONS-003,50
2026-06-30,CEDI-13,0104174748,2026063056403,R-20260630-20,17,TRBT-007,15
2026-06-30,CEDI-13,0104174748,2026063056403,R-20260630-20,17,TRBT-004,5
2026-06-30,CEDI-13,0104174748,2026063056403,R-20260630-20,17,SVC-002,20
2026-06-30,CEDI-13,0104174748,2026063056403,R-20260630-20,17,ACC-004,35
2026-06-30,CEDI-13,0104174748,2026063056403,R-20260630-20,17,TRBT-009,45
2026-06-30,CEDI-13,0104174748,2026063056403,R-20260630-20,17,TRBT-005,25
2026-06-30,CEDI-13,0648818924,2026063075625,R-20260630-20,6,TRBT-008,20
2026-06-30,CEDI-13,0648818924,2026063075625,R-20260630-20,6,ACC-003,15
2026-06-30,CEDI-13,0648818924,2026063075625,R-20260630-20,6,ACC-002,15
2026-06-30,CEDI-13,0648818924,2026063075625,R-20260630-20,6,ACC-001,5
2026-06-30,CEDI-13,0648818924,2026063075625,R-20260630-20,6,SVC-001,35
2026-06-30,CEDI-13,0725354021,2026063014382,R-20260630-20,5,ACC-004,50
2026-06-30,CEDI-13,0725354021,2026063014382,R-20260630-20,5,SVC-002,20
2026-06-30,CEDI-13,0725354021,2026063014382,R-20260630-20,5,CONS-003,30
2026-06-30,CEDI-13,0632955885,2026063070048,R-20260630-20,7,TRBT-001,20
2026-06-30,CEDI-13,0632955885,2026063070048,R-20260630-20,7,TRBT-008,15
2026-06-30,CEDI-13,0632955885,2026063070048,R-20260630-20,7,TRBT-002,5
2026-06-30,CEDI-13,0632955885,2026063070048,R-20260630-20,7,ACC-001,45
2026-06-30,CEDI-13,0632955885,2026063070048,R-20260630-20,7,ACC-002,45
2026-06-30,CEDI-13,0632955885,2026063070048,R-20260630-20,7,ACC-003,40
2026-06-30,CEDI-13,0632955885,2026063070048,R-20260630-20,7,TRBT-003,5
2026-06-30,CEDI-13,0632955885,2026063070048,R-20260630-20,7,ACC-004,40
2026-06-30,CEDI-13,0632955885,2026063070048,R-20260630-20,7,TRBT-010,45
2026-06-30,CEDI-13,0632955885,2026063070048,R-20260630-20,7,CONS-003,25
2026-06-30,CEDI-13,0632955885,2026063070048,R-20260630-20,7,TRBT-007,25
2026-06-30,CEDI-13,0632955885,2026063070048,R-20260630-20,7,TRBT-006,5
2026-06-30,CEDI-13,0141257298,2026063042350,R-20260630-20,14,SVC-001,20
2026-06-30,CEDI-13,0141257298,2026063042350,R-20260630-20,14,TRBT-003,5
2026-06-30,CEDI-13,0141257298,2026063042350,R-20260630-20,14,TRBT-002,15
2026-06-30,CEDI-13,0141257298,2026063042350,R-20260630-20,14,TRBT-009,10
2026-06-30,CEDI-13,0141257298,2026063042350,R-20260630-20,14,TRBT-006,40
2026-06-30,CEDI-13,0141257298,2026063042350,R-20260630-20,14,TRBT-004,50
2026-06-30,CEDI-13,0141257298,2026063042350,R-20260630-20,14,TRBT-005,5
2026-06-30,CEDI-13,0141257298,2026063042350,R-20260630-20,14,CONS-003,5
2026-06-30,CEDI-13,0141257298,2026063042350,R-20260630-20,14,ACC-002,40
2026-06-30,CEDI-13,0141257298,2026063042350,R-20260630-20,14,CONS-002,15
2026-06-30,CEDI-13,0141257298,2026063042350,R-20260630-20,14,TRBT-007,35
2026-06-30,CEDI-13,0141257298,2026063042350,R-20260630-20,14,TRBT-001,50
2026-06-30,CEDI-13,0141257298,2026063042350,R-20260630-20,14,CONS-001,15
2026-06-30,CEDI-13,0141257298,2026063042350,R-20260630-20,14,SVC-002,10
2026-06-30,CEDI-13,0141257298,2026063042350,R-20260630-20,14,ACC-001,20
2026-06-30,CEDI-13,0052908141,2026063057429,R-20260630-20,18,TRBT-008,40
2026-06-30,CEDI-13,0052908141,2026063057429,R-20260630-20,18,ACC-003,30
2026-06-30,CEDI-13,0820091290,2026063010019,R-20260630-20,3,TRBT-002,40
2026-06-30,CEDI-13,0820091290,2026063010019,R-20260630-20,3,TRBT-009,45
2026-06-30,CEDI-13,0820091290,2026063010019,R-20260630-20,3,TRBT-001,40
2026-06-30,CEDI-13,0820091290,2026063010019,R-20260630-20,3,ACC-004,30
2026-06-30,CEDI-13,0820091290,2026063010019,R-20260630-20,3,ACC-002,25
2026-06-30,CEDI-13,0820091290,2026063010019,R-20260630-20,3,TRBT-007,30
2026-06-30,CEDI-13,0820091290,2026063010019,R-20260630-20,3,SVC-001,35
2026-06-30,CEDI-13,0820091290,2026063010019,R-20260630-20,3,TRBT-003,45
2026-06-30,CEDI-13,0820091290,2026063010019,R-20260630-20,3,CONS-001,45
2026-06-30,CEDI-13,0820091290,2026063010019,R-20260630-20,3,ACC-001,15
2026-06-30,CEDI-13,0820091290,2026063010019,R-20260630-20,3,TRBT-008,5
2026-06-30,CEDI-13,0820091290,2026063010019,R-20260630-20,3,SVC-002,35
2026-06-30,CEDI-13,0514804108,2026063057542,R-20260630-20,10,SVC-002,45
2026-06-30,CEDI-13,0514804108,2026063057542,R-20260630-20,10,TRBT-004,20
2026-06-30,CEDI-13,0514804108,2026063057542,R-20260630-20,10,ACC-001,25
2026-06-30,CEDI-13,0514804108,2026063057542,R-20260630-20,10,CONS-003,30
2026-06-30,CEDI-13,0514804108,2026063057542,R-20260630-20,10,SVC-001,40
2026-06-30,CEDI-13,0514804108,2026063057542,R-20260630-20,10,TRBT-001,25
2026-06-30,CEDI-13,0514804108,2026063057542,R-20260630-20,10,TRBT-005,20
2026-06-30,CEDI-13,0514804108,2026063057542,R-20260630-20,10,TRBT-009,20
2026-06-30,CEDI-13,0514804108,2026063057542,R-20260630-20,10,TRBT-002,25
2026-06-30,CEDI-13,0514804108,2026063057542,R-20260630-20,10,TRBT-007,20
2026-06-30,CEDI-13,0514804108,2026063057542,R-20260630-20,10,ACC-002,35
2026-06-30,CEDI-13,0514804108,2026063057542,R-20260630-20,10,CONS-001,5
2026-06-30,CEDI-13,0514804108,2026063057542,R-20260630-20,10,TRBT-008,35
2026-06-30,CEDI-13,0514804108,2026063057542,R-20260630-20,10,ACC-004,10
2026-06-30,CEDI-13,0514804108,2026063057542,R-20260630-20,10,TRBT-006,20
2026-06-30,CEDI-13,0191612768,2026063058463,R-20260630-20,13,TRBT-001,35
2026-06-30,CEDI-13,0191612768,2026063058463,R-20260630-20,13,CONS-003,15
2026-06-30,CEDI-13,0191612768,2026063058463,R-20260630-20,13,TRBT-006,35
2026-06-30,CEDI-13,0191612768,2026063058463,R-20260630-20,13,TRBT-005,40
2026-06-30,CEDI-13,0008398232,2026063077144,R-20260630-20,20,SVC-002,45
2026-06-30,CEDI-13,0008398232,2026063077144,R-20260630-20,20,TRBT-006,50
2026-06-30,CEDI-13,0008398232,2026063077144,R-20260630-20,20,TRBT-008,10
2026-06-30,CEDI-13,0008398232,2026063077144,R-20260630-20,20,ACC-002,5
2026-06-30,CEDI-13,0008398232,2026063077144,R-20260630-20,20,CONS-002,40
2026-06-30,CEDI-13,0008398232,2026063077144,R-20260630-20,20,TRBT-005,5
2026-06-30,CEDI-13,0008398232,2026063077144,R-20260630-20,20,SVC-001,35
2026-06-30,CEDI-13,0008398232,2026063077144,R-20260630-20,20,TRBT-007,20
2026-06-30,CEDI-13,0008398232,2026063077144,R-20260630-20,20,TRBT-003,45
2026-06-30,CEDI-13,0008398232,2026063077144,R-20260630-20,20,TRBT-010,10
2026-06-30,CEDI-13,0008398232,2026063077144,R-20260630-20,20,ACC-003,30
2026-06-30,CEDI-13,0008398232,2026063077144,R-20260630-20,20,TRBT-009,15
2026-06-30,CEDI-13,0008398232,2026063077144,R-20260630-20,20,CONS-003,25
2026-06-30,CEDI-13,0008398232,2026063077144,R-20260630-20,20,ACC-001,40
2026-06-30,CEDI-13,0113966897,2026063093325,R-20260630-20,16,TRBT-010,20
2026-06-30,CEDI-13,0113966897,2026063093325,R-20260630-20,16,ACC-003,20
2026-06-30,CEDI-13,0113966897,2026063093325,R-20260630-20,16,CONS-003,30
2026-06-30,CEDI-13,0113966897,2026063093325,R-20260630-20,16,ACC-004,15
2026-06-30,CEDI-13,0113966897,2026063093325,R-20260630-20,16,CONS-002,20
2026-06-30,CEDI-13,0113966897,2026063093325,R-20260630-20,16,TRBT-009,25
2026-06-30,CEDI-13,0113966897,2026063093325,R-20260630-20,16,CONS-001,40
2026-06-30,CEDI-13,0113966897,2026063093325,R-20260630-20,16,TRBT-004,25
2026-06-30,CEDI-13,0113966897,2026063093325,R-20260630-20,16,ACC-002,15
2026-06-30,CEDI-13,0113966897,2026063093325,R-20260630-20,16,TRBT-006,50
2026-06-30,CEDI-13,0113966897,2026063093325,R-20260630-20,16,SVC-001,25
2026-06-30,CEDI-13,0113966897,2026063093325,R-20260630-20,16,TRBT-005,35
2026-06-30,CEDI-13,0113966897,2026063093325,R-20260630-20,16,TRBT-008,15
2026-06-30,CEDI-13,0113966897,2026063093325,R-20260630-20,16,TRBT-007,45
2026-06-30,CEDI-13,0121636322,2026063083652,R-20260630-20,15,ACC-003,15
2026-06-30,CEDI-13,0121636322,2026063083652,R-20260630-20,15,SVC-002,20
2026-06-30,CEDI-13,0121636322,2026063083652,R-20260630-20,15,ACC-001,10
2026-06-30,CEDI-13,0121636322,2026063083652,R-20260630-20,15,TRBT-004,25
2026-06-30,CEDI-13,0121636322,2026063083652,R-20260630-20,15,CONS-002,35
2026-06-30,CEDI-13,0121636322,2026063083652,R-20260630-20,15,CONS-003,30
2026-06-30,CEDI-13,0121636322,2026063083652,R-20260630-20,15,ACC-002,20
2026-06-30,CEDI-13,0775311522,2026063094818,R-20260630-20,4,TRBT-002,15
2026-06-30,CEDI-13,0775311522,2026063094818,R-20260630-20,4,CONS-002,45
2026-06-30,CEDI-13,0775311522,2026063094818,R-20260630-20,4,ACC-001,35
2026-06-30,CEDI-13,0775311522,2026063094818,R-20260630-20,4,TRBT-003,50
2026-06-30,CEDI-13,0775311522,2026063094818,R-20260630-20,4,ACC-003,45
2026-06-30,CEDI-13,0775311522,2026063094818,R-20260630-20,4,TRBT-005,50
2026-06-30,CEDI-13,0775311522,2026063094818,R-20260630-20,4,SVC-002,30
2026-06-30,CEDI-13,0775311522,2026063094818,R-20260630-20,4,CONS-003,30
2026-06-30,CEDI-13,0775311522,2026063094818,R-20260630-20,4,TRBT-006,25
2026-06-30,CEDI-13,0775311522,2026063094818,R-20260630-20,4,TRBT-004,5
2026-06-30,CEDI-13,0775311522,2026063094818,R-20260630-20,4,ACC-002,10
2026-06-30,CEDI-13,0775311522,2026063094818,R-20260630-20,4,CONS-001,40
2026-06-30,CEDI-13,0348422004,2026063092870,R-20260630-20,12,SVC-002,25
2026-06-30,CEDI-13,0348422004,2026063092870,R-20260630-20,12,TRBT-001,25
2026-06-30,CEDI-13,0348422004,2026063092870,R-20260630-20,12,SVC-001,20
2026-06-30,CEDI-13,0348422004,2026063092870,R-20260630-20,12,TRBT-007,40
2026-06-30,CEDI-13,0348422004,2026063092870,R-20260630-20,12,TRBT-009,15
2026-06-30,CEDI-13,0348422004,2026063092870,R-20260630-20,12,TRBT-008,50
2026-06-30,CEDI-13,0348422004,2026063092870,R-20260630-20,12,ACC-004,20
2026-06-30,CEDI-13,0348422004,2026063092870,R-20260630-20,12,TRBT-010,10
2026-06-30,CEDI-13,0348422004,2026063092870,R-20260630-20,12,ACC-001,35
2026-06-30,CEDI-13,0348422004,2026063092870,R-20260630-20,12,TRBT-002,15
2026-06-30,CEDI-13,0348422004,2026063092870,R-20260630-20,12,CONS-001,45
2026-06-30,CEDI-13,0851632733,2026063098097,R-20260630-20,2,TRBT-003,45
2026-06-30,CEDI-13,0851632733,2026063098097,R-20260630-20,2,TRBT-006,40
2026-06-30,CEDI-13,0851632733,2026063098097,R-20260630-20,2,TRBT-010,10
2026-06-30,CEDI-13,0851632733,2026063098097,R-20260630-20,2,SVC-002,15
2026-06-30,CEDI-13,0851632733,2026063098097,R-20260630-20,2,TRBT-009,15
2026-06-30,CEDI-13,0851632733,2026063098097,R-20260630-20,2,CONS-003,30
2026-06-30,CEDI-13,0851632733,2026063098097,R-20260630-20,2,TRBT-004,5
2026-06-30,CEDI-13,0851632733,2026063098097,R-20260630-20,2,TRBT-005,50
2026-06-30,CEDI-13,0851632733,2026063098097,R-20260630-20,2,CONS-002,15
2026-06-30,CEDI-13,0851632733,2026063098097,R-20260630-20,2,ACC-002,40
2026-06-30,CEDI-13,0919513098,2026063047374,R-20260630-20,1,TRBT-006,15
2026-06-30,CEDI-13,0919513098,2026063047374,R-20260630-20,1,ACC-001,10
2026-06-30,CEDI-13,0919513098,2026063047374,R-20260630-20,1,TRBT-004,40
2026-06-30,CEDI-13,0528500982,2026063031269,R-20260630-20,9,TRBT-004,35
2026-06-30,CEDI-13,0528500982,2026063031269,R-20260630-20,9,TRBT-003,20
2026-06-30,CEDI-13,0528500982,2026063031269,R-20260630-20,9,ACC-001,50
2026-06-30,CEDI-13,0528500982,2026063031269,R-20260630-20,9,TRBT-007,5
2026-06-30,CEDI-13,0528500982,2026063031269,R-20260630-20,9,TRBT-009,15
2026-06-30,CEDI-13,0528500982,2026063031269,R-20260630-20,9,ACC-003,10
2026-06-30,CEDI-13,0528500982,2026063031269,R-20260630-20,9,ACC-004,35
2026-06-30,CEDI-13,0502761389,2026063049207,R-20260630-20,11,TRBT-004,30
2026-06-30,CEDI-13,0502761389,2026063049207,R-20260630-20,11,CONS-003,45
2026-06-30,CEDI-13,0502761389,2026063049207,R-20260630-20,11,SVC-002,15
2026-06-30,CEDI-13,0502761389,2026063049207,R-20260630-20,11,ACC-003,25
2026-06-30,CEDI-13,0502761389,2026063049207,R-20260630-20,11,TRBT-003,30
2026-06-30,CEDI-13,0502761389,2026063049207,R-20260630-20,11,TRBT-005,25
2026-06-30,CEDI-13,0502761389,2026063049207,R-20260630-20,11,TRBT-007,20
2026-06-30,CEDI-13,0502761389,2026063049207,R-20260630-20,11,TRBT-002,40
2026-06-30,CEDI-13,0502761389,2026063049207,R-20260630-20,11,ACC-002,50
2026-06-30,CEDI-13,0502761389,2026063049207,R-20260630-20,11,TRBT-010,25
2026-06-30,CEDI-13,0502761389,2026063049207,R-20260630-20,11,ACC-004,40
2026-06-30,CEDI-13,0502761389,2026063049207,R-20260630-20,11,CONS-001,35
2026-06-30,CEDI-13,0502761389,2026063049207,R-20260630-20,11,CONS-002,10
2026-06-30,CEDI-13,0502761389,2026063049207,R-20260630-20,11,SVC-001,45
2026-06-30,CEDI-13,0502761389,2026063049207,R-20260630-20,11,TRBT-001,30
2026-06-30,CEDI-13,0502761389,2026063049207,R-20260630-20,11,TRBT-006,10
2026-06-30,CEDI-13,0049576256,2026063047126,R-20260630-20,19,ACC-001,45
2026-06-30,CEDI-13,0049576256,2026063047126,R-20260630-20,19,CONS-002,45
2026-06-30,CEDI-13,0049576256,2026063047126,R-20260630-20,19,ACC-003,5
2026-06-30,CEDI-13,0049576256,2026063047126,R-20260630-20,19,TRBT-002,20
2026-06-30,CEDI-13,0049576256,2026063047126,R-20260630-20,19,TRBT-005,50
2026-06-30,CEDI-13,0049576256,2026063047126,R-20260630-20,19,TRBT-001,35
2026-06-30,CEDI-13,0049576256,2026063047126,R-20260630-20,19,TRBT-006,15
2026-06-30,CEDI-13,0049576256,2026063047126,R-20260630-20,19,TRBT-010,50
2026-06-30,CEDI-13,0049576256,2026063047126,R-20260630-20,19,TRBT-003,40
